id,name,host_id,host_identity_verified,host_name,neighbourhood_group,neighbourhood,lat,long,country,country_code,instant_bookable,cancellation_policy,room_type,construction_year,price,service_fee,minimum_nights,number_of_reviews,last_review,reviews_per_month,review_rate_number,calculated_host_listings_count,availability_365,house_rules,neighbourhood_group_clean,drop_reason
4305195,Child-friendly 2BR w/ Yard access and Free Parking,93483201977,verified,Benjamin,Brooklyn,Bedford-Stuyvesant,40.68578,-73.93965,United States,US,true,moderate,Entire home/apt,2022,,152.0,3,207,2019-06-22,3.76,3,1,134,,Brooklyn,invalid/missing price or service_fee
37512232,Live in Harlem close to Columbia U!,18165357654,verified,Mekkie,Manhattan,Harlem,40.80433,-73.958,United States,US,true,moderate,Private room,2015,,71.0,2,13,2021-01-29,0.16,5,2,7,,Manhattan,invalid/missing price or service_fee
54963808,Fire Escape + Roof Views 30-min from Manhattan,55868648571,unconfirmed,Arianna,Brooklyn,Bushwick,40.68643,-73.91552,United States,US,false,moderate,Private room,2017,378.0,,31,1,2018-09-29,0.11,2,1,35,"No drugs, smoking, or guests. Keep the tv volume down when roommates are sleeping. I will only accept offers from guests with previous reviews.",Brooklyn,invalid/missing price or service_fee
21322662,Private room 3 min walking to J train(female only),19717820352,unconfirmed,Viktoriia,Queens,Woodhaven,40.69034,-73.86268,United States,US,false,strict,Private room,,,159.0,2,9,2019-06-24,1.03,3,2,180,,Queens,invalid/missing price or service_fee
21356353,NYC Central Park Lux Hotel w/ Brfast & Dinner incl,72662171933,unconfirmed,Allison,Manhattan,Midtown,40.76531,-73.9789,United States,US,true,strict,Private room,2021,,150.0,3,1,2019-04-17,0.36,5,1,169,"There are only a few rules: 1. Take good care of yourself, any visitors, and the place 2. Absolutely no smoking permitted on the premises including the outside space. The smoke detectors are hard wired and cannot be disabled. 3. Four guest maximum 4. Check in is at 3 pm.  Check out is at 11 am.  The apartment is usually occupied so a late check out or early check in is usually not possible.  There is also no capacity for luggage storage. 5. This apartment is not a party venue.   6. The private park is bordered by the homes of dozens of residents and all sounds echo in this space so please be respectful about noise. 7. Please refer to the ""house manual"" on the Airbnb site for any questions you may have about the apartment 8. If you turn something on i.e. heated towel rack, warming lights, etc,  please make sure to turn it back off.  9. There is usually no one available to accept deliveries and items left at the door are often taken so please no deliveries of packages, fruit, flowers, et",Manhattan,invalid/missing price or service_fee
8512616,Great Affordable Room In Manhattan,8723896222,verified,Jazzy,Manhattan,Harlem,40.82914,-73.94254,United States,US,true,flexible,Private room,2019,,,2,11,2017-07-05,0.28,5,1,169,,Manhattan,invalid/missing price or service_fee
37489036,"Private room in Woodside, 1 min to 7 train 61 St station and LIRR",12616729447,unconfirmed,Kaz,Queens,Woodside,40.74423,-73.902,United States,US,true,moderate,Private room,2015,1150.0,,30,3,2021-02-01,0.17,5,161,315,,Queens,invalid/missing price or service_fee
14465858,Charming apartment (sleeps 2-4) in UES Manhattan,43213689538,unconfirmed,Leah,Manhattan,Upper East Side,40.78271,-73.9454,United States,US,true,strict,Entire home/apt,2022,,226.0,3,2,2018-01-04,0.09,5,1,0,No Smoking & No Pets,Manhattan,invalid/missing price or service_fee
22248869,Spacious Lovely 1B1B in UP Manhattan 4Min to Train,57729040333,verified,Sizhu,Manhattan,Washington Heights,40.83956,-73.94102,United States,US,false,flexible,Entire home/apt,2007,620.0,,1,13,2019-06-21,2.0,4,1,0,"No smoking and please be respectful of our downstairs neighbors when it comes to late night fun!  If you plan to have a party or event, please let us know in advance of booking!",Manhattan,invalid/missing price or service_fee
8438056,Charming Williamsburg apartment,98671818018,verified,Pavel,Brooklyn,Williamsburg,40.71171,-73.96256,United States,US,true,strict,Entire home/apt,2015,,206.0,5,0,,,1,1,402,"We ask that you are respectful of the space you are staying in. Please take off your shoes when you enter to help keep the space clean. Space heaters are available for use but should not be left on if you leave. The space is thickly insulated and sound proof so it retains heat very well. If you use the kitchen, please clean up after yourself. This is not a party house so please be respectful at late hours by not making tons of noise outside.",Brooklyn,invalid/missing price or service_fee
37455345,"1br w/full ba,spacious and private",17235672705,verified,Tijana,Brooklyn,Carroll Gardens,40.6835,-74.00168,United States,US,true,flexible,Private room,2014,819.0,,14,4,2021-02-20,0.09,3,1,0,,Brooklyn,invalid/missing price or service_fee
37237187,"Family haven in trendy Greenpoint, Brooklyn",54902615095,unconfirmed,Mae,Brooklyn,Greenpoint,40.73552,-73.9571,United States,US,false,moderate,Entire home/apt,2018,,200.0,15,4,2021-05-03,0.16,2,1,56,,Brooklyn,invalid/missing price or service_fee
57364656,"☀️Private, cozy & quiet room in Inwood Manhattan☀️",74740790774,unconfirmed,Zhoe,Manhattan,Inwood,40.86857,-73.91577,United States,US,true,flexible,Private room,,1183.0,,4,95,2019-07-01,3.65,2,1,323,"This place is about enjoying good times and the views, great place to take it all in. This is not a good set-up for children ages 1-13.",Manhattan,invalid/missing price or service_fee
37514441,Grand Brooklyn Experience!,6538783653,verified,Victor,Brooklyn,Crown Heights,40.66662,-73.92852,United States,US,false,flexible,Private room,2021,,108.0,5,1,2021-01-28,0.07,2,2,0,,Brooklyn,invalid/missing price or service_fee
37398458,SOHO NEW YORK LUXURY LOFT MID-CENTURY MODERN,250038813,unconfirmed,Fiona,Manhattan,Tribeca,40.72044,-74.00399,United States,US,true,strict,Entire home/apt,2019,1110.0,,21,2,2021-03-17,0.04,3,1,363,,Manhattan,invalid/missing price or service_fee
37449822,"UES area ,Luxury modern quiet private Apt",29047039427,verified,Mey,Manhattan,East Harlem,40.78719,-73.94811,United States,US,false,strict,Entire home/apt,2008,800.0,,6,114,2021-02-22,1.59,2,1,328,,Manhattan,invalid/missing price or service_fee
22246660,Glamorous studio in Chelsea,50589146795,unconfirmed,Jack,Manhattan,Chelsea,40.74941,-73.99589,United States,US,true,moderate,Entire home/apt,2004,611.0,,1,20,2019-07-02,2.74,3,1,355,"No pets, no smoking of any manner or tobacco products allowed.  This is my home and I expect guests to treat it with the same respect and consideration as they would give their own homes.",Manhattan,invalid/missing price or service_fee
18067958,"Quiet, Sunny Bedroom in Lefferts Gardens",98476661565,unconfirmed,Edna,Brooklyn,East Flatbush,40.65381,-73.94893,United States,US,false,moderate,Private room,2005,835.0,,3,19,2019-06-28,2.38,4,2,12,,Brooklyn,invalid/missing price or service_fee
37392935,Spacious  Brownstone Apt. 1100 sqft/deck/ floor2!,62154442011,unconfirmed,Jocelyne,Queens,Ridgewood,40.70925,-73.90122,United States,US,true,flexible,Entire home/apt,2010,302.0,,30,63,2021-03-20,1.15,4,1,57,,Queens,invalid/missing price or service_fee
37491245,Beautiful Guest House For Couples Near JFK and LGA,31332530505,unconfirmed,Federico,Queens,Glendale,40.69553,-73.8982,United States,US,false,moderate,Entire home/apt,2013,373.0,,1,17,2021-02-01,1.02,3,1,0,,Queens,invalid/missing price or service_fee
8463461,Peaceful Artist Bedroom—Just 30 Min to Manhattan!,78613255533,verified,Ksenia & Masha,Brooklyn,Bedford-Stuyvesant,40.67762,-73.9159,United States,US,true,flexible,Private room,2020,,171.0,3,69,2019-01-19,1.7,5,6,269,"Please be respectful, Thank you !",Brooklyn,invalid/missing price or service_fee
37452031,Studio In Williamsburg w/ Amazing View Waterfront,95005066310,verified,Jason,Brooklyn,Williamsburg,40.71042,-73.96674,United States,US,true,moderate,Entire home/apt,2019,1125.0,,2,62,2021-02-21,0.92,4,1,0,,Brooklyn,invalid/missing price or service_fee
38461084,Bright Williamsburg Oversized Loft-like Space!,20938312151,verified,N-And-A,Brooklyn,Williamsburg,40.71536,-73.95071,United States,US,false,flexible,Entire home/apt,2019,659.0,,30,53,2020-03-12,0.8,3,1,0,,Brooklyn,invalid/missing price or service_fee
37255965,Big Private Room # 3,4256339557,verified,Masud,Brooklyn,Cypress Hills,40.68693,-73.87378,United States,US,true,moderate,Private room,2008,,12.0,30,1,2021-05-01,0.1,5,3,218,,Brooklyn,invalid/missing price or service_fee
54973749,New York home ferry ride from Manhattan.,83059059118,verified,Pariis,Staten Island,Tompkinsville,40.63183,-74.09268,United States,US,false,strict,Private room,2022,,88.0,2,1,2018-11-04,0.12,4,1,0,,Staten Island,invalid/missing price or service_fee
14463649,Upper west side - perfect feel at home place.,81956621135,unconfirmed,John,Manhattan,Upper West Side,40.78526,-73.97633,United States,US,true,strict,Private room,2021,,218.0,1,8,2018-11-08,0.35,1,2,90,,Manhattan,invalid/missing price or service_fee
4251622,"New Apt near Central Park, Broadway, Museums",88766206910,verified,Angela,Manhattan,Upper East Side,40.76051,-73.96083,United States,US,true,flexible,Entire home/apt,2019,,144.0,3,62,2019-05-28,1.1,2,1,13,"The rules of the house are pretty basic: treat it like your own and please keep things tidy.  Like any city apartment, the walls can be a bit thin, so guests are encouraged to keep things to a reasonable volume and be respectful of my neighbors. I have some pretty annoying allergies, so no pets are allowed.",Manhattan,invalid/missing price or service_fee
4675236,BROOKLYN Authentic artsy LOFT :),25973871906,verified,Kasia,Brooklyn,Williamsburg,40.71234,-73.96601,United States,US,false,strict,Private room,2009,1119.0,,1,0,,,1,1,175,,Brooklyn,invalid/missing price or service_fee
37426626,Two Bedroom Near Columbia U/Morningside Park,80738572697,unconfirmed,Arthur,Manhattan,Harlem,40.8036,-73.95618,United States,US,false,strict,Entire home/apt,2018,,142.0,30,2,2021-03-04,0.15,5,2,70,,Manhattan,invalid/missing price or service_fee
37493454,Room in My Apt. Rego Park Queens NY,19149226605,verified,King,Queens,Rego Park,40.72451,-73.85828,United States,US,true,strict,Private room,2009,1139.0,,4,84,2021-01-31,0.81,2,1,3,,Queens,invalid/missing price or service_fee
37428835,Private Room in Beautiful Soho NYC,85034570657,verified,Jon,Manhattan,SoHo,40.72603,-74.00268,United States,US,true,moderate,Private room,2007,,140.0,4,105,2021-03-02,2.13,2,2,0,,Manhattan,invalid/missing price or service_fee
21457423,BEST LOCATION!! Whole Apartment with Backyard!!,93755796285,verified,Vince,Manhattan,Lower East Side,40.71489,-73.98511,United States,US,false,flexible,Entire home/apt,2020,,184.0,2,6,2019-06-08,0.92,3,3,83,No smoking in condo or hallways of building.  No parties.  Well-behaved pets OK.  Quiet and respectful of our neighbors.,Manhattan,invalid/missing price or service_fee
37356484,2BR XL Loft: Cleaning CDC guidelines implemented,57805538701,verified,Vida,Brooklyn,Greenpoint,40.72746,-73.94016,United States,US,true,moderate,Entire home/apt,2019,1116.0,,30,6,2021-03-31,0.07,4,28,248,,Brooklyn,invalid/missing price or service_fee
55000259,Shared room with bunk beds in Bensonhurst,53051608711,unconfirmed,Dan,Brooklyn,Gravesend,40.60059,-73.98818,United States,US,true,moderate,Shared room,2016,,193.0,3,2,2019-04-03,0.32,5,4,50,"We expect respect during the workweek as any other working professional would! Otherwise enjoy have fun, go out and enjoy what Boston has to offer. Also for Parties and events we love to have everything pre-cleared with us. Thanks!",Brooklyn,invalid/missing price or service_fee
8457938,Futon in Brooklyn near subway,500740808,unconfirmed,Katherine,Brooklyn,Crown Heights,40.67114,-73.93561,United States,US,false,strict,Shared room,2011,,177.0,1,0,,,4,1,198,,Brooklyn,invalid/missing price or service_fee
37258174,Prospect park HD TV room on Franklin Ave -#197,51872419283,verified,Eugene,Brooklyn,Crown Heights,40.67305,-73.95912,United States,US,false,strict,Private room,2013,,96.0,90,1,2021-05-01,0.1,4,218,277,,Brooklyn,invalid/missing price or service_fee
8510407,Spacious railroad style 3 bedroom apt in Manhattan,98214625475,verified,Victor,Manhattan,East Harlem,40.79805,-73.93943,United States,US,false,flexible,Entire home/apt,2016,,,4,24,2019-05-24,0.56,4,2,-2,,Manhattan,invalid/missing price or service_fee
37322793,New location/ Bushwick BK / Big Room w TV in Bsmt,29677222412,verified,Ming,Brooklyn,Bushwick,40.69822,-73.93097,United States,US,true,moderate,Private room,2007,,197.0,3,1,2021-04-09,0.09,3,4,60,,Brooklyn,invalid/missing price or service_fee
37229455,Brooklyn Sunrise,89932654509,verified,Antonio,Brooklyn,Bedford-Stuyvesant,40.6805,-73.91205,United States,US,true,strict,Private room,2016,917.0,,1,6,2021-05-07,0.24,2,5,61,,Brooklyn,invalid/missing price or service_fee
54969331,Beautiful private room in luxury building,35464428133,unconfirmed,Jonathan,Brooklyn,Williamsburg,40.71239,-73.95271,United States,US,true,strict,Private room,2012,,166.0,4,2,2018-09-08,0.19,5,1,0,,Brooklyn,invalid/missing price or service_fee
37371948,Renovated  modern 1 bedroom,11921284289,unconfirmed,D. Rp,Manhattan,East Harlem,40.78854,-73.94745,United States,US,false,strict,Entire home/apt,2020,,26.0,30,19,2021-03-29,0.54,5,1,365,,Manhattan,invalid/missing price or service_fee
54971540,Grand 2 bed Apartment in Heart of Harlem,68875340739,verified,Alli,Manhattan,East Harlem,40.80226,-73.93583,United States,US,true,strict,Entire home/apt,2012,,59.0,3,27,2019-06-28,2.53,2,2,128,This is two bedroom located in the heart of Brighton. It takes you to downtown by T within 20 minutes. The T is super close. The house rules are kind of very simple just please no smoking inside the house and no partying. No additional guest ($30 USD will be charged for per person if you have your guests) Shoes off please,Manhattan,invalid/missing price or service_fee
54994736,Bedroom available 20 mins to Manhattan!!,77786298140,verified,Eibhlin,Brooklyn,Bedford-Stuyvesant,40.68977,-73.92723,United States,US,true,moderate,Private room,2013,104.0,,30,0,,,5,5,214,Guests are encouraged to feel at home but be respectful and gentle.  A welcome sheet is provided in your room with useful information,Brooklyn,invalid/missing price or service_fee
45067144,"Charming, small and cozy",30529609513,verified,Ashley,Brooklyn,East Flatbush,40.63676,-73.95033,United States,US,false,moderate,Private room,2004,,,2,0,,,1,1,0,,Brooklyn,invalid/missing price or service_fee
8461252,Studio next to Washington Sq Park,85838546793,unconfirmed,Yue,Manhattan,Greenwich Village,40.73009,-73.99965,United States,US,false,flexible,Entire home/apt,2012,,55.0,5,1,2016-01-02,0.02,5,1,424,#NAME?,Manhattan,invalid/missing price or service_fee
37447613,Charming Private 2 Bedroom Apartment (2nd Floor)!!,6582939030,verified,Peter,Brooklyn,East New York,40.67411,-73.87386,United States,US,false,moderate,Entire home/apt,2021,731.0,,2,2,2021-02-24,0.15,5,1,0,,Brooklyn,invalid/missing price or service_fee
14494577,Beautiful Williamsburg Loft 1/2 Block from Subway!,97379769346,verified,Susan,Brooklyn,Williamsburg,40.71493,-73.94502,United States,US,true,moderate,Private room,2021,,142.0,1,9,2017-10-07,0.38,5,1,0,,Brooklyn,invalid/missing price or service_fee
14437690,"Sun filled 1 bedroom, 20 minutes from Manhattan",53329589133,unconfirmed,Linda,Queens,Astoria,40.77017,-73.92536,United States,US,false,strict,Private room,2008,,36.0,3,23,2019-05-11,1.03,4,1,0,I like my guests to enjoy my home as much as I do. So please feel to treat it like your home as long as you are respectful and clean up after yourself. No smoking or pets please.,Queens,invalid/missing price or service_fee
10989129,nice room in bedstuy G,40784233286,verified,Randy,Brooklyn,Bedford-Stuyvesant,40.68403,-73.94979,United States,US,true,flexible,Private room,2022,,118.0,1,87,2019-07-02,2.5,1,15,305,Smoking whatever is your preference is ok on the decks.  Please use ashtrays and dispose of debris.    Clean up after your pet but feel free to use the yard for bathroom activities.,Brooklyn,invalid/missing price or service_fee
21584452,1 bedroom apartment across the Central Park,85279164015,verified,Ana,Manhattan,Upper West Side,40.79487,-73.96304,United States,US,false,flexible,Private room,2006,,,3,3,2019-04-15,0.38,4,1,5,,Manhattan,invalid/missing price or service_fee
21392804,Very comfortable and clean,17824528534,verified,Vinroy,Bronx,Unionport,40.82598,-73.85203,United States,US,true,flexible,Private room,2011,,17.0,7,0,,,3,1,180,Enjoy the space responsibly. It's a quiet family-owned building on a very busy street. Only Airbnb-vetted individuals allowed in the house - for our security as well as our neighbors - we want to keep our space safe! No smoking or pets (sorry!) Please return space as you found it.,Bronx,invalid/missing price or service_fee
21514310,Cozy private room!,94384441339,verified,Jay And Josh,Brooklyn,Bedford-Stuyvesant,40.69651,-73.94763,United States,US,false,flexible,Private room,2014,614.0,,2,18,2019-06-24,2.7,2,3,338,"House Rules 1. Check-in is 4 pm local time. If the unit is ready earlier, we’ll let you know. Check-out is normally 11 am local time, but we’d be happy to extend it as long as we don’t have a cleaning scheduled. Just let us know.  2. All bookings require a security deposit of at least $300, which will be refunded within 7 days of your check-out. 3. For security measures we require all guests to provide proof of identification through ID verification on our own website. In order to check in we'll need a photo of your ID.  4. Our cancellation policy is as shown on our ad and defined by the site you are booking through.  5. Don’t let $300 go up in smoke. There's no smoking allowed in any Flatbook and a $300 fine for breaking this rule.  6. Unfortunately we don’t allow pets in any of our apartments. 7. Unless you’re staying in one of our specialty apartments, we don’t allow parties or excessive noise. 8. If we find the place very messy, we have to charge an extra $40 for every extra hour o",Brooklyn,invalid/missing price or service_fee
14401239,Charming Luxury Apartment in Central Manhattan,89479457681,unconfirmed,Bilal,Manhattan,Midtown,40.74724,-73.98924,United States,US,true,moderate,Entire home/apt,2019,,105.0,3,1,2019-05-18,0.58,4,1,180,No Smoking No Pets,Manhattan,invalid/missing price or service_fee
17042890,Cozy Room in East Williamsburg,1523037781,unconfirmed,Mikayla,Brooklyn,Williamsburg,40.70683,-73.94323,United States,US,false,strict,Private room,2020,90.0,,30,0,,,4,1,0,-Quiet hours after 10 pm -Lock the front door when exiting and entering the property,Brooklyn,invalid/missing price or service_fee
37282475,10min Express train(E&F) No Kitchen +AC included,6317951487,verified,Momoyo,Queens,Woodside,40.74251,-73.89761,United States,US,true,flexible,Private room,2014,299.0,,30,2,2021-04-24,0.06,5,126,57,,Queens,invalid/missing price or service_fee
37352617,Owner duplex in Bedstuy Townhouse with full yard,23124467677,unconfirmed,Bridget,Brooklyn,Bedford-Stuyvesant,40.6895,-73.95501,United States,US,false,flexible,Entire home/apt,2010,1138.0,,15,3,2021-04-01,0.11,4,2,0,,Brooklyn,invalid/missing price or service_fee
18065749,Apartment in the heart of Williamsburg,87156381600,verified,Matthieu,Brooklyn,Williamsburg,40.71449,-73.96265,United States,US,true,moderate,Entire home/apt,2013,379.0,,2,13,2019-01-27,0.82,2,1,0,For your privacy host will not greet you unless you want to meet host. The apartment is separated in two by a long hallway and black room divider. Guest are NOT  allowed to go past the black room divider. 1) Upon arrival ring door bell and someone will buzz to unlock and let you into the apartment building.  2) Walk into the apartment.  3) Directly ahead will be your room. The light switch is in the room on the right of the room door . Also above light switch is the heat thermometer for the room and a air conditioner in the window. 4) Keep room door closed. 5) Pick up the keys that are in the Lotus leaf bowl on top of the desk next to the lamp. 6) keys to the lobby door (large key) apartment door (medium key) and room (small key) 7) The bathroom is directly on the left of the room. 8) Keep bathroom door closed when your occupied in there. 9) The microwave and refrigerator are in the closet. 10) Toiletries are in the closet and are for your use. 11) Cold water bottles in the refrigerato,Brooklyn,invalid/missing price or service_fee
14495682,,19069358287,verified,Kyle,Brooklyn,Bushwick,40.69935,-73.93872,United States,US,true,strict,Private room,2018,,199.0,1,3,2017-07-27,0.13,1,2,0,"Respect yourself, respect others, clean up after yourself. No smoking or drinking in the apt. Late check in after 9 p.m. and before 9 A.m. is $50, lock out is $50. Thank you ",Brooklyn,invalid/missing price or service_fee
18069063,Cozy private room / Williamsburg / L train,96046104365,unconfirmed,Sergii,Brooklyn,Greenpoint,40.72029,-73.94,United States,US,false,moderate,Private room,2018,699.0,,30,1,2019-03-31,0.3,4,10,341,Absolutely no smoking and no pets,Brooklyn,invalid/missing price or service_fee
37280266,Brooklyn Bay: Full spacious Unique trendy loft,42988631934,verified,Avigdor,Brooklyn,Bath Beach,40.60799,-74.00977,United States,US,false,moderate,Entire home/apt,2007,726.0,,10,1,2021-04-25,0.1,2,2,180,,Brooklyn,invalid/missing price or service_fee
37394040,Pre-war 1BR steps from Central Park w/ 75” TV,92174695965,unconfirmed,Pragya,Manhattan,Upper East Side,40.76431,-73.96817,United States,US,false,flexible,Entire home/apt,2015,1099.0,,7,7,2021-03-20,0.33,2,1,0,,Manhattan,invalid/missing price or service_fee
55001364,Quiet and modern Williamsburg garden 1BR,90166181912,verified,Celia,Brooklyn,Williamsburg,40.71295,-73.94459,United States,US,true,moderate,Entire home/apt,2015,,29.0,3,22,2019-06-16,1.98,5,1,98,"No pets, no smoking of any manner or tobacco products allowed.  This is my home and I expect guests to treat it with the same respect and consideration as they would give their own homes.",Brooklyn,invalid/missing price or service_fee
4658114,SOHO GALLERY,78350813102,verified,Indi,Manhattan,Tribeca,40.71883,-74.00357,United States,US,true,strict,Entire home/apt,2016,499.0,,1,2,2016-10-19,0.05,4,1,266,,Manhattan,invalid/missing price or service_fee
21530879,Amazing Bedroom in Brooklyn Him-1R-3,88568654985,unconfirmed,Nina,Brooklyn,Bushwick,40.70156,-73.91913,United States,US,true,flexible,Private room,2017,,,30,0,,,2,17,268,"- No smoking, no pets - No parties and please be quiet after 11pm - Fireplace is functional, but for safety reasons please do not use it - If you use the elevator, please close the inner door after you, otherwise other people won't be able to use it - Take your shoes off when you enter the apartment, you can place them into the closet next to the entrance door",Brooklyn,invalid/missing price or service_fee
37373053,Spacious Newly Renovated Brooklyn Apartment,19494619079,unconfirmed,Paige,Brooklyn,Crown Heights,40.66706,-73.93452,United States,US,true,flexible,Entire home/apt,2010,,22.0,1,8,2021-03-29,0.54,2,1,0,,Brooklyn,invalid/missing price or service_fee
37323898,"Enormous, bright, and chic Williamsburg loft",20445123146,unconfirmed,Adam,Brooklyn,Williamsburg,40.72047,-73.95517,United States,US,true,moderate,Entire home/apt,2015,,63.0,14,1,2021-04-08,0.09,5,1,33,,Brooklyn,invalid/missing price or service_fee
37474123,Near the station! Easy apartment in woodside,85415541445,verified,Shogo,Queens,Woodside,40.74788,-73.89816,United States,US,true,flexible,Private room,2004,,204.0,30,1,2021-02-11,0.08,5,125,54,,Queens,invalid/missing price or service_fee
37375262,"Hotel Hendricks, Deluxe King",18777943848,unconfirmed,Hotel Hendricks,Manhattan,Midtown,40.75178,-73.98428,United States,US,true,flexible,Private room,2011,,105.0,1,15,2021-03-28,0.7,3,6,0,,Manhattan,invalid/missing price or service_fee
55003573,Flatiron Penthouse,77242696688,unconfirmed,Ben,Manhattan,Gramercy,40.73801,-73.98815,United States,US,true,flexible,Entire home/apt,2008,,112.0,4,2,2018-12-04,0.25,3,1,0,,Manhattan,invalid/missing price or service_fee
1082524,Retreat in Williamsburg,22731046418,verified,Abraham,Brooklyn,Williamsburg,40.71492,-73.95935,United States,US,true,strict,Entire home/apt,2007,,64.0,4,240,2019-06-17,2.19,3,1,337,"Leave shoes by door No strong scents (perfumes, hair sprays, etc.) No events, drunkenness, or loud music No noise in the stairway",Brooklyn,invalid/missing price or service_fee
37471914,Stylish Apt in Heart of Ft. Greene,16546620512,unconfirmed,Amy,Brooklyn,Fort Greene,40.6877,-73.97491,United States,US,false,moderate,Entire home/apt,2014,,152.0,14,7,2021-02-11,0.08,2,1,129,,Brooklyn,invalid/missing price or service_fee
8415411,Lovely West Village Studio,57448587967,verified,Adrian,Manhattan,West Village,40.73454,-74.00141,United States,US,false,strict,Entire home/apt,2004,1040.0,,1,0,,,3,1,417,#NAME?,Manhattan,invalid/missing price or service_fee
14438795,Cozy room in Nolita,86261546085,unconfirmed,Dorothea,Manhattan,Little Italy,40.71885,-73.99514,United States,US,false,strict,Private room,2006,,144.0,7,14,2018-12-13,0.62,4,1,64,"- No Pets! - No Party! - No Smoking! - Keep the Place Clean at All Times! - Do Not Ask the ""Neighbors"" for anything.  Ask Me!-  - No Neighbors Interaction! - No ""Drugs"" Please!!!No Noise!",Manhattan,invalid/missing price or service_fee
38462740,Townhouse with  private bathroom and lush backyard,60640732223,unconfirmed,Jeffery,Brooklyn,Crown Heights,40.67249,-73.92292,United States,US,true,strict,Private room,2004,1088.0,,3,19,2020-03-12,0.33,4,1,0,,Brooklyn,invalid/missing price or service_fee
37517755,Manhattan Studio Apartment: 2 Adults $125,40364333053,verified,Judith,Manhattan,East Harlem,40.7904,-73.94896,United States,US,true,strict,Entire home/apt,2019,,229.0,2,137,2021-01-25,1.23,3,1,63,,Manhattan,invalid/missing price or service_fee
8485553,Family Room/Kitchen/Shared Bathroom,39356947444,unconfirmed,Jennifer,Manhattan,Harlem,40.79933,-73.95296,United States,US,false,moderate,Private room,2003,,18.0,1,7,2019-06-23,0.16,4,5,260,,Manhattan,invalid/missing price or service_fee
21582243,♀ New Sunny Furnished Room near Express Subway,470814064,unconfirmed,Dee,Brooklyn,Bedford-Stuyvesant,40.67954,-73.93276,United States,US,true,strict,Private room,2007,,,15,0,,,5,14,0,- Please keep volume to a minimum past 11pm - No smoking -No parties or unexpected guests,Brooklyn,invalid/missing price or service_fee
1118424,"NOHO/EAST VILLAGE, PRIVATE 1/2 BATH",62325020363,,Perkins,Manhattan,NoHo,40.72773,-73.99134,United States,US,true,flexible,Private room,2016,,151.0,2,115,2018-12-05,1.17,2,1,192,"SMOKING: Not allowed anywhere on the property! Violation of this rule WILL result in an added cleaning fee. DOORS: Doors to the condo and building are to remain CLOSED and LOCKED at all times. PARKING: If you need a space to park, please let me know immediately! I have one space available and it can accommodate 1-car only. The street is parking by permit only.  You will be ticketed if you try to park there during the day (MON - FRI). There is a pay lot at the end of my street if you are traveling with two cars. The cost is under $10 a day. NOISE: Please be respectful of the community and my neighbors and keep noise levels to a minimum at all times. KITCHEN:  Anything in the kitchen (spices, oils, things in the fridge, etc.) are yours to use. TOWELS & LINENS: The condo has plenty of towels and linens. Please be conscious of the environment and try to limit the amount of towels you use during your stay.",Manhattan,invalid/missing price or service_fee
8459043,"Cozy 1-Bd, Bushwick (L/M/J train)",85063515858,verified,Roxanne,Brooklyn,Bushwick,40.69611,-73.91891,United States,US,false,flexible,Entire home/apt,2005,,123.0,31,1,2016-11-03,0.03,5,1,327,Please be respectful and courteous of other house guests.   Please keep all common areas clean after each use i.e. kitchen and bathroom. No smoking  No pets No parties No back yard access,Brooklyn,invalid/missing price or service_fee
37494559,"Safe, Quiet and Bright near Subways has 2 beds",13621517173,verified,Michael,Manhattan,Chelsea,40.74857,-73.99708,United States,US,false,flexible,Entire home/apt,2003,293.0,,75,17,2021-01-31,0.19,2,20,276,,Manhattan,invalid/missing price or service_fee
22249974,Zenful and artistic apartment home,88163941427,unconfirmed,Stephanie,Brooklyn,Bedford-Stuyvesant,40.68824,-73.95047,United States,US,true,flexible,Private room,2017,616.0,,1,3,2019-01-01,0.43,4,1,0,"No Pets, No Smoking",Brooklyn,invalid/missing price or service_fee
2200379,New York City - Upper West Side Apt,74896318278,verified,Greta,Manhattan,Upper West Side,40.79962,-73.96523,United States,US,false,strict,Private room,2018,891.0,,7,70,2018-08-12,0.93,2,1,22,"No smoking No pets  No parties No extra guest No loud music No opening of windows Please be aware: This is an old fashioned building, the elevator is small and slow There is no central AC, but 2 efficient window units This is downtown Boston, you may hear some noise of people in the streets",Manhattan,invalid/missing price or service_fee
8417620,Private room in Upper West Side Apt,77612863044,verified,Johanna,Manhattan,Upper West Side,40.79954,-73.9626,United States,US,true,flexible,Private room,2005,72.0,,12,0,,,3,1,309,,Manhattan,invalid/missing price or service_fee
8428666,Sweet and affordable nook in bk,87183151043,verified,Isidora,Brooklyn,Bedford-Stuyvesant,40.68729,-73.95556,United States,US,false,strict,Private room,2021,529.0,,1,1,2016-01-06,0.02,3,1,177,Shoes must be removed after entering the house. The cats are strictly indoor. No smoking,Brooklyn,invalid/missing price or service_fee
17044546,A Lovely 1 Bedroom Apartment Near Transportation !,48452830967,unconfirmed,Blandine,Brooklyn,East Flatbush,40.65145,-73.94553,United States,US,false,strict,Entire home/apt,2014,920.0,,2,83,2019-07-01,4.43,4,1,346,"**We would love to hear a bit about you and what brings you to Boston before accepting any reservations. Please make sure your profile is filled out (including a clear picture of you), and your online and offline verifications are complete before you submit a reservation request so we have an idea of who you are.** Please be respectful of my home and other guests - clean up after yourself, keep your toiletries neat in the shared bathroom or leave them in your room, no smoking indoors, and please remove your shoes upon entering.   I have coffee and tea for guests, and will leave out some basic breakfast items like snack bars and fresh fruit, however if you are planning on using the kitchen during your stay I ask that you provide your own food and drink.   Please do not bring additional guests home without express prior permission from the host.  Sorry, no pets allowed! Check out time is 12pm.  Please clean your leftovers out of the refrigerator and put in the trash. Clean dishes buy run",Brooklyn,invalid/missing price or service_fee
21458528,East Village Sublet multi month please,21991476753,verified,Kirt,Manhattan,East Village,40.72877,-73.98938,United States,US,false,moderate,Entire home/apt,2004,,179.0,31,0,,,5,1,0,"Please be respectful of our neighbors and keep voices, music, etc at a reasonable volume.  Please be tidy and take good care of our home. No shoes on the area rug, be neat with food and drink.",Manhattan,invalid/missing price or service_fee
37396249,Hotel Room King Bed Times Square,30941136693,verified,Keith,Manhattan,Midtown,40.75603,-73.97964,United States,US,false,moderate,Private room,2015,50.0,,145,1,2021-03-19,0.09,4,15,180,,Manhattan,invalid/missing price or service_fee
21512101,Stunning 4BDRM/2BTH Duplex Loft Best Neighborhood!,40347556507,unconfirmed,Vic,Manhattan,Lower East Side,40.71856,-73.98485,United States,US,false,moderate,Entire home/apt,2012,869.0,,1,29,2019-06-24,3.57,2,1,256,"House rules: Guests agree to the following terms and conditions 1.Guest(s) agree to NO PARTIES anywhere on the property. Legal action will be taken for parties that cause damages to the unit, property, reputation, or relationship with building staff or other residents.  2.Smoking of any kind is not permitted in the unit or on the premises.  3.Guests agree to abide by maximum occupancy of unit, and observe quiet hours between 9pm and 9am 4.Guests are responsible for action of ALL GUESTS occupying their unit at all times.  5.Guests agree to return all keys, remotes, and parking passes. Replacement fees may apply for unreturned items 6.Guests understand that onsite building staff (maintenance and concierge) are not affiliated with Jordan or AIRBNB. Please contact me directly for any needed items. 7.Guests understand that no pets are to be in the unit.  8.Guests agree to pay replacement cost for any unreturned items, and $125 per hour fee for unauthorized early checkin or late checkout.  19",Manhattan,invalid/missing price or service_fee
37468600,Extra large and quiet room in a creative nest,54528557815,unconfirmed,Lionel,Brooklyn,Bedford-Stuyvesant,40.68704,-73.9458,United States,US,false,moderate,Private room,2015,,105.0,30,2,2021-02-14,0.13,3,9,33,,Brooklyn,invalid/missing price or service_fee
23732347,Room for rent from March to August.,18961548101,unconfirmed,Yael,Manhattan,Inwood,40.86622,-73.92233,United States,US,false,flexible,Private room,2003,,105.0,160,0,,,3,2,179,Owners live in the building so please be respectful - no parties.  No smoking is permitted in the building.,Manhattan,invalid/missing price or service_fee
22247765,COZY GUEST ROOM,40015647970,verified,Iryna,Brooklyn,Sheepshead Bay,40.58889,-73.94797,United States,US,false,strict,Private room,2007,1030.0,,1,50,2019-07-06,6.67,2,3,83,,Brooklyn,invalid/missing price or service_fee
37326107,Comfy Rooms,44612378990,unconfirmed,Dlb,Queens,Laurelton,40.67114,-73.74758,United States,US,true,strict,Private room,2011,,151.0,2,99,2021-04-06,1.3,5,5,8,,Queens,invalid/missing price or service_fee
37432149,PRIVATE Bathroom in woodside,30047523735,verified,Hiroki,Queens,Woodside,40.7431,-73.90272,United States,US,true,moderate,Private room,2021,,183.0,30,1,2021-03-01,0.08,2,152,0,,Queens,invalid/missing price or service_fee
8420934,Cozy Mozy apt in Cobble Hill,89207192967,unconfirmed,Marianna,Brooklyn,Boerum Hill,40.68869,-73.98899,United States,US,false,strict,Entire home/apt,2012,1110.0,,1,1,2016-01-05,0.02,5,1,38,Please no smoking.,Brooklyn,invalid/missing price or service_fee
37257070,Spacious Lower East Side 1 BR w/ dedicated office,63711350198,unconfirmed,Alyssa,Manhattan,Lower East Side,40.71381,-73.98628,United States,US,false,flexible,Entire home/apt,2015,,118.0,15,1,2021-05-01,0.09,3,1,0,,Manhattan,invalid/missing price or service_fee
37515546,Smile Ridgewood — Bedroom + Private Living Room!,95987727411,unconfirmed,Zach,Queens,Ridgewood,40.70324,-73.9034,United States,US,true,flexible,Private room,2008,,239.0,5,9,2021-01-27,0.34,3,1,44,,Queens,invalid/missing price or service_fee
23745602,Sumptuous floor through apartment in brownstone,89396245742,unconfirmed,R R,Brooklyn,Fort Greene,40.6882,-73.97651,United States,US,false,strict,Entire home/apt,2019,752.0,,3,13,2019-06-23,3.1,2,2,252,"The building is very quiet, so please be respectful to my neighbors.  Please do not leave dishes in the sink or dishwasher. Please leave the apartment as you found it. No parties, pets or smoking please. :)",Brooklyn,invalid/missing price or service_fee
1010173,Only 2 stops to Manhattan studio,62566345680,unconfirmed,Heather,Brooklyn,Williamsburg,40.70837,-73.95352,United States,,,moderate,Entire home/apt,2009,778.0,,2,148,2019-06-29,1.2,3,1,197,"Absolutely no smoking in the building, handling of art work or damaging personal property. All additional charges for movie rental are the responsibility of the renter. Shower before entering the hot tub. No glass or food in the hot tub. Turn off all lights and appliances when leaving the unit.",Brooklyn,invalid/missing price or service_fee
21323767,Romantic space at the Upper East side of Manhattan,62806761908,verified,Sasha,Manhattan,Upper East Side,40.76006,-73.96136,United States,US,false,moderate,Entire home/apt,,,190.0,3,8,2019-01-01,0.89,5,1,0,,Manhattan,invalid/missing price or service_fee
4655905,Private floor and entrance in townhouse,74669551086,unconfirmed,Marc & Farnoosh,Queens,Rego Park,40.72018,-73.86322,United States,US,true,moderate,Private room,2014,386.0,,1,28,2019-06-22,0.61,3,1,270,"•Parties or Gatherings are not permitted. •Please be courteous to the neighbors and keep noise levels low, especially between the hours of 10pm-10am. •Absolutely no smoking in the apartment. Smoking only on the back porch •Overnight guests are not permitted unless included on the initial reservation. •Please help us conserve energy by turning off lights, small appliances, lamps, etc. when not being used.  •Please store recyclables separately. •Pets are not permitted at any time. •If you need flexibility around the specified check in or check out times, let us know in advance. •Owner is NOT responsible for any accidents, injuries or illness that occurs while on the premises or its facilities.",Queens,invalid/missing price or service_fee
37450927,Near NY Presbyterian / King Bed Hotel Room,69551855514,unconfirmed,Justin,Manhattan,Financial District,40.70492,-74.00571,United States,US,true,moderate,Private room,2009,823.0,,1,3,2021-02-22,0.21,3,102,53,,Manhattan,invalid/missing price or service_fee
4344960,Studio-Private Entrance /Bath/Kitchen Near JFK,24261875108,verified,Sol & Izak,Queens,Jamaica Estates,40.71873,-73.80324,United States,US,false,strict,Entire home/apt,2010,,112.0,2,192,2019-06-17,3.47,2,1,181,NO Smoking,Queens,invalid/missing price or service_fee
4264877,Upper East Side 1-Bedroom,73670551944,verified,Karen,Manhattan,Upper East Side,40.77254,-73.96193,United States,US,false,moderate,Entire home/apt,2012,,83.0,2,58,2019-06-11,1.02,5,1,49,,Manhattan,invalid/missing price or service_fee
54995841,Brand New 1 Bedroom w/Parking-25 Mins to Manhattan,38577181797,verified,Philip,Queens,Douglaston,40.76561,-73.7464,United States,US,true,strict,Entire home/apt,2007,151.0,,3,16,2019-06-19,1.51,3,1,123,No shoes inside the house,Queens,invalid/missing price or service_fee
37453136,Huge Williamsburg Studio with Private Terrace,5909175860,unconfirmed,Christian,Brooklyn,Williamsburg,40.71191,-73.96584,United States,US,false,strict,Entire home/apt,2012,693.0,,5,10,2021-02-21,0.28,3,1,0,,Brooklyn,invalid/missing price or service_fee
45064935,Cozy Bedroom In Marble Hill ( Students Welcome ),83151006365,verified,Maneto,Manhattan,Marble Hill,40.87492,-73.91164,United States,US,true,flexible,Private room,2018,64.0,,5,18,2019-06-30,0.69,4,1,349,smoke-free campus.,Manhattan,invalid/missing price or service_fee
37285789,"Bright, modern room with panoramic window",30843909855,verified,Kris,Queens,Maspeth,40.72346,-73.90615,United States,US,false,strict,Private room,2011,373.0,,30,15,2021-04-23,0.24,4,2,216,,Queens,invalid/missing price or service_fee
21585557,"Quiet, light-filled, Soho apartment",89109086091,unconfirmed,Alison,Manhattan,SoHo,40.72498,-74.00262,United States,US,true,flexible,Entire home/apt,2018,,,2,19,2019-06-24,2.64,5,1,184,"- Please treat this home as your own and respect the neighbors. No parties, smoking, or additional guests (other than the agreed upon).",Manhattan,invalid/missing price or service_fee
21513206,Spacious & Comfortable Suite w/ Private Entry/Bath,28813368491,unconfirmed,Dave,Staten Island,West Brighton,40.62625,-74.11109,United States,US,false,moderate,Private room,2004,274.0,,1,29,2019-07-01,3.49,2,1,80,,Staten Island,invalid/missing price or service_fee
2203693,Astoria awesome balcony apartment PARKING AVAILABL,78064550548,verified,Ahmed,Queens,Astoria,40.76295,-73.92652,United States,US,true,moderate,Entire home/apt,2006,649.0,,1,58,2019-07-06,0.77,5,1,381,,Queens,invalid/missing price or service_fee
17042337,Easin' on the Artist Row,93086693598,unconfirmed,Kaj,Manhattan,East Village,40.7226,-73.97591,United States,US,false,strict,Private room,2007,642.0,,7,9,2019-05-06,0.71,5,1,144,Please be respectful of my things! I have a lot of stuff that I have collected over the years. Absolutely NO smoking.  This is a really relaxing space and the neighbors are all really cool.  -Pets are allowed,Manhattan,invalid/missing price or service_fee
37283580,Cozy Sweet Suite,21648550062,verified,Jaime,Queens,Ozone Park,40.68677,-73.84155,United States,US,true,moderate,Entire home/apt,2013,1107.0,,1,20,2021-04-24,1.32,2,1,0,,Queens,invalid/missing price or service_fee
29290694,Stunning One Bedroom West Village,77209564441,verified,Taylor,Manhattan,West Village,40.73573,-74.00097,United States,US,false,strict,Entire home/apt,2003,230.0,,2,7,2022-02-27,1.67,4,1,3,,Manhattan,invalid/missing price or service_fee
4657010,Beautiful Apt - Flatiron/ Chelsea,21528388069,unconfirmed,Saville,Manhattan,Chelsea,40.73932,-73.99264,United States,US,true,flexible,Entire home/apt,2022,135.0,,1,0,,,3,1,155,,Manhattan,invalid/missing price or service_fee
21583348,Hip and minimal neighborhood loft,70442988270,unconfirmed,Ellen,Manhattan,East Village,40.72455,-73.9783,United States,US,true,flexible,Entire home/apt,2011,,,14,2,2018-12-31,0.29,2,1,0,Quiet time after midnight. Please turn off the light/AC each time when you go out. :) No Staying overnight  in the living room/couch. Glasses/liquor in the living room cabinets are not available.  Please don't leave dirty dishes.  Please tidy the kitchen when you finished cooking and leave dishes in dry in the dishwasher. Feel free to use the dishwasher. Detergent is under the sink. Thank you!,Manhattan,invalid/missing price or service_fee
22251079,Charming duplex with backyard in Carroll Gardens,12070885930,unconfirmed,Agathe,Brooklyn,Carroll Gardens,40.67992,-73.99282,United States,US,false,strict,Entire home/apt,2014,870.0,,4,2,2019-04-26,0.31,3,1,35,No smoking or parties please. Kaya (the fluffiest dog you have ever seen) also insists that you pet her at least once during your stay :-),Brooklyn,invalid/missing price or service_fee
23733452,Cozy room next to subway!,40187840974,unconfirmed,Patrik,Manhattan,Harlem,40.82272,-73.95478,United States,US,true,flexible,Private room,2016,,21.0,2,0,,,3,1,0,Please treat my home as you would your own.,Manhattan,invalid/missing price or service_fee
21391700,"Home to LGA airport near Manhattan, JFk, Astoria.",72154086731,verified,Rumalia,Queens,East Elmhurst,40.7698,-73.87183,United States,US,false,moderate,Entire home/apt,2022,,88.0,1,29,2019-06-30,3.32,5,1,360,This is a residential property and quiet is maintained.   Absolutely zero smoking on or near the property.  Be respectful and kind.,Queens,invalid/missing price or service_fee
8460148,"Bright, Spacious Brooklyn Space w/ Private Bath",74414106985,verified,Ugi,Brooklyn,Crown Heights,40.67418,-73.95958,United States,US,false,moderate,Private room,2011,,205.0,1,4,2018-08-26,0.09,4,1,25,,Brooklyn,invalid/missing price or service_fee
37350408,Prolonged Traveler's Dream (a month first & more),18882766466,unconfirmed,Ikkyukim,Bronx,Hunts Point,40.81465,-73.88872,United States,US,true,flexible,Private room,2022,146.0,,30,28,2021-04-01,0.35,5,6,358,,Bronx,invalid/missing price or service_fee
37327212,Easy access to Manhattan : Nice Condition room,45243704829,verified,Momoyo,Queens,Jackson Heights,40.7511,-73.87835,United States,US,false,flexible,Private room,2012,,183.0,30,1,2021-04-06,0.08,3,126,0,,Queens,invalid/missing price or service_fee
37281371,"Really Spectacular 1 Bedroom, Great Design",88349086949,unconfirmed,Stay With Vibe,Manhattan,Hell's Kitchen,40.76027,-73.99411,United States,US,true,strict,Entire home/apt,2012,788.0,,30,6,2021-04-24,0.11,4,108,141,,Manhattan,invalid/missing price or service_fee
57364103,"A cozy getaway, home away from home",55697801194,verified,Isaiah,Brooklyn,East New York,40.6613,-73.89088,United States,US,true,moderate,Private room,,147.0,,1,0,,,4,1,88,,Brooklyn,invalid/missing price or service_fee
23743393,Big sunny room in Sunnyside,55061294304,verified,Oleg,Queens,Sunnyside,40.74141,-73.92688,United States,US,true,flexible,Private room,2016,344.0,,7,2,2019-02-20,0.4,5,1,0,,Queens,invalid/missing price or service_fee
4346065,1st Time/Solo/Duo Travelers!Charming Studio Share!,34206361733,verified,Sue,Manhattan,Chelsea,40.74726,-74.00213,United States,US,true,flexible,Shared room,2003,,187.0,2,126,2019-06-29,2.61,2,1,343,,Manhattan,invalid/missing price or service_fee
57354162,Artsy Private Room in LIC. 2 min walk to Subway.,18783843666,unconfirmed,Lunara,Queens,Long Island City,40.74117,-73.94904,United States,US,false,moderate,Private room,2012,303.0,,5,17,2019-06-09,0.61,1,1,112,,Queens,invalid/missing price or service_fee
57361894,"Cozy Apartment on Bedford Ave, Brooklyn",92852058426,unconfirmed,,Brooklyn,Williamsburg,40.71284,-73.96284,United States,US,false,moderate,Private room,2005,,,7,15,2018-01-01,0.55,4,1,0,,Brooklyn,invalid/missing price or service_fee
4304642,"Room in Bushwick Brooklyn NYC, LG KITCHEN & YARD",96976995845,verified,Amy,Brooklyn,Bushwick,40.70253,-73.92898,United States,US,true,strict,Private room,2017,,190.0,2,63,2019-06-17,1.68,1,2,102,#NAME?,Brooklyn,invalid/missing price or service_fee
2201484,South Harlem Gem! 113th St & 8th Ave,40665521280,verified,Michael,Manhattan,Harlem,40.80132,-73.95568,United States,US,false,strict,Shared room,2012,1129.0,,1,43,2019-06-02,0.61,2,1,277,,Manhattan,invalid/missing price or service_fee
37348199,PLEASE REMOVE MY LISTING! NO LONGER AVAILABLE!,46715445217,verified,Rafaela,Manhattan,Midtown,40.74567,-73.99055,United States,US,true,strict,Entire home/apt,2010,795.0,,30,1,2021-04-02,0.08,5,1,0,,Manhattan,invalid/missing price or service_fee
57356371,Bx Apartment,11038605149,unconfirmed,Vii,Bronx,Olinville,40.88438,-73.86397,United States,US,true,strict,Private room,2008,531.0,,1,0,,,3,1,0,#NAME?,Bronx,invalid/missing price or service_fee
8483344,2 bedroom Upper east side,72875705666,unconfirmed,Chelsea,Manhattan,Upper East Side,40.7664,-73.95854,United States,US,false,moderate,Entire home/apt,2018,,67.0,2,9,2017-08-19,0.24,1,1,291,,Manhattan,invalid/missing price or service_fee
37469705,"Sunny, Spacious, Jungle Oasis",42358494600,verified,Sammie,Manhattan,East Village,40.7249,-73.98511,United States,US,true,moderate,Entire home/apt,2016,,139.0,7,16,2021-02-12,0.48,3,1,0,,Manhattan,invalid/missing price or service_fee
4674683,Bohemian Retreat in Williamsburg,69258619139,verified,Elani,Brooklyn,Williamsburg,40.70973,-73.96056,United States,US,true,moderate,Private room,2003,1165.0,,1,0,,,4,1,81,,Brooklyn,invalid/missing price or service_fee
4251069,"LG GARDEN Apt ON Sunset Park,  on41ST near 6th Ave",38802469252,unconfirmed,Katie,Brooklyn,Sunset Park,40.65031,-74.00239,United States,US,true,flexible,Entire home/apt,2015,,218.0,2,51,2019-07-01,0.89,4,1,65,,Brooklyn,invalid/missing price or service_fee
21355800,Luxury - Jr. 1 Br/High Fl- Rooftop Terrace Access,70574078850,verified,John,Manhattan,Upper West Side,40.79325,-73.97237,United States,US,false,moderate,Entire home/apt,2004,,61.0,1,16,2019-06-30,1.95,4,1,7,,Manhattan,invalid/missing price or service_fee
21531984,Gorgeous Bedroom on Himrod! Him-1R-5,71611308060,verified,Nina,Brooklyn,Bushwick,40.70154,-73.91873,United States,US,false,flexible,Private room,2019,,,30,0,,,4,17,325,• Check-in time is 3PM.,Brooklyn,invalid/missing price or service_fee
37513337,Modern designed room near B/C train,98520132069,verified,Sergii & Vlada,Manhattan,Harlem,40.80519,-73.95619,United States,US,true,flexible,Private room,2013,,148.0,30,1,2021-01-29,0.07,5,9,338,,Manhattan,invalid/missing price or service_fee
37353722,Very large *Private bedroom* with bathroom,9091379910,unconfirmed,Marie,Manhattan,Harlem,40.81527,-73.94344,United States,US,false,flexible,Private room,2006,449.0,,90,1,2021-04-01,0.08,3,3,0,,Manhattan,invalid/missing price or service_fee
4672474,Comfy apt next to Central Park!,48733567180,unconfirmed,Val,Manhattan,Upper West Side,40.77917,-73.97397,United States,US,true,flexible,Entire home/apt,2009,1194.0,,1,1,2016-02-04,0.02,5,1,289,#NAME?,Manhattan,invalid/missing price or service_fee
29296217,Comfortable and Affordable Crash and Dash,64183572433,verified,E And M,Brooklyn,Bushwick,40.68698,-73.9165,United States,US,false,strict,Private room,2006,827.0,,1,19,2022-02-27,4.52,5,3,164,,Brooklyn,invalid/missing price or service_fee
14439900,30+Day Stay:Designer Sky Beautiful Loft (1000 sf),55916689028,unconfirmed,Ali,Queens,Flushing,40.7558,-73.80953,United States,US,false,strict,Entire home/apt,2020,,84.0,6,50,2019-05-09,2.27,1,7,343,"No smoking, no pets, no parties",Queens,invalid/missing price or service_fee
54970987,Cosy & Clean studio apt in the heart of Manhattan,34601878341,unconfirmed,Jane,Manhattan,Kips Bay,40.74104,-73.98134,United States,US,false,flexible,Entire home/apt,2015,,149.0,2,0,,,2,1,0,,Manhattan,invalid/missing price or service_fee
38460531,Amazing private Upper East loft!,58589722040,unconfirmed,Yuanyuan,Manhattan,Upper East Side,40.76413,-73.96167,United States,US,true,strict,Entire home/apt,2004,755.0,,30,77,2020-03-12,1.08,3,1,0,,Manhattan,invalid/missing price or service_fee
37426073,"Large sunny 1+ BR apartment, close to subway & bus",72877844230,unconfirmed,Jason,Brooklyn,Sunset Park,40.66397,-73.99155,United States,US,true,moderate,Entire home/apt,2003,,66.0,2,3,2021-03-04,0.19,2,1,0,,Brooklyn,invalid/missing price or service_fee
2199275,Comfy twin bed/Cosy apartment/East Harlem / Subway,26090679697,verified,Pete & Marcos,Manhattan,East Harlem,40.79307,-73.95138,United States,US,true,flexible,Shared room,2022,90.0,,2,117,2019-06-24,1.53,2,1,182,No smoking No pets,Manhattan,invalid/missing price or service_fee
37228902,Beach/Airport room,36702922111,verified,Tommy,Queens,Edgemere,40.59557,-73.77946,United States,US,true,flexible,Private room,2009,604.0,,1,3,2021-05-08,0.28,5,1,355,,Queens,invalid/missing price or service_fee
37278057,Wild Flower Nice quiet space Queen size bed.,34801434610,unconfirmed,A & Faye Bed Anfd Breakfast Inc,Brooklyn,Flatbush,40.64916,-73.96485,United States,US,true,strict,Private room,2017,1037.0,,2,33,2021-04-25,0.67,4,4,0,,Brooklyn,invalid/missing price or service_fee
37448718,19min to Manhattan & Safe Neighborhood&PrivateRoom,26630813713,verified,Takatomo,Queens,Sunnyside,40.7382,-73.92563,United States,US,true,flexible,Private room,2015,223.0,,30,1,2021-02-23,0.07,4,17,0,,Queens,invalid/missing price or service_fee
17040128,Semi private room in great apartment,53191655152,unconfirmed,Brad,Brooklyn,Clinton Hill,40.68232,-73.96043,United States,US,true,flexible,Shared room,2005,1048.0,,4,15,2018-08-27,0.81,3,2,0,"I feel very responsible and accountable for your needs and comfort while you stay at my home... I will go above and beyond for you!  That being said -- I do not charge hotel pricing for a reason. Hotels allow for 24 hour on call service, if you lock yourself out or are having trouble with something... a hotel front desk can help immediately. Your $300 a night for a hotel in Boston covers that.... I am charging almost a 10th of that for this room. I have my own business, clients, and social obligations to attend to. If you lock yourself out or have some other issue, of course I will come help you, but its important to understand that it will not be immediate. I will do my best to get back to the house as quickly as possible. ***IMPORTANT** I'd rather save you all the money and trust you to be independent / responsible guests... than to charge you for my 24 hour support! So please -- keep your keys on hand and in sight, keep the room clean, and maintain healthy choices while in my space ",Brooklyn,invalid/missing price or service_fee
18066854,Sunny Room in brand new apartment in Bushwick,61562766564,unconfirmed,Ana,Brooklyn,Bushwick,40.70139,-73.92567,United States,US,false,moderate,Private room,2022,1134.0,,10,2,2018-09-30,0.19,5,1,13,"Please remember that this is a residential building. The building rules, apartment occupancy restrictions and the year-round tenants must be respected.  Parties, pets and smoking are not allowed under any circumstances and incur significant fees.",Brooklyn,invalid/missing price or service_fee
54965464,Super Cute 1 Bedroom Best Location,92859734640,verified,Corporate Housing,Manhattan,Kips Bay,40.74211,-73.97887,United States,US,true,flexible,Entire home/apt,2019,630.0,,30,1,2018-10-13,0.11,5,91,364,"This is two bedroom located in the heart of Brighton. It takes you to downtown by T within 20 minutes. The T is super close. The house rules are kind of very simple so please no smoking inside the house. No additional guest ($20 USD will be charged for per person if you have your guests) +Kitchen: If you cook, please clean up after yourself. I will provided everything like pans, pots, dishes, utensils, etc +Bathroom: I will be providing  towels and shampoo. But no toothpaste and toothbrush.  One more thing, time to check in is 3PM and check out time 12PM. Please shoes off in the house.",Manhattan,invalid/missing price or service_fee
37490692,Columbia University Park View Studio!,50843186201,verified,Georgia,Manhattan,Morningside Heights,40.80365,-73.95949,United States,US,false,flexible,Entire home/apt,2010,682.0,,30,2,2021-02-01,0.12,2,7,216,,Manhattan,invalid/missing price or service_fee
8462357,"UWS large, Elev./Security 1-Bedroom",36071084332,unconfirmed,Sam,Manhattan,Upper West Side,40.77836,-73.9822,United States,US,true,flexible,Entire home/apt,2003,,212.0,2,51,2019-06-09,1.19,3,1,182,,Manhattan,invalid/missing price or service_fee
21459633,Beautiful apartment next to Central Park & The Met,57713470467,unconfirmed,Joan,Manhattan,Upper East Side,40.77697,-73.96063,United States,US,false,moderate,Entire home/apt,2011,,200.0,30,2,2019-01-04,0.25,4,1,0,,Manhattan,invalid/missing price or service_fee
23731243,Murray Hill Jewel With Outdoor Space,88062887738,unconfirmed,CRNY Monthly Rentals,Manhattan,Murray Hill,40.74657,-73.97685,United States,US,true,flexible,Entire home/apt,2019,,152.0,29,0,,,5,31,130,This is a quiet neighborhood where everyone lives in close proximity.  It is not an area for partying or loudness.  Please enjoy the outside patio but remember that there are neighbors close by. There should not be any smoking on or around the premises.,Manhattan,invalid/missing price or service_fee
8416516,NoHo 2 Bedroom Loft,549725699,verified,CRNY Monthly Rentals,Manhattan,NoHo,40.72888,-73.99199,United States,US,false,flexible,Entire home/apt,2003,805.0,,30,1,2017-04-03,0.04,2,31,401,"1.     No pets allowed.  2.   No smoking inside the house, please.     3.   No wearing shoes inside the house. We will give you slippers (you could bring your own slippers) 4.  Quiet time starts at 10pm, and living room and kitchen are closed at that time.",Manhattan,invalid/missing price or service_fee
37516651,"Modern, Designer 1 bedroom prime Brooklyn location",50602815111,verified,Robert,Brooklyn,Clinton Hill,40.68213,-73.96168,United States,US,false,strict,Entire home/apt,2016,,170.0,10,1,2021-01-26,0.07,4,1,0,,Brooklyn,invalid/missing price or service_fee
14436586,30+ Day Stay -Cute Small House by a Beautiful Deck,36300962013,verified,Ali,Queens,Flushing,40.75745,-73.80823,United States,US,false,flexible,Entire home/apt,2017,,82.0,6,20,2019-05-13,0.89,2,7,322,No Smoking and No Pets,Queens,invalid/missing price or service_fee
8418725,Cozy & Lux Studio in Nolita,22677706574,unconfirmed,Lisa,Manhattan,Nolita,40.72238,-73.99631,United States,US,true,strict,Entire home/apt,2011,240.0,,7,0,,,1,1,32,"No parties, no smoking.",Manhattan,invalid/missing price or service_fee
37454241,Dylan Hotel NYC - Luxury Double Room,82704281521,verified,Dylan,Manhattan,Midtown,40.75263,-73.97821,United States,US,false,strict,Hotel room,2016,980.0,,1,14,2021-02-21,0.45,2,5,270,,Manhattan,invalid/missing price or service_fee
8431980,Welcome to NYC! Modern Luxury 2 BR-5 min from JFK,65662842907,verified,Taran & Najla,Queens,Jamaica,40.6896,-73.80446,United States,US,false,flexible,Entire home/apt,2018,563.0,,1,103,2019-07-02,2.67,1,2,10,We love our home and enjoy sharing it with others. We hope you'll treat it as with as much care as we do. Our neighbors are friendly and quiet. We hope you'll fit right in.,Queens,invalid/missing price or service_fee
18085632,Beautiful red-brick bedroom in prime East Village,56567453071,unconfirmed,Steven,Manhattan,East Village,40.72507,-73.9827,United States,US,true,strict,Private room,2015,,113.0,3,45,2019-07-02,3.53,5,3,6,,Manhattan,invalid/missing price or service_fee
37395145,Spacious Private Room and Bath in Little Italy,40345269457,verified,Denise,Bronx,Belmont,40.85665,-73.88499,United States,US,false,strict,Private room,2021,1102.0,,5,1,2021-03-20,0.08,4,1,0,,Bronx,invalid/missing price or service_fee
18070168,Room 5 - Quiet Retreat in Historic Victorian Home,19753309701,verified,Elizabeth,Brooklyn,Flatbush,40.64293,-73.96863,United States,US,false,flexible,Private room,2003,297.0,,2,51,2019-06-27,3.29,5,6,176,,Brooklyn,invalid/missing price or service_fee
54963255,Best Apartment in Bay Ridge,5812550034,verified,Izzie,Brooklyn,Bay Ridge,40.63348,-74.03088,United States,US,true,moderate,Entire home/apt,2021,118.0,,2,8,2019-07-07,0.76,2,1,46,,Brooklyn,invalid/missing price or service_fee
14465305,"Comfortable,3 bedroom, 2bath home away from home",79657826324,unconfirmed,Michael & Sharon,Queens,Jamaica,40.69934,-73.78325,United States,US,true,strict,Entire home/apt,2014,,185.0,2,85,2019-06-30,3.52,3,1,132,Friendly pets allowed. Please don't let the cat out. Smoking allowed on balcony.,Queens,invalid/missing price or service_fee
14496787,Modern and Private Duplex Apartment,28556964731,unconfirmed,Robert,Brooklyn,Carroll Gardens,40.68308,-73.9912,United States,US,false,strict,Entire home/apt,2015,,128.0,30,57,2019-07-06,2.74,2,1,84,"Respect yourself respect others please clean up after yourself. NO smoking, drinking or partying . Lock out is $50 , late check in after 9 Pm and early check in before 9 A.M. is $50, pay upon arrival.",Brooklyn,invalid/missing price or service_fee
54996946,PRIVATE BEDROOM in spacious apartment in the UWS!,57338475738,unconfirmed,Nico,Manhattan,Upper West Side,40.79099,-73.97293,United States,US,true,flexible,Private room,2018,326.0,,3,14,2019-05-29,1.28,5,1,0,"House Rules 1. Check-in is 4 pm local time. If the unit is ready earlier, we’ll let you know. Check-out is normally 11 am local time, but we’d be happy to extend it as long as we don’t have a cleaning scheduled. Just let us know.  2. All bookings require a security deposit of at least $300, which will be refunded within 7 days of your check-out. 3. For security measures we require all guests to provide proof of identification through ID verification on our own website. In order to check in we'll need a photo of your ID.  4. Our cancellation policy is as shown on our ad and defined by the site you are booking through.  5. Don’t let $300 go up in smoke. There's no smoking allowed in any Flatbook and a $300 fine for breaking this rule.  6. Unfortunately we don’t allow pets in any of our apartments. 7. Unless you’re staying in one of our specialty apartments, we don’t allow parties or excessive noise. 8. If we find the place very messy, we have to charge an extra $40 for every extra hour o",Manhattan,invalid/missing price or service_fee
14400686,Bohemian Room in NYC at Great Location,27204420608,verified,Gulcin,Manhattan,Lower East Side,40.71206,-73.99055,United States,US,true,moderate,Private room,2005,,143.0,1,117,2019-06-25,4.74,4,4,249,,Manhattan,invalid/missing price or service_fee
37355931,WIlliamsburg private room in loft,42111354476,verified,Florencia,Brooklyn,Williamsburg,40.71116,-73.94989,United States,US,true,flexible,Private room,2016,522.0,,25,41,2021-03-31,0.57,5,3,128,,Brooklyn,invalid/missing price or service_fee
22245556,Musician/nerdy paradise!,16594516463,unconfirmed,Mandy & Jerry,Brooklyn,Bushwick,40.70268,-73.93185,United States,US,true,moderate,Private room,2019,774.0,,1,24,2019-06-21,3.46,4,1,20,,Brooklyn,invalid/missing price or service_fee
29294008,Studio Apartment /Bryant Park,27080167997,verified,Ned,Manhattan,Midtown,40.75389,-73.98034,United States,US,false,flexible,Private room,2018,337.0,,2,19,2022-02-27,3.88,5,4,61,,Manhattan,invalid/missing price or service_fee
21510997,Sun Drenched Apartment in Brooklyn,66730889928,unconfirmed,Daniel,Brooklyn,Crown Heights,40.66734,-73.95637,United States,US,false,moderate,Entire home/apt,2017,601.0,,2,4,2018-11-26,0.47,5,1,0,"Please remember that this is a residential building. The building rules, apartment occupancy restrictions and the year-round tenants must be respected.  Parties, pets and smoking are not allowed under any circumstances and incur significant fees.",Brooklyn,invalid/missing price or service_fee
37397354,ROOM A with bathroom,36463506837,unconfirmed,Andy&Chai,Queens,Flushing,40.75753,-73.81287,United States,US,false,moderate,Private room,2018,84.0,,3,8,2021-03-18,0.32,2,3,0,,Queens,invalid/missing price or service_fee
54966569,1 Bedroom off Columbus fit for a King,77275193747,unconfirmed,Corporate Housing,Manhattan,Upper West Side,40.78488,-73.97325,United States,US,false,flexible,Entire home/apt,2003,,141.0,30,3,2019-06-18,0.32,3,91,213,,Manhattan,invalid/missing price or service_fee
1117871,Modern comfort in art infused landmark Brownstone,25801284480,,Tiana,Brooklyn,Bedford-Stuyvesant,40.6829,-73.93549,United States,US,true,strict,Private room,2019,,152.0,2,23,2019-07-01,0.22,5,1,137,"Enjoy your stay, and please take care of the apartment like it's your own home. No parties and no smoking please.",Brooklyn,invalid/missing price or service_fee
17041233,Cozy affordable room close to Express station!,91265727350,verified,Daphne,Manhattan,Harlem,40.80966,-73.95299,United States,US,true,flexible,Private room,2006,785.0,,1,1,2017-12-31,0.05,5,2,0,,Manhattan,invalid/missing price or service_fee
37374709,1 Bedroom Elevator Building Apartment in SoHo,75287016926,unconfirmed,Chris,Manhattan,Nolita,40.72245,-73.99505,United States,US,true,moderate,Entire home/apt,2007,,226.0,30,4,2021-03-28,0.08,5,1,0,,Manhattan,invalid/missing price or service_fee
4264324,Wonderful Willi!,31465606874,verified,Basil,Brooklyn,Williamsburg,40.71603,-73.9547,United States,US,false,strict,Private room,2017,,68.0,2,46,2019-06-03,0.9,2,1,392,,Brooklyn,invalid/missing price or service_fee
57357476,Spacious two bedrooms condo in upper Manhattan,14430571516,verified,Max,Manhattan,Inwood,40.86461,-73.92363,United States,US,true,moderate,Entire home/apt,2003,665.0,,2,49,2019-05-23,1.81,1,3,147,,Manhattan,invalid/missing price or service_fee
37349304,Satvic,94474915520,unconfirmed,Gabriel,Brooklyn,Prospect-Lefferts Gardens,40.66191,-73.96029,United States,US,false,moderate,Entire home/apt,2004,129.0,,2,2,2021-04-02,0.18,5,2,52,,Brooklyn,invalid/missing price or service_fee
14464201,Scenic Brooklyn townhouse.,74947668409,unconfirmed,Javier,Brooklyn,Sunset Park,40.645,-74.00378,United States,US,false,flexible,Private room,2004,,54.0,1,50,2019-06-26,2.07,3,1,43,"NO SMOKING, please stop smoking a block away so as not to bring smoke-filled lungs into the house, I'm highly sensitive, and it makes me feel sick. Please clean after yourself on an on-going basis, especially in the common areas. We recycle paper, glass, metal in a separate bin, and throw food, plastic bags, and wrappers into the normal trash, can you participate? This 100 year old building has character in the details, but might appear less clean. The wood work was painted white before I moved in. I consistently use bleach between guests, but the grooves have ""greyed"" overtime, and I haven't repainted yet. I hope you won't be that picky ;-) My end-of-stay cleaning fee is to cover my time and expenses washing, drying, changing the sheets and sanitizing the room in between guests. I don't do any daily cleaning (of your room, the bathroom or the kitchen).  I only clean in-between guests or when needed - I noticed I am not a clean freak, I go after the obvious (bread crumbs and slime) - s",Brooklyn,invalid/missing price or service_fee
4654801,Big Sunny Room 10secs from L train,53285339558,unconfirmed,Lauren,Brooklyn,Williamsburg,40.71172,-73.93973,United States,US,true,moderate,Private room,2021,651.0,,2,0,,,2,1,8,"Respect yourself, respect others, clean up after yourself. No smoking or drinking in the apt. Late check in after 9 p.m. and before 10 A.m. is $50, lock out is $50. Thank you",Brooklyn,invalid/missing price or service_fee
38459427,Quiet Bedroom in Cobble Hill,73070691824,unconfirmed,Sloan,Brooklyn,Boerum Hill,40.68727,-73.98944,United States,US,false,flexible,Private room,2019,994.0,,30,207,2020-03-12,2.68,4,1,364,,Brooklyn,invalid/missing price or service_fee
37284685,Water View King Bed Hotel Room,80834373535,verified,Justin,Manhattan,Financial District,40.70619,-74.00555,United States,US,false,moderate,Private room,2022,223.0,,1,4,2021-04-24,0.33,3,102,52,,Manhattan,invalid/missing price or service_fee
8427562,Convenient Upper East Studio Apt,72901896874,unconfirmed,Sayaka,Manhattan,Upper East Side,40.7612,-73.96254,United States,US,true,moderate,Entire home/apt,2013,803.0,,16,8,2018-01-03,0.2,4,1,24,Respectful and with great attitudes,Manhattan,invalid/missing price or service_fee
8419830,"Large Rm In Williamsburg, Brooklyn",62608784430,verified,Toyosi,Brooklyn,Williamsburg,40.71274,-73.94513,United States,US,false,flexible,Private room,2010,699.0,,2,1,2016-01-03,0.02,2,1,358,"1. No wearing shoes inside the house. We will give you slippers (you could bring your own slippers) 2. Living room and kitchen are closed at 10 pm, and please be quiet after 10 pm",Brooklyn,invalid/missing price or service_fee
21529775,Private bed in a huge apartment! Him-1R-1,51431775654,unconfirmed,Nina,Brooklyn,Bushwick,40.70114,-73.91879,United States,US,false,moderate,Private room,2021,,,30,1,2019-05-04,0.45,2,17,365,,Brooklyn,invalid/missing price or service_fee
37351513,Spacious Artsy Duplex in Bed-Stuy,9587453251,unconfirmed,Derek,Brooklyn,Bedford-Stuyvesant,40.6834,-73.95332,United States,US,false,moderate,Entire home/apt,2003,1054.0,,6,1,2021-04-01,0.08,2,1,0,,Brooklyn,invalid/missing price or service_fee
57367417,Rosalee Stewart,93578954226,verified,Stanley,Manhattan,Harlem,40.81315,-73.94747,United States,US,false,flexible,Entire home/apt,2011,1128.0,,4,22,2019-06-15,0.85,4,1,238,"Please remember that this is a residential building.  All building rules, Hotel occupancy restrictions, and year-round tenants must be respected.",Manhattan,invalid/missing price or service_fee
37491797,Spacious One-Bedroom Apartment,25659417177,verified,Gabi,Brooklyn,Borough Park,40.64308,-73.99623,United States,US,false,strict,Entire home/apt,2020,325.0,,30,1,2021-02-01,0.07,5,1,0,,Brooklyn,invalid/missing price or service_fee
1286323,Comfort at Crossroads of Downtown,82992556236,verified,Kevin,Manhattan,Chelsea,40.73862,-73.99758,,,,,Entire home/apt,2018,,83.0,1,2,2015-08-28,0.02,2,1,256,"We expect our guests to be honest, to treat our property with respect, and to leave the apartment as clean (relatively) as when they arrived.",Manhattan,invalid/missing price or service_fee
57365208,Cozy bright room near Prospect Park,77326652202,unconfirmed,Mariam,Brooklyn,Flatbush,40.64945,-73.96108,United States,US,true,moderate,Private room,,696.0,,7,12,2019-03-27,0.44,5,1,0,Shoes off Clean After yourself Turn Lights and your room AC off when leaving the apartment Clean the stove with the specific cleaner when used (Ask the host about it),Brooklyn,invalid/missing price or service_fee
17045651,*Dg)  Delightful Private Room 20 min to Manhattan,1998673900,unconfirmed,Elsie,Brooklyn,Bushwick,40.68666,-73.91466,United States,US,false,moderate,Private room,2009,1090.0,,2,27,2019-06-21,1.55,4,10,359,,Brooklyn,invalid/missing price or service_fee
4305747,specious 1bd apt on Saint Marks Pl,18852131460,unconfirmed,Yervand,Manhattan,East Village,40.72902,-73.98814,United States,US,true,flexible,Entire home/apt,2013,,66.0,6,1,2014-11-02,0.02,4,1,100,"No smoking, no parties, very quiet building with friendly neighbors close by",Manhattan,invalid/missing price or service_fee
54968778,"Fort Greene two bedroom, quiet and peaceful",19317299901,unconfirmed,Mark,Brooklyn,Fort Greene,40.69488,-73.97222,United States,US,false,flexible,Entire home/apt,2016,,124.0,7,1,2018-09-21,0.1,5,3,163,"Please be respectful of other guests.  Keep the common areas clean and pick up after your self.  No loud music after 10:00PM.  It is a safe neighborhood but please, keep doors locked for safety No smoking in the house (smoking is allowed on the front or back decks).",Brooklyn,invalid/missing price or service_fee
4675788,"Heart of Astoria, Spacious 2 bdrm, 15min to City!",9956513274,unconfirmed,Marnie,Queens,Astoria,40.76235,-73.9217,United States,US,false,flexible,Entire home/apt,2011,1161.0,,14,0,,,5,1,230,"Our check in time is 3pm. If you would like to check in earlier please let us know ahead of time.   We are happy to accomidate if possible, but do understand that we need some time to make sure your room is ready on your arrival.  Clean up after yourself & turn lights off on our roof deck.  It is a common space in the building.    There is No Smoking in the apartment or on the roof deck.  Please no guests without checking with us. We have some nosy neighbors so if they ask where you are staying please let them know with friends or family.  Some of our neighbors are not happy with us using AirBNB.   Thank you for helping us out!",Queens,invalid/missing price or service_fee
23742289,Artsy Brooklyn Apartment -25 Minutes to Manhattan,30308097340,unconfirmed,Olivia,Brooklyn,Bedford-Stuyvesant,40.67904,-73.91084,United States,US,true,moderate,Entire home/apt,2005,419.0,,2,5,2019-06-19,2.59,4,2,149,"Feedback is welcome--please let us know how we can improve your experience! Check in is 4-9 p.m. Early and late check-ins are possible upon request in advance, subject to availability. Check out time is 11 a.m. Late check-out is possible upon request in advance subject to availability. Regretfully, the suite is not appropriate for young children and we cannot accommodate them. Regretfully, for health and safety reasons, we cannot permit smoking on the property. Regretfully, we cannot accommodate pets ! week's cancellation notice or full charge. Discounted rates for weekly and longer stays.",Brooklyn,invalid/missing price or service_fee
37494006,Williamsburg 1 bedroom appartement,44836974095,unconfirmed,Lara,Brooklyn,Williamsburg,40.72172,-73.96155,United States,US,true,strict,Entire home/apt,2014,284.0,,30,26,2021-01-31,0.28,2,1,188,,Brooklyn,invalid/missing price or service_fee
23744498,Charming lower east side room,10232069993,unconfirmed,Amanda,Manhattan,Lower East Side,40.72026,-73.98787,United States,US,false,flexible,Private room,2017,1066.0,,20,2,2019-04-19,0.48,4,1,3,This is great place to enjoy Boston.  This property is not for large groups or gatherings. No pets,Manhattan,invalid/missing price or service_fee
8414307,Quaint 2 Bedroom Apt in LES (6 ppl),42727731370,verified,Bobby,Manhattan,Little Italy,40.71924,-73.99719,United States,US,false,moderate,Entire home/apt,2006,92.0,,1,0,,,5,1,250,* No smoking * No pets * No loud music,Manhattan,invalid/missing price or service_fee
14399582,Modern 3 Bedroom 2 BATH! 18 min to Times Sq+More!,22352540166,verified,Sean,Queens,Woodside,40.74695,-73.90177,United States,US,true,strict,Entire home/apt,2006,,113.0,3,104,2019-06-27,4.29,4,1,293,,Queens,invalid/missing price or service_fee
17043442,*Ep)  Beautiful Private Room 20 min to Manhattan,44103143645,verified,Elsie,Brooklyn,Bushwick,40.68804,-73.91493,United States,US,true,moderate,Private room,2018,1006.0,,2,46,2019-06-24,2.65,4,10,360,"No smoking, drugs, lighting candles, or campfires on the bed. (ha!) We aren't going to tell you not to drink alcohol (we're not your mom), but it would be great if you wouldn't come in super drunk, knock on our neighbor's doors, knock over a ton of our stuff, freak out our dog, and throw up everywhere. Please remove your shoes indoors. Boston streets are pretty gross. Please do not bring your friends into the home. We are sure they're lovely people, but we don't know who they are! We are generally in bed by 10:30 pm on weeknights. You are absolutely welcome to come and go at any time of the night, just try to keep things quiet for the sake of everyone in the building. If you need anything, like a hair dryer or toiletries, please don't hesitate to ask! We are very happy to share (within reason, of course).",Brooklyn,invalid/missing price or service_fee
45067696,BEAUTIFUL BROWNSTONE STUDIO IN SOUTH HARLEM,25767616998,verified,Felicia,Manhattan,Harlem,40.80514,-73.95115,United States,US,true,strict,Entire home/apt,2022,,,2,98,2019-07-02,3.67,1,1,247,"Be yourself, but please no wild parties, thanks :)",Manhattan,invalid/missing price or service_fee
37354827,Room in Brownstone B/Q feet away,36775229223,verified,Guillaume,Brooklyn,Prospect Heights,40.6771,-73.97231,United States,US,false,moderate,Private room,2004,336.0,,30,47,2021-03-31,0.46,5,4,343,,Brooklyn,invalid/missing price or service_fee
8513168,Gorgeous and Sunlit 1 BR 31/1-3/1,97784918895,verified,Shy,Bronx,Bronxdale,40.85592,-73.86743,United States,US,true,strict,Entire home/apt,2005,,,7,0,,,2,1,192,,Bronx,invalid/missing price or service_fee
14466410,Modern Spacious and Sunny Place,17996951169,verified,Belgica,Brooklyn,Bushwick,40.68628,-73.91523,United States,US,false,flexible,Entire home/apt,2006,,75.0,2,107,2019-06-19,4.37,3,1,46,"This is a fragrance free property.  I have fragrance free shampoo, conditioner, body wash and soap available.  If you could refrain from wearing perfume or cologne and using strong smelling shampoo and soap I would really appreciate it.  Natural products made with essential oils and herbs are fine.  For example, Aubrey Organics, Desert Essence and Avalon Organics are made with ingredients such as lavender, rose and coconut which are all fine. The room is on the third floor. There is no curfew.  I will give you a key and you can come and go as you please. I have an active life so sometimes I am not home but I do my best to be available by phone or text to assist you with your needs.  If you need something you can always call me, whether it is early in the morning or late at night.   You can keep things in the fridge and use the kitchen. You can use the washing machine and the dryer. This is a non-smoking household.  This includes the porch and the outdoor areas around the house.  Sorry,",Brooklyn,invalid/missing price or service_fee
29295113,Private room in a cozy Ridgewood apartment,82396141991,verified,Saba,Queens,Ridgewood,40.70483,-73.90593,United States,US,false,moderate,Private room,2003,1078.0,,3,17,2022-02-27,3.42,4,1,172,,Queens,invalid/missing price or service_fee
37286894,"Lux Apt, Walk to Best 5th Ave Shopping",95048663384,unconfirmed,Aka,Manhattan,Midtown,40.76526,-73.9767,United States,US,true,flexible,Entire home/apt,2012,718.0,,7,1,2021-04-23,0.09,5,11,362,,Manhattan,invalid/missing price or service_fee
54972092,Large studio apt in Grammercy,28049223663,unconfirmed,Shivani,Manhattan,Kips Bay,40.73995,-73.98401,United States,US,false,strict,Entire home/apt,2009,,96.0,15,1,2018-09-11,0.1,4,1,5,,Manhattan,invalid/missing price or service_fee
14401791,Comfortable studio in heart of LES/Chinatown,68056730289,verified,Yuriy,Manhattan,Chinatown,40.71633,-73.9897,United States,US,false,flexible,Entire home/apt,2013,,184.0,2,2,2017-10-17,0.08,5,1,0,,Manhattan,invalid/missing price or service_fee
4303538,Beautiful Railroad Style Apartment!,26588604564,verified,Leonella,Manhattan,East Harlem,40.79872,-73.9411,United States,US,true,strict,Entire home/apt,2014,,50.0,3,6,2019-06-18,0.96,1,1,70,,Manhattan,invalid/missing price or service_fee
4673579,Penthouse on Park Ave,19598119904,unconfirmed,Simon,Manhattan,Gramercy,40.73877,-73.98707,United States,US,false,strict,Entire home/apt,2018,1029.0,,30,2,2015-03-22,0.04,2,1,53,,Manhattan,invalid/missing price or service_fee
1223913,Cozy and Bright One Bedroom in BK,21726366543,unconfirmed,Reed,Brooklyn,Greenpoint,40.72473,-73.95199,,,,,Entire home/apt,2004,,29.0,2,175,2019-07-07,1.79,3,1,119,,Brooklyn,invalid/missing price or service_fee
45064382,"Clean, Chic, Modern Studio in UWS",38004984222,unconfirmed,Grace,Manhattan,Morningside Heights,40.8058,-73.9652,United States,US,true,moderate,Entire home/apt,2017,255.0,,1,0,,,2,1,0,No Pet. No Smoking. ,Manhattan,invalid/missing price or service_fee
37256517,Live in best part of Williamsburg waterfront -#127,6871600605,unconfirmed,Eugene,Brooklyn,Williamsburg,40.70913,-73.96635,United States,US,true,strict,Private room,2003,,71.0,90,1,2021-05-01,0.1,5,218,277,,Brooklyn,invalid/missing price or service_fee
29291799,Cozy basement,94012222531,unconfirmed,Claudia,Queens,Woodside,40.75193,-73.90049,United States,US,false,strict,Entire home/apt,2020,802.0,,1,33,2022-02-27,6.73,2,1,286,,Queens,invalid/missing price or service_fee
8437503,Williamsburg Getaway,53134200490,unconfirmed,Sawyer,Brooklyn,Williamsburg,40.71139,-73.96002,United States,US,true,moderate,Private room,2017,,78.0,2,82,2019-06-03,2.06,1,1,8,"This apartment is located on a third floor, no elevator. Guest must be considered and respectful with the noise level. No stumping or running please.",Brooklyn,invalid/missing price or service_fee
8429771,Christopher Street: Heart of The West Village,32451297902,verified,Robert,Manhattan,West Village,40.73326,-74.00577,United States,US,true,flexible,Private room,2009,901.0,,2,2,2016-01-01,0.05,4,1,104,- 1 floor,Manhattan,invalid/missing price or service_fee
8422039,Spacious room in Beautiful Bedstuy,95175196109,verified,Matthew,Brooklyn,Bedford-Stuyvesant,40.6943,-73.9481,United States,US,false,flexible,Private room,2010,685.0,,3,6,2016-06-06,0.14,1,2,192,Respectful and Responsible Keep room clean and tidy Clean up after using kitchen or bathroom,Brooklyn,invalid/missing price or service_fee
29287381,Awesome Brightness Room Close to Downtown!,45721000449,verified,Amadeu,Queens,Ditmars Steinway,40.77356,-73.91638,United States,US,true,moderate,Private room,2003,,65.0,1,9,2022-02-27,1.81,2,9,341,,Queens,invalid/missing price or service_fee
8484449,"Cute bedroom in Chinatown,",19294962419,verified,Markus,Manhattan,Chinatown,40.71615,-73.99539,United States,US,false,strict,Private room,2008,,232.0,1,42,2018-01-01,0.98,3,1,59,"Nothing out of the ordinary...the basic considerations...being reasonably neat and tidy.   Please leave shoes in the entranceway.   NO SMOKING in apartment or deck. Kitchen is available for breakfast only;   I stock the breakfast essentials...coffee, tea, milk, cream, juice, cereal, bread, jelly, and often other items as well.  You may use the fridge for beverages and light snacks all day, but no cooking, frying baking of any meal, and no dinner in the house.   You may store items in the fridge. I'm insensitive to noise, so there is no need to tip-toe.  Plus we are 2 floors apart, you likely won't be hearing me either. I do request that guest be tidy and clean, i.e. dishes not left overnight, etc.  I do have a housekeeper a couple of times a month to handle the big stuff.",Manhattan,invalid/missing price or service_fee
38461636,Best accommodation N price /NYC professional room.,55116782511,verified,Barry,Bronx,Pelham Gardens,40.86473,-73.84078,United States,US,true,flexible,Private room,2020,429.0,,1,162,2020-03-12,2.78,5,5,0,,Bronx,invalid/missing price or service_fee
37230007,Furnished Bedroom in Shared Apt. 20 mins to City!,5316689586,unconfirmed,Eibhlin,Brooklyn,Bedford-Stuyvesant,40.68901,-73.92859,United States,US,false,flexible,Private room,2016,502.0,,30,1,2021-05-06,0.1,3,24,277,,Brooklyn,invalid/missing price or service_fee
54964360,Private bed & Bath 1/2 block from the A Express!,13482327796,unconfirmed,Amy,Manhattan,Washington Heights,40.85199,-73.93701,United States,US,true,strict,Private room,2014,276.0,,2,24,2019-07-06,2.39,5,1,119,,Manhattan,invalid/missing price or service_fee
37427178,"Spacious, quiet 1 br apt in beautiful Inwood!",94262488717,verified,Natasha,Manhattan,Inwood,40.86777,-73.92879,United States,US,false,moderate,Entire home/apt,2005,,22.0,10,20,2021-03-03,0.35,3,1,0,,Manhattan,invalid/missing price or service_fee
2202589,"Modern, Carroll Garden Townhouse",48952931428,verified,Jana,Brooklyn,Carroll Gardens,40.68204,-73.99249,United States,US,false,moderate,Entire home/apt,2010,1044.0,,3,41,2019-05-27,0.59,1,2,230,Small pets are allowed. There's an area by the window/fire escape where smoking is allowed.,Brooklyn,invalid/missing price or service_fee
37279162,3 br/2bath balcony views walk to hospitals,7356833796,verified,Allison,Manhattan,Kips Bay,40.74474,-73.97735,United States,US,true,moderate,Entire home/apt,2008,311.0,,3,65,2021-04-25,1.89,4,1,0,,Manhattan,invalid/missing price or service_fee
37227798,Super Sunny Room with Fireplace!,31238012123,unconfirmed,Anthony,Brooklyn,Crown Heights,40.66863,-73.94116,United States,US,true,strict,Private room,2014,659.0,,30,128,2021-05-08,1.79,3,7,298,,Brooklyn,invalid/missing price or service_fee
55002469,"Studio at Upper East Side Manhattan, New York",59846872035,unconfirmed,Тest,Manhattan,Upper East Side,40.77713,-73.95309,United States,US,false,strict,Entire home/apt,2003,,163.0,4,3,2018-08-21,0.27,2,2,0,,Manhattan,invalid/missing price or service_fee
37431596,Hotel Indigo LES Studio Suite with Skyline Terrace,56257457609,verified,Hotel Indigo,Manhattan,Lower East Side,40.72102,-73.98824,United States,US,true,moderate,Private room,2003,,198.0,3,2,2021-03-01,0.16,5,2,83,,Manhattan,invalid/missing price or service_fee
8435294,"Victorian Home, Welcoming Comfort",68179171199,verified,Laura,Brooklyn,Flatbush,40.63066,-73.96496,United States,US,true,flexible,Private room,2020,,195.0,2,5,2018-03-31,0.13,2,2,376,-We do not allow pets because we already have a small dog in the house but he is very friendly! -Please make sure to close the back door when you are coming in and out.,Brooklyn,invalid/missing price or service_fee
37488483,"PRIVATE BATH, PRIVATE ROOM AND PRIVATE ENTRANCE",88883797472,verified,Nicholas,Brooklyn,Gravesend,40.59616,-73.97537,United States,US,false,strict,Private room,2019,434.0,,3,52,2021-02-01,1.37,2,3,218,,Brooklyn,invalid/missing price or service_fee
37372500,Water View King Bed Hotel Room,68330440541,unconfirmed,Justin,Manhattan,Financial District,40.70666,-74.00378,United States,US,false,moderate,Private room,2018,,87.0,1,25,2021-03-29,1.63,3,102,22,,Manhattan,invalid/missing price or service_fee
37237739,A+ Location Classic Queen Studio (Queen Bed),83027167503,unconfirmed,Nomad,Manhattan,Midtown,40.74618,-73.98811,United States,US,true,moderate,Entire home/apt,2021,,63.0,1,22,2021-05-03,1.08,4,53,168,,Manhattan,invalid/missing price or service_fee
37258726,2 Beds/Queen & Full Beautiful Room 40 minsT.Square,35631572668,unconfirmed,Enrique,Bronx,Allerton,40.85826,-73.87262,United States,US,true,strict,Private room,2013,,91.0,2,200,2021-04-30,1.75,4,4,185,,Bronx,invalid/missing price or service_fee
37473019,Guest suite in owner-occupied private residence,94208214050,verified,Martin,Brooklyn,Bushwick,40.69977,-73.92233,United States,US,true,flexible,Entire home/apt,2020,,88.0,2,96,2021-02-11,1.46,3,1,0,,Brooklyn,invalid/missing price or service_fee
37429387,Awesome room |Private BATHROOM,41115896358,verified,Kristina & Jack,Queens,Ridgewood,40.69848,-73.90445,United States,US,false,strict,Private room,2020,,233.0,30,2,2021-03-02,0.15,2,24,364,,Queens,invalid/missing price or service_fee
37470810,"Private apt, charming, safe, near Prospect Park",74394038635,verified,Mary,Brooklyn,Windsor Terrace,40.65609,-73.97936,United States,US,false,strict,Entire home/apt,2012,,185.0,30,1,2021-02-12,0.08,2,6,64,,Brooklyn,invalid/missing price or service_fee
37238844,Gloria’s Brooklyn Space,68664662924,unconfirmed,Nytavia,Brooklyn,East New York,40.674,-73.87707,United States,US,false,flexible,Entire home/apt,2010,,23.0,30,1,2021-05-03,0.1,4,2,132,,Brooklyn,invalid/missing price or service_fee
37516098,Good location♪ 2min from station! 5Lines u can use,48489800023,unconfirmed,Soya,Queens,Woodside,40.74494,-73.89335,United States,US,true,flexible,Private room,2006,,121.0,7,1,2021-01-27,0.07,4,171,0,,Queens,invalid/missing price or service_fee
18066301,Brooklyn Brownstone Charm*,32304259945,unconfirmed,Rachel,Brooklyn,Bedford-Stuyvesant,40.68994,-73.95783,United States,US,false,flexible,Private room,2018,937.0,,3,5,2019-06-09,0.32,4,2,365,,Brooklyn,invalid/missing price or service_fee
37453688,"NoMo SoHo, Classic King Room",64532531296,verified,NoMo SoHo,Manhattan,SoHo,40.7198,-74.00004,United States,US,false,moderate,Private room,2012,720.0,,1,13,2021-02-21,0.57,2,9,35,,Manhattan,invalid/missing price or service_fee
54973197,Wyndham Midtown 45 (2 Bedroom Presidential) 7A,2331366700,unconfirmed,Michael,Manhattan,Midtown,40.75361,-73.97202,United States,US,true,flexible,Entire home/apt,2014,,179.0,3,7,2019-04-01,0.74,5,12,0,Please do not block other cars.,Manhattan,invalid/missing price or service_fee
37451479,"Battery Park Monthly rental, great location.",19107691601,verified,Pat,Manhattan,Battery Park City,40.70951,-74.01623,United States,US,true,moderate,Entire home/apt,2017,961.0,,30,7,2021-02-21,0.09,4,1,0,,Manhattan,invalid/missing price or service_fee
21533089,New gorgeous garden view spacious 1BR flat,33576751995,unconfirmed,Jillian,Manhattan,East Harlem,40.79524,-73.93429,United States,US,true,strict,Entire home/apt,2017,,,1,11,2019-07-02,1.34,3,3,356,,Manhattan,invalid/missing price or service_fee
4252174,Cozy 1BD on historic Stuyvesant St.,52940158970,verified,Anna,Manhattan,East Village,40.73046,-73.98808,United States,US,false,flexible,Entire home/apt,2022,,71.0,3,1,2014-11-14,0.02,2,1,385,No smoking No pets We don't charge a cleaning fee - guests are expected to contribute to light cleaning and maintenance for comfort of guests after them!,Manhattan,invalid/missing price or service_fee
49551820,nice room in bedstuy G,82432774874,unconfirmed,Randy,Brooklyn,Bedford-Stuyvesant,40.68403,-73.94979,United States,US,false,flexible,Private room,2022,,118.0,1,87,2019-07-02,2.5,1,15,305,Smoking whatever is your preference is ok on the decks.  Please use ashtrays and dispose of debris.    Clean up after your pet but feel free to use the yard for bathroom activities.,Brooklyn,invalid/missing price or service_fee
8430876,OPEN LOFT WITH PRIVATE BACKYARD,94134322358,verified,Michael,Brooklyn,Bedford-Stuyvesant,40.68843,-73.94537,United States,US,false,moderate,Entire home/apt,2006,1109.0,,5,10,2017-08-29,0.23,1,1,420,This listing is located in a residential area and so all the regular rules of living in a residential area apply.  Please be kind to the neighbors - we know and love them!  Please keep BBQs/outside activity to a minimum after 9 or 10PM.,Brooklyn,invalid/missing price or service_fee
8436399,Beautiful Bedford apartment,66627488457,unconfirmed,Miri,Brooklyn,Williamsburg,40.71193,-73.96383,United States,US,false,flexible,Entire home/apt,2013,,82.0,4,63,2019-06-28,1.58,2,1,84,,Brooklyn,invalid/missing price or service_fee
4249965,Two bedroom in Prime East Village,28961369403,verified,Jc,Manhattan,East Village,40.73045,-73.98392,United States,US,false,moderate,Entire home/apt,2009,,27.0,4,8,2018-12-14,0.19,5,2,96,,Manhattan,invalid/missing price or service_fee
4265429,Big Room with Private Bathroom,83776079534,unconfirmed,Dean,Manhattan,East Village,40.72607,-73.98867,United States,US,false,moderate,Private room,2003,,43.0,364,8,2019-01-07,0.17,4,1,29,"Please remember that this is a residential building. The building rules, apartment occupancy restrictions and the year-round tenants must be respected.",Manhattan,invalid/missing price or service_fee
57366313,Pretty Brooklyn One-Bedroom for 2 to 4 people,23801060917,verified,Michael,Brooklyn,Bedford-Stuyvesant,40.6781,-73.90822,United States,US,true,moderate,Entire home/apt,,387.0,,2,50,2019-06-26,3.12,4,2,235,"* Check out: 10am * We made an effort to keep things organized. Please help us to maintain the house as beautiful and clean as possible.  * Please ask before bringing visitors, and sorry I can only allow the number of guest on the reservation to stay overnight.  * I also ask that shoes not be worn in the house to keep the wood floors clean, and that you only eat in the dining room area.",Brooklyn,invalid/missing price or service_fee
8438608,Clean room in a nice apartment,58091831039,unconfirmed,Marianne,Manhattan,Kips Bay,40.73956,-73.98163,United States,US,true,flexible,Private room,2014,,115.0,1,0,,,3,1,418,"Enjoy our home and please leave it clean & tidy like you found it :) Thank you for not smoking. Sorry, no pets even though we love them. We have nice respectful neighbors so no loud music or parties. Hanging out & music are fine just keep others in mind :)  Thank you!",Manhattan,invalid/missing price or service_fee
54967674,Sunny Master Bedroom In Prime Williamsburg 30 Days,36146403399,verified,Joe And Shelly,Brooklyn,Williamsburg,40.70722,-73.94121,United States,US,false,flexible,Private room,2004,,46.0,27,4,2019-04-29,0.44,4,2,154,Please leave shoes at the front door. Guests should wash dishes after using them and clean the stove after each use.  Please keep common areas clean (especially the bathroom).  Do not leave towels lying around (either hang on the rack in the bathroom or in the closet) Do not make noise after midnight.  No additional guests,Brooklyn,invalid/missing price or service_fee
21512653,Amazing private room 15 min to manhattan!,82006672735,verified,Jay And Josh,Brooklyn,Bedford-Stuyvesant,40.69853,-73.94736,United States,US,false,flexible,Private room,2016,867.0,,2,24,2019-06-20,3.83,5,3,310,No Smoking,Brooklyn,invalid/missing price or service_fee
37326659,Sunnysid -Locals' favorite neighbor for living,8525434282,verified,Soya,Queens,Sunnyside,40.73872,-73.92573,United States,US,false,strict,Private room,2012,,73.0,30,2,2021-04-06,0.15,5,171,0,,Queens,invalid/missing price or service_fee
22247212,Monthly: Gorgeous 3 Story Brownstone,75338956172,verified,Jane,Manhattan,East Harlem,40.80855,-73.93841,United States,US,false,strict,Entire home/apt,2017,696.0,,23,1,2019-01-06,0.16,3,1,0,**No cigarettes in the house please.  **There is a strict $50 additional fee for each additional guest not on the original reservation (Emergency situations will be reviewed for accommodation.) - If you are coming in from outside the country please confirm your arrival time before your trip. Also if you are e-mailing me from an e-mail address that is different from your Air Bnb account please reference the name on the booking when you e-mail to avoid confusion. ** ABSOLUTELY NO parking in the driveway. There is ample street parking. Please keep the gate closed Feel free to use the patio and backyard Consider us & the neighbors by keeping noise down Smoking is permitted outside ONLY Please dispose of your cigarettes appropriately Have fun & Feel free to contact us for anything that you may need!,Manhattan,invalid/missing price or service_fee
1225018,Spacious West Village 1 b/room King,65582846543,verified,Kelly,Manhattan,West Village,40.73215,-74.00922,,,,,Entire home/apt,2011,,157.0,4,24,2017-12-26,0.25,5,1,424,"Guest is expected to behave in a nice and orderly manner with respect to other roommates and neighbors. The guest is expected to keep the WHOLE apartment in the same condition they found it in, including the bedroom and bathrooms.",Manhattan,invalid/missing price or service_fee
1083076,NYC Zen,83696952551,verified,Amelia,,East Village,40.72354,-73.98295,United States,US,false,strict,Entire home/apt,2003,,119.0,3,30,2019-06-17,0.28,5,1,344,No Smoking No Pets No Parties,,invalid/missing price or service_fee
14467515,Artist's loft / Room / Greenpoint,28591552909,unconfirmed,Alican,Brooklyn,Greenpoint,40.72842,-73.9421,United States,US,true,flexible,Private room,2014,,217.0,4,4,2019-06-26,0.34,2,1,3,#NAME?,Brooklyn,invalid/missing price or service_fee
54969883,Heart of the West Village Apartment,70189723183,verified,Oliver,Manhattan,West Village,40.73762,-74.002,United States,US,false,strict,Entire home/apt,2009,,66.0,5,1,2018-11-04,0.12,4,1,0,,Manhattan,invalid/missing price or service_fee
23732899,comfortable cozy,17350832723,unconfirmed,Guy,Brooklyn,East New York,40.66287,-73.88553,United States,US,true,strict,Private room,2003,,118.0,2,3,2019-06-23,1.14,5,1,363,,Brooklyn,invalid/missing price or service_fee
8459595,East Village Bedroom w/Roof Deck,8779723551,unconfirmed,Joe,Manhattan,East Village,40.73061,-73.98335,United States,US,true,strict,Private room,2017,,28.0,2,51,2019-07-02,1.19,3,3,59,Absolutely NO smoking NOR use of drugs.  And NO shoes in the house! You will be requested to take off your shoes at the entrance.   Please Bring a positive attitude and fun spirit!,Manhattan,invalid/missing price or service_fee
14402896,Private Prospect Heights room,91143756935,unconfirmed,Alina,Brooklyn,Crown Heights,40.67313,-73.96254,United States,US,true,strict,Private room,2012,,109.0,1,8,2018-12-01,0.33,4,1,8,"respecfull, consideret.and loving",Brooklyn,invalid/missing price or service_fee
14496234,"Cute, sunny room in NYC!",56227778522,verified,Meredith,Manhattan,Washington Heights,40.85029,-73.93602,United States,US,true,strict,Private room,2004,,133.0,2,3,2018-08-22,0.13,4,1,0,,Manhattan,invalid/missing price or service_fee
45063278,Large 1 bd Apt in Heart of Chelsea Manhattan,80735212181,verified,Donald,Manhattan,Chelsea,40.74911,-74.00125,United States,US,true,moderate,Entire home/apt,2017,344.0,,28,4,2017-05-24,0.15,4,1,95,No smoking please. No pets.,Manhattan,invalid/missing price or service_fee
57355267,rooms in sunny Loft right off the Bedford L stop,6043744134,verified,Anna,Brooklyn,Williamsburg,40.71612,-73.95983,United States,US,true,strict,Private room,2009,138.0,,22,0,,,4,2,0,"In the kitchen the primary thing would be to wash your own dishes and clean up after yourself. We don't usually use shoes in the house, we can provide you with slippers or you might want to bring some. Its not a problem if you have to use orthopedic shoes. The bathroom is clean and we want folks to hang up your towels,either in your room or in the bathroom, and not leave the floor wet. We are not a loud house at night. Alcohol is fine so long as you aren't bent on getting drunk. And please no smoking inside, we have plenty of space outdoors for that. If you are here by yourselves for more than 3-4 days we may ask you to water the house plants. We ask that you recycle all pertinent trash and compost your food scraps, if you're not familiar with that we'll be happy to show you our system. No outdoor fires allowed if we are not present. Check in time is best at 3 PM and check out is at noon.",Brooklyn,invalid/missing price or service_fee
55004125,New York Condominium,64973756767,unconfirmed,Ken,Manhattan,SoHo,40.7206,-74.0033,United States,US,true,flexible,Entire home/apt,2004,,69.0,3,5,2018-12-27,0.52,5,1,180,"- No smoking anywhere (non-smokers only) - No cologne/perfume/scented sprays due to allergy (deodorant roll/stick OK, hairspray OK) - Cat in the house, free roaming, please don't feed her - No disturbance - Visitors not permitted - Recycling, conserve resources, reusable shopping bag provided - Please avoid single use plastic bags - NO parking, don't bring a car - Light kitchen use: microwave, refrigerator/freezer, toaster, electric tea pot",Manhattan,invalid/missing price or service_fee
8461804,Midtown Manhattan,91408737299,unconfirmed,Michael,Manhattan,Hell's Kitchen,40.76407,-73.98579,United States,US,true,moderate,Private room,2021,,162.0,6,36,2018-07-05,0.84,5,2,368,"Quiet hours are 10 PM to 6 AM.  No smoking, even outside.  No pets.  We already have one.",Manhattan,invalid/missing price or service_fee
37512784,"Beautiful, cozy, Penthouse Studio in Astoria/LIC",21160163067,verified,Cris,Queens,Astoria,40.77042,-73.92613,United States,US,false,strict,Entire home/apt,2006,,94.0,1,26,2021-01-29,0.6,4,1,0,,Queens,invalid/missing price or service_fee
37489588,Large Studio in the heart of East Village,3764553217,unconfirmed,Marian,Manhattan,East Village,40.72924,-73.98443,United States,US,false,flexible,Entire home/apt,2007,707.0,,30,2,2021-02-01,0.07,5,1,0,,Manhattan,invalid/missing price or service_fee
37432701,Double Room w Private Deck Clinton Hill Best Area,72680093761,verified,Patricia,Brooklyn,Clinton Hill,40.69121,-73.96804,United States,US,false,flexible,Private room,2018,,112.0,30,29,2021-02-28,0.2,3,2,334,,Brooklyn,invalid/missing price or service_fee
4656457,Two story apt with rooftop terrace,6686390839,unconfirmed,Amy,Manhattan,Upper West Side,40.77871,-73.97733,United States,US,false,strict,Entire home/apt,2008,111.0,,2,23,2019-06-17,0.48,5,1,305,,Manhattan,invalid/missing price or service_fee
45065487,In the Heart of the East Village,10565548264,verified,Judith,Manhattan,East Village,40.72734,-73.98338,United States,US,false,flexible,Private room,2009,138.0,,3,5,2019-07-01,0.24,3,1,9,Please respect our privacy on 1st and 2nd floors.  We do appreciate you being quiet when coming in very late at night.  If you need anything we are happy to help in any way.,Manhattan,invalid/missing price or service_fee
57360790,Private Bedroom in Rego Park / Forest Hills,15978912806,unconfirmed,,Queens,Rego Park,40.7246,-73.85688,United States,US,false,moderate,Private room,2006,,,1,0,,,3,1,0,,Queens,invalid/missing price or service_fee
37375814,Luminous Beautiful West Village Studio,25281552442,verified,Tom,Manhattan,West Village,40.73405,-74.00281,United States,US,false,strict,Entire home/apt,2005,,28.0,30,32,2021-03-27,0.23,5,1,0,,Manhattan,invalid/missing price or service_fee
54996393,Historic Brooklyn Brownstone Apartment,51800375559,verified,Adrian,Brooklyn,Windsor Terrace,40.65818,-73.98031,United States,US,true,moderate,Entire home/apt,2008,1077.0,,3,55,2019-07-02,5.11,2,1,37,"I spent a lot of time and effort renovating my property, so I ask that you respect it as your own. Please be cognizant of neighbors - no loud music, no parties, and no people who aren't a part of the reservation should be staying overnight. Please leave all used sheets/towels in the bathroom. * No SMOKING in the unit * No PETS",Brooklyn,invalid/missing price or service_fee
37448165,Cozy room at heart of Astoria,1857489924,unconfirmed,Nadir,Queens,Astoria,40.76678,-73.91857,United States,US,false,flexible,Private room,2014,637.0,,10,1,2021-02-23,0.07,2,3,0,,Queens,invalid/missing price or service_fee
37492902,Nice Room Empire State building (2),5920257966,unconfirmed,Serra,Manhattan,Murray Hill,40.74793,-73.98017,United States,US,false,moderate,Private room,2019,502.0,,30,7,2021-01-31,0.07,2,2,288,,Manhattan,invalid/missing price or service_fee
37445956,Room in Manhattan. 15 mins train to Time Square,66464483107,verified,Peiyi,Manhattan,East Harlem,40.8088,-73.9361,United States,US,true,strict,Private room,2010,470.0,,1,53,2021-02-24,1.55,3,2,0,,Manhattan,invalid/missing price or service_fee
57362999,MASTER Cozy Bedroom Queen size 2 blocks Timesquare,80154173698,verified,,Manhattan,Hell's Kitchen,40.76125,-73.98945,United States,US,true,strict,Entire home/apt,2020,,,1,81,2019-03-05,2.96,2,2,0,"- I work at home and prefer to rent to folks who are visiting Boston for business and professional reasons.  Most of my guests are here to work in the Longwood Medical Area.  I often rent to fourth-year medical students doing rotations at HMS, and to physicians and post-docs affiliated with other institutions in the LMA. - I have a dog and two cats, so please take care and don't leave the front door standing open. -Please, no guests.  There are lots of pubs in the neighborhood if you want to meet friends.",Manhattan,invalid/missing price or service_fee
22250526,Cozy 1 bedroom apt in Brooklyn,89951498422,unconfirmed,Maurice,Brooklyn,East Flatbush,40.65265,-73.91233,United States,US,true,strict,Entire home/apt,2008,1079.0,,2,13,2019-06-30,2.52,4,1,305,,Brooklyn,invalid/missing price or service_fee
18086737,Private Bedroom-Upper East Side-Central Park,22628157106,unconfirmed,Samet,Manhattan,Upper East Side,40.76516,-73.95841,United States,US,true,strict,Private room,2008,,121.0,1,23,2019-01-28,1.46,3,5,0,,Manhattan,invalid/missing price or service_fee
37495111,Grand Central/UN/Langone. Lrg Rm Vu's. Own1/2 Bath,8623078100,unconfirmed,Burton,Manhattan,Kips Bay,40.74476,-73.97837,United States,US,true,strict,Private room,2014,144.0,,20,16,2021-01-31,0.18,4,2,0,,Manhattan,invalid/missing price or service_fee
37430492,"Stunning Midtown East 1 Bed w/ Gym, Rooftop #6135",81455665833,verified,MyNyHousing,Manhattan,Murray Hill,40.74574,-73.97812,United States,US,false,flexible,Entire home/apt,2016,,68.0,30,3,2021-03-01,0.16,5,48,339,,Manhattan,invalid/missing price or service_fee
14439347,30+Day: Fun 3 Bedroom (kids Favorite) Home by Deck,69730810117,unconfirmed,Ali,Queens,Flushing,40.75558,-73.81019,United States,US,false,moderate,Entire home/apt,2003,,182.0,6,30,2019-04-23,1.34,1,7,174,#NAME?,Queens,invalid/missing price or service_fee
37396801,City Queen – Terrace ADA,60242756482,unconfirmed,Arlo SoHo,Manhattan,SoHo,40.7244,-74.00794,United States,US,false,flexible,Hotel room,2008,916.0,,1,1,2021-03-18,0.08,5,11,62,,Manhattan,invalid/missing price or service_fee
17046756,Newly Furnished 2BR~Prime UES~CPark~subway2 blocks,23122390722,verified,Izi,Manhattan,Upper East Side,40.774,-73.94932,United States,US,false,strict,Entire home/apt,2015,995.0,,30,3,2019-06-17,0.25,2,13,147,"No Smoking inside the apartment No Pets When possible, please remove shoes at entryway.  This is our home so please treat it as you would your own and tidy up upon your checkout.",Manhattan,invalid/missing price or service_fee
37373605,Safe Chelsea block by Hudson Yards & many Subways,55410202477,verified,Michael,Manhattan,Chelsea,40.75016,-73.99727,United States,US,false,strict,Entire home/apt,2016,,217.0,75,20,2021-03-28,0.23,3,20,282,,Manhattan,invalid/missing price or service_fee
1118976,Sleek & Comfortable Soho Apt,47502993049,,Brown,Manhattan,West Village,40.72861,-74.0049,United States,US,false,moderate,Entire home/apt,2006,,48.0,5,129,2019-05-19,,2,1,81,,Manhattan,invalid/missing price or service_fee
21510444,Harlem Heights Pearl Suite,92029763462,verified,Keanna,Manhattan,Harlem,40.8252,-73.95189,United States,US,false,moderate,Private room,2020,457.0,,1,13,2019-06-11,1.58,2,3,71,"No smoking, no parties, no pets.",Manhattan,invalid/missing price or service_fee
29292904,Perfectly located with patio + free street parking,83404676796,unconfirmed,Sahil,Manhattan,East Village,40.72025,-73.97783,United States,US,true,moderate,Entire home/apt,2006,865.0,,1,6,2022-02-27,4.29,5,1,153,,Manhattan,invalid/missing price or service_fee
37324450,Beautiful Renovated Apartment NYC.,90835356799,unconfirmed,Rony,Bronx,Kingsbridge,40.88169,-73.90691,United States,US,true,moderate,Entire home/apt,2022,,192.0,30,74,2021-04-07,1.15,3,2,324,,Bronx,invalid/missing price or service_fee
1010725,Perfect for Your Parents + Garden,80380130347,verified,Ryan,Brooklyn,Fort Greene,40.69169,-73.97185,United States,,,flexible,Entire home/apt,2006,656.0,,2,198,2019-06-28,1.72,5,1,96,"- Please be mindful of the neighbors, quiet time after 10PM  - Check-out time is at 11AM on the day of your departure.  - If you're going to smoke outside, please clean up after yourself and do not throw cigarette butts on the ground - The refrigerator and cabinets are available for your use but please do not take food items unless explicitly permitted",Brooklyn,invalid/missing price or service_fee
37394592,Convenient private apartment near JFK,27483169624,unconfirmed,Ameela,Queens,Jamaica,40.68911,-73.79405,United States,US,false,flexible,Entire home/apt,2014,318.0,,3,1,2021-03-20,0.08,4,2,0,,Queens,invalid/missing price or service_fee
21324319,Garden apartment in historic Brooklyn townhouse.,67507045045,unconfirmed,Jenny,Brooklyn,Bedford-Stuyvesant,40.68982,-73.95818,United States,US,false,flexible,Entire home/apt,,,41.0,3,18,2019-07-07,2.19,4,1,307,No Smoking No Pets,Brooklyn,invalid/missing price or service_fee
8510959,Resort-like living in Williamsburg,87240564344,verified,Mohammed,Brooklyn,Williamsburg,40.71552,-73.93869,United States,US,true,flexible,Entire home/apt,2013,,,5,1,2016-01-01,0.02,4,1,340,"不抽烟,不带宠物,不能带其他人入屋",Brooklyn,invalid/missing price or service_fee
8483896,Artsy/Neat 1 Bedroom Apartment in the heart of LES,34107924478,verified,Louise,Manhattan,Lower East Side,40.7178,-73.98504,United States,US,true,moderate,Shared room,2016,,111.0,2,4,2016-12-11,0.11,1,1,326,,Manhattan,invalid/missing price or service_fee
21513758,Beautiful private room in townhouse!,35480116902,unconfirmed,Jay And Josh,Brooklyn,Bedford-Stuyvesant,40.69712,-73.94732,United States,US,true,moderate,Private room,2022,136.0,,2,13,2019-04-27,1.72,5,3,320,ABSOLUTELY NO SMOKING.,Brooklyn,invalid/missing price or service_fee
37284132,Luxury 1-bdr Apt with Breathtaking Views of NYC,30412833601,unconfirmed,Jordi,Manhattan,Hell's Kitchen,40.76333,-73.9956,United States,US,true,flexible,Entire home/apt,2008,133.0,,30,2,2021-04-24,0.16,4,1,0,,Manhattan,invalid/missing price or service_fee
22248317,Farm house style Bay Ridge (private D),22534850023,unconfirmed,Fon,Brooklyn,Bay Ridge,40.63574,-74.03102,United States,US,false,strict,Private room,2011,937.0,,365,1,2018-12-15,0.14,3,4,189,,Brooklyn,invalid/missing price or service_fee
37454793,Private Bedroom in Manhattan,55520318829,verified,Sergii & Vlada,Manhattan,Harlem,40.80321,-73.95617,United States,US,false,flexible,Private room,2014,628.0,,30,1,2021-02-21,0.08,3,9,30,,Manhattan,invalid/missing price or service_fee
37325555,UNBEATABLE VIEW/SUNNY ROOM/BIG WINDOWS,57991840399,unconfirmed,Golden&Mavy,Manhattan,Harlem,40.82222,-73.95415,United States,US,false,flexible,Private room,2008,,15.0,30,3,2021-04-07,0.18,2,3,365,,Manhattan,invalid/missing price or service_fee
2202036,★Private Room Overlooking the Park★,95870728867,unconfirmed,Yakov & Cynthia,Manhattan,Harlem,40.81309,-73.95267,United States,US,true,flexible,Private room,2009,256.0,,10,45,2015-08-05,0.6,2,1,381,,Manhattan,invalid/missing price or service_fee
21511549,KINGS THEATER! MODERN PRIVATE ROOM WITH AMENITIES!,58354696207,unconfirmed,Ekaterina,Brooklyn,Flatbush,40.6458,-73.95392,United States,US,false,flexible,Private room,2018,265.0,,1,54,2019-07-02,6.78,3,1,317,No Smoking,Brooklyn,invalid/missing price or service_fee
55001916,Upper East Side creative sanctuary apartment,3968784273,verified,Zizi,Manhattan,Upper East Side,40.78497,-73.95201,United States,US,false,flexible,Entire home/apt,2022,,234.0,4,7,2019-06-24,0.69,2,1,0,"No smoking, no drugs, no partying, no pets. This is not a party pad. We would like you to respect all personal belongings in the apartment and ask you to leave everything the way it was when we gave it to you.  We ask that you water the plants (4 of them) once a week. Please leave the apartment clean and the way we left it, as per AirBnB terms and conditions.",Manhattan,invalid/missing price or service_fee
37428283,Spacious one bedroom in midtown Manhattan,53516230204,verified,Stanley,Manhattan,Murray Hill,40.74809,-73.97565,United States,US,false,flexible,Entire home/apt,2021,,118.0,30,3,2021-03-02,0.06,2,83,364,,Manhattan,invalid/missing price or service_fee
37513889,"1 Brd Apt, Active Area, 1 Train Stop From  NYC.",74735291718,verified,Evans,Brooklyn,Williamsburg,40.72002,-73.95869,United States,US,true,moderate,Private room,2016,,176.0,1,1,2021-01-29,0.07,3,2,0,,Brooklyn,invalid/missing price or service_fee
8509855,Brooklyn apartment 20 min to Manhattan,28207195229,unconfirmed,Christopher,Brooklyn,Park Slope,40.67174,-73.98616,United States,US,false,strict,Private room,2010,,,30,17,2018-09-01,0.44,4,1,382,"NO PETS!  NO SMOKING ON PREMISES! NO PARTY! A printed house rule will be provided. Please be respectful to others when all rooms are booked. 10 AM Check-out and Check-in is between 12 PM (noon) - 3 PM.   Late check in after 8 pm is $50, lock out is $50. Respect yourself, Respect others, clean up after yourself.  No Smoking/drinking in apt.  Thank You! Location Rules: The ""Exact Address Location Is Not Disclosed For Security Reasons"" And Is Given Out 24 Hours Prior to Check-in.  If This Is a Problem for You, Please STOP Here And Contact Other Hosts for Your Stay.   This Is a Part Of My House Rules.",Brooklyn,invalid/missing price or service_fee
37278609,Gorgeous large sunny room in NYC!,35632476376,verified,Anthony,Brooklyn,Crown Heights,40.66923,-73.94038,United States,US,true,strict,Private room,2019,1175.0,,30,129,2021-04-25,1.78,3,7,247,,Brooklyn,invalid/missing price or service_fee
37447061,2BD apt w/ outdoor space - Williamsburg/Greenpoint,39775895108,verified,Marcelo,Brooklyn,Greenpoint,40.71947,-73.94789,United States,US,false,strict,Entire home/apt,2012,413.0,,15,2,2021-02-24,0.13,2,1,0,,Brooklyn,invalid/missing price or service_fee
21459080,"Artistic Studio Apt, Private Entrance",92910357299,unconfirmed,Tohar,Brooklyn,Crown Heights,40.66935,-73.94133,United States,US,false,strict,Entire home/apt,2013,,164.0,2,17,2019-06-16,2.01,4,1,245,We want you to treat our home as your own.  We have a few house rules- -Extra visitors and overnight guests are not allowed. - No pets -No smoking -Cooking facilities are not available -Minimum 2 night stay,Brooklyn,invalid/missing price or service_fee
37348751,Modern 2 BR / 1.5 Bath in Lower Manhattan,5431846226,unconfirmed,Danielle,Manhattan,Two Bridges,40.71151,-73.99418,United States,US,true,flexible,Entire home/apt,2004,525.0,,27,2,2021-04-02,0.15,3,1,0,,Manhattan,invalid/missing price or service_fee
37286341,Private Modern Studio. Super cozy and quiet.,87776794202,verified,Jay,Staten Island,West Brighton,40.63435,-74.11374,United States,US,true,moderate,Entire home/apt,2021,1167.0,,2,8,2021-04-23,0.2,5,1,338,,Staten Island,invalid/missing price or service_fee
37257622,Bright Greenwich village 2-room studio,44226104129,unconfirmed,Lachlan,Manhattan,Greenwich Village,40.72893,-74.00101,United States,US,true,strict,Entire home/apt,2019,,28.0,30,1,2021-05-01,0.1,2,1,60,,Manhattan,invalid/missing price or service_fee
37322241,Spread Luv the Brooklyn Way!,88004952440,verified,Crystal,Brooklyn,Flatlands,40.62328,-73.93486,United States,US,false,moderate,Entire home/apt,2016,,176.0,2,8,2021-04-09,0.5,4,1,0,,Brooklyn,invalid/missing price or service_fee
45066592,New tidy  room attached by PRIVATE FULL BATH,75898833822,unconfirmed,Jimmy &Cindy,Queens,Flushing,40.75884,-73.81477,United States,US,false,moderate,Private room,2021,,,3,88,2019-06-30,3.28,5,10,358,No Smoking No Pets,Queens,invalid/missing price or service_fee
4657562,"600 SF appartment in NYC, Manhattan",8994595988,verified,Alexander,Manhattan,Midtown,40.76022,-73.9744,United States,US,false,moderate,Entire home/apt,2007,238.0,,6,13,2017-01-10,0.25,1,1,179,,Manhattan,invalid/missing price or service_fee
54999707,Shared room with bunk beds,64631128926,unconfirmed,Dan,Brooklyn,Borough Park,40.64047,-73.99687,United States,US,true,flexible,Shared room,2022,,185.0,3,8,2019-01-02,0.77,5,4,88,,Brooklyn,invalid/missing price or service_fee
14494025,Garden Master Bedroom in Crown Heights,98032165678,verified,Yan,Brooklyn,Crown Heights,40.67021,-73.92368,United States,US,true,flexible,Private room,2014,,81.0,1,49,2019-06-03,2.02,1,12,51,,Brooklyn,invalid/missing price or service_fee
8419277,1 Bedroom in Crown Heights,5856336018,verified,Alex,Brooklyn,Crown Heights,40.67023,-73.95257,United States,US,true,moderate,Entire home/apt,2013,451.0,,1,0,,,4,1,222,No Smoking No Pets,Brooklyn,invalid/missing price or service_fee
23734004,Forest Sanctuary in Bushwick,29211324925,unconfirmed,Matthew,Brooklyn,Bushwick,40.70118,-73.92176,United States,US,true,moderate,Entire home/apt,2006,,32.0,2,19,2019-06-23,3.88,5,1,53,,Brooklyn,invalid/missing price or service_fee
45068801,Cozy Room Minutes To Manhattan. #2,78891295405,verified,Faye,Staten Island,Stapleton,40.63464,-74.07842,United States,US,false,strict,Private room,2019,,,1,13,2019-03-20,0.48,3,3,362,please be quiet and respectful of the other renters,Staten Island,invalid/missing price or service_fee
4654248,Modern (Website hidden by Airbnb) Sq Apt!,49226291341,verified,Idris,Manhattan,East Village,40.72781,-73.97646,United States,US,false,flexible,Entire home/apt,2011,357.0,,3,42,2016-09-21,0.77,5,1,229,"Guests who use kitchen must wash their dishes (or put them in dishwasher) and wipe stove and counters after eating, in courtesy to other guests. No smoking inside or behind the house; smoking is permitted only in smoking area in front of house. To maintain quiet on floors with bedrooms, please use headphones to listen to music/videos or when making (website hidden) calls in bedrooms, and keep hallways conversations quiet and short.  ",Manhattan,invalid/missing price or service_fee
37449270,Trending fun Bushwick room with brazilians/love,52551567120,verified,João,Brooklyn,Bushwick,40.70433,-73.92685,United States,US,false,moderate,Private room,2010,1024.0,,60,4,2021-02-23,0.13,4,2,0,,Brooklyn,invalid/missing price or service_fee
8512064,"Sunny, Spacious Private BR in East Village!",25735920280,verified,Edward,Manhattan,East Village,40.72828,-73.98901,United States,US,true,moderate,Private room,2016,,,1,134,2018-07-02,3.15,1,1,26,"This is a non-smoking residence.  There is light housekeeping (biweekly washing of linens, removal of kitchen trash) but guests are expected to clean up after themselves and keep the area tidy, including removing hair from bathtub and sink and washing dishes right away.  Remove shoes in the apartment. Slippers are OK. Turn off lights when exiting a room or hallway. Guests are not permitted without prior authorization. Overnight guests are not allowed.  Be courteous to others in the household.  Additional rules will be in the house manual, available upon arrival.",Manhattan,invalid/missing price or service_fee
37470257,Wall St | Wally St Room + Manhattan,29036478999,unconfirmed,Jose,Manhattan,Financial District,40.70621,-74.00793,United States,US,false,strict,Private room,2012,,15.0,30,3,2021-02-12,0.14,2,5,15,,Manhattan,invalid/missing price or service_fee
37255413,Manhattan PRIME Location. Luxury apartment.,51671038185,unconfirmed,Ann,Manhattan,Chelsea,40.75385,-74.00072,United States,US,true,strict,Entire home/apt,2016,,89.0,30,1,2021-05-01,0.1,3,1,234,,Manhattan,invalid/missing price or service_fee
4346617,HOME AWAY FROM HOME,87028166901,unconfirmed,Patwell,Manhattan,Harlem,40.80066,-73.95147,United States,US,false,strict,Entire home/apt,2008,,87.0,2,36,2018-11-06,0.78,1,2,395,"Please remember that this is a residential building. The building rules, apartment occupancy restrictions and the year-round tenants must be respected.",Manhattan,invalid/missing price or service_fee
21456871,Great New York -  Private or shared room 2,45223222629,verified,Ruby,Manhattan,Midtown,40.74684,-73.98698,United States,US,false,moderate,Private room,2006,,97.0,4,7,2019-05-11,0.82,2,6,357,No Smoking No Pets,Manhattan,invalid/missing price or service_fee
37371396,Luxurious Suite Grand Central,59477009232,verified,Ian,Manhattan,Murray Hill,40.74947,-73.97855,United States,US,true,strict,Entire home/apt,2022,,165.0,30,11,2021-03-29,0.25,2,3,202,,Manhattan,invalid/missing price or service_fee
37327764,Bushwick private apartment in Brooklyn,2301316735,unconfirmed,Princess,Brooklyn,Bushwick,40.69062,-73.90897,United States,US,true,strict,Entire home/apt,2009,,13.0,1,1,2021-04-06,0.08,3,1,0,,Brooklyn,invalid/missing price or service_fee
22251631,Classy NY charm place with sunlight (so rare),57210597951,verified,Alla,Manhattan,Hell's Kitchen,40.76052,-73.99241,United States,US,false,strict,Private room,2021,297.0,,2,7,2019-06-02,0.94,2,1,10,"We expect our guests to be respectful of our space, belongings and neighbors. Check out time is 11am and Check in time is 3pm.",Manhattan,invalid/missing price or service_fee
17040680,*Lp)  Amazing Private Room in Brooklyn,92301974751,unconfirmed,Elsie,Brooklyn,Bushwick,40.68683,-73.91692,United States,US,true,flexible,Private room,2006,116.0,,2,41,2019-06-12,2.46,5,10,362,"No smoking  Not suitable for pets  No parties or events  Check-in time is after 2pm Quiet hours: 10pm-8am - Please refrain from loud noise after 10pm as this is a family neighborhood. Music and voices from the upper deck carries down the block. We enforce a loss of deposit if there are noise complaints. - No parties. Although we want your group to have tons of fun, additional unnamed guests at a party will result in a 100% loss of deposit. AGREEMENT This Lease Agreement (the “Agreement"") is made by and between Airbnb host (“Homeowner"") and (“Guest"") as of the date last set forth on the agreement made via the (website hidden). For good and valuable consideration, the sufficiency of which is acknowledged, the parties hereby agree as follows: 1. Property. The property address will be disclosed at time of booking. 2. Rental Party. The rental party shall consist of Adults and Children (under age 18). The maximum number of guests is limited to 4 persons. Additional guests staying the night b",Brooklyn,invalid/missing price or service_fee
22246108,Brooklyn Jade,52631430476,unconfirmed,Audrey,Brooklyn,East Flatbush,40.63685,-73.93094,United States,US,true,moderate,Private room,2016,890.0,,4,12,2019-06-04,1.78,3,4,62,#NAME?,Brooklyn,invalid/missing price or service_fee
18067406,Room in Greenpoint w/ private balcony and bathroom,56986656987,unconfirmed,Rebecca,Brooklyn,Greenpoint,40.72977,-73.95125,United States,US,false,moderate,Private room,2020,470.0,,1,9,2019-06-04,3.42,4,2,54,"Please remember that this is a residential building. The building rules, apartment occupancy restrictions and the year-round tenants must be respected.  Parties and smoking are not allowed under any circumstances and incur significant fees. Pets may be considered with pre-approval and an additional pet fee.",Brooklyn,invalid/missing price or service_fee
2198722,Big Room with Bath in Bushwick!,56297592865,unconfirmed,Kate,Brooklyn,Bushwick,40.68923,-73.91946,United States,US,true,moderate,Private room,2021,1093.0,,3,92,2019-06-19,1.22,1,3,423,,Brooklyn,invalid/missing price or service_fee
18065197,温馨小屋,54637411140,unconfirmed,Vicky,Queens,Flushing,40.74309,-73.82472,United States,US,true,moderate,Private room,2004,1096.0,,1,53,2019-06-23,3.47,3,1,341,,Queens,invalid/missing price or service_fee
8460700,Spacious and cozy room!,9455739013,unconfirmed,Tobias,Brooklyn,Bushwick,40.69802,-73.91472,United States,US,false,moderate,Private room,2013,,172.0,1,0,,,4,3,35,"We don't allow smoking, drug use, excessive parties, or loud music out of respect for our neighbors.  Please treat our home like your own! ",Brooklyn,invalid/missing price or service_fee
37397906,Hotel Room King Bed,84969417888,unconfirmed,Keith,Manhattan,Midtown,40.75758,-73.98158,United States,US,true,flexible,Private room,2008,908.0,,145,4,2021-03-18,0.33,2,15,270,,Manhattan,invalid/missing price or service_fee
57356923,HUGE BEDROOM LORIMER L TRAIN!!!,29320426760,unconfirmed,Jose,Brooklyn,Williamsburg,40.71355,-73.95003,United States,US,true,flexible,Private room,2016,570.0,,28,17,2019-04-30,0.61,1,6,229,No smoking,Brooklyn,invalid/missing price or service_fee
37517203,Bright & Modern Studio in Chelsea,57870341295,unconfirmed,Maya,Manhattan,Chelsea,40.73928,-74.00099,United States,US,false,flexible,Entire home/apt,2018,,111.0,30,2,2021-01-26,0.12,3,2,0,,Manhattan,invalid/missing price or service_fee
4673026,"Room in Brooklyn, 20 min from Manh",74813159265,unconfirmed,Katya,Brooklyn,Prospect-Lefferts Gardens,40.65627,-73.95936,United States,US,true,strict,Private room,2005,889.0,,3,50,2019-06-20,0.92,4,3,-10,,Brooklyn,invalid/missing price or service_fee
8462909,Sunny One Bedroom in Crown Heights,56538364271,verified,J,Brooklyn,Crown Heights,40.6774,-73.94726,United States,US,false,strict,Entire home/apt,2014,,100.0,2,6,2016-06-29,0.14,4,1,18,"No smoking or drug use.  No parties.  No guests other than those specified in your booking. No moving of furniture without asking Turn lights off when not in use No food in rooms, food can be stored in kitchen area Front door stays unlocked until 9pm, after ring doorbell or call host (phone number hidden) or (phone number hidden)) Kitchen not for use Check-out time no later than 11am Host's food is off limits only what is serve and put out for breakfast!",Brooklyn,invalid/missing price or service_fee
38458874,Luxury Building in Time Square,54194228516,unconfirmed,Mark,Manhattan,Hell's Kitchen,40.76122,-73.98801,United States,US,false,flexible,Entire home/apt,2013,299.0,,30,69,2020-03-12,0.85,5,1,0,,Manhattan,invalid/missing price or service_fee
14437138,Habitación ubicada céntricamente en la ciudad.,22083662081,unconfirmed,Yaneli,Bronx,Fordham,40.86729,-73.89046,United States,US,false,flexible,Private room,2015,,72.0,2,13,2019-05-19,0.57,5,1,364,"NO SMOKING, please stop smoking a block away so as not to bring smoke-filled lungs into the house, I'm highly sensitive, and it makes me feel sick. Please clean after yourself on an on-going basis, especially in the common areas. We recycle paper, glass, metal in a separate bin, and throw food, plastic bags, and wrappers into the normal trash, can you participate? This 100 year old building has character in the details, but might appear less clean. The wood work was painted white before I moved in. I consistently use bleach between guests, but the grooves have ""greyed"" overtime, and I haven't repainted yet. I hope you won't be that picky ;-) My end-of-stay cleaning fee is to cover my time and expenses washing, drying, changing the sheets and sanitizing the room in between guests. I don't do any daily cleaning (of your room, the bathroom or the kitchen).  I only clean in-between guests or when needed - I noticed I am not a clean freak, I go after the obvious (bread crumbs and slime) - s",Bronx,invalid/missing price or service_fee
37280818,Sunny 1 Bedroom Apartment the Heart of SoHo,88615142708,unconfirmed,Tarik,Manhattan,Nolita,40.72185,-73.99526,United States,US,true,strict,Entire home/apt,2008,231.0,,2,7,2021-04-24,0.12,4,1,0,,Manhattan,invalid/missing price or service_fee
23743945,"XL clean room in Manhattan, 1 block from subway!",4213049705,verified,Valentina,Manhattan,Washington Heights,40.84669,-73.94028,United States,US,true,flexible,Private room,2018,74.0,,1,17,2019-07-03,3.31,5,1,30,#NAME?,Manhattan,invalid/missing price or service_fee
21392252,Sams place,63320004858,unconfirmed,Samuel,Bronx,Clason Point,40.80504,-73.85327,United States,US,true,flexible,Private room,2022,,97.0,1,1,2018-10-21,0.11,5,1,364,"House Rules 1. Check-in is 4 pm local time. If the unit is ready earlier, we’ll let you know. Check-out is normally 11 am local time, but we’d be happy to extend it as long as we don’t have a cleaning scheduled. Just let us know.  2. All bookings require a security deposit of at least $300, which will be refunded within 7 days of your check-out. 3. For security measures we require all guests to provide proof of identification through ID verification on our own website. In order to check in we'll need a photo of your ID.  4. Our cancellation policy is as shown on our ad and defined by the site you are booking through.  5. Don’t let $300 go up in smoke. There's no smoking allowed in any Flatbook and a $300 fine for breaking this rule.  6. Unfortunately we don’t allow pets in any of our apartments. 7. Unless you’re staying in one of our specialty apartments, we don’t allow parties or excessive noise. 8. If we find the place very messy, we have to charge an extra $40 for every extra hour o",Bronx,invalid/missing price or service_fee
54994184,Brooklyn spot right next to express train,96534191535,unconfirmed,Sheneque,Brooklyn,Sunset Park,40.64136,-74.01898,United States,US,true,moderate,Entire home/apt,2010,523.0,,3,0,,,4,1,0,No smoking in the unit ( strict)  No pets (strict)  No bringing guys inside (strict)  No open flame There is a $100 charge for lost key due to the tap system installed in building  Please keep your volume down to respect other neighbors,Brooklyn,invalid/missing price or service_fee
21583900,New Large 3bd furnished space. Walk to Fast Subway,95843100145,verified,Dee,Brooklyn,Bedford-Stuyvesant,40.67992,-73.93244,United States,US,true,strict,Entire home/apt,2004,,,1,1,2018-11-19,0.13,5,14,38,Please be respectful of the space and building! No loud noises or extra guests beyond 10pm.,Brooklyn,invalid/missing price or service_fee
18069615,Times Square+Central Park Luxury Room,44064746693,unconfirmed,Abbie,Manhattan,Hell's Kitchen,40.7653,-73.98737,United States,US,true,flexible,Private room,2004,577.0,,3,42,2019-06-27,2.71,2,1,286,No shoes in the bedroom and in the bathroom please!,Manhattan,invalid/missing price or service_fee
1011830,Hip Historic Brownstone Apartment with Backyard,72145018858,,Martin,Brooklyn,Crown Heights,40.67592,-73.94694,United States,,,moderate,Entire home/apt,2004,1095.0,,3,53,2019-06-22,4.44,5,1,345,"LAUNDRY - Laundry can be done by the visitor before 10 pm, preferably on weekends. - Please provide your own detergent and fabric conditioner. Keep the machine clean and remember to clean the filter before and after use. - Please ask hosts to teach you how to operate the machines if you are not familiar with it. - Please limit your load and washes as not to overload the machine. - One wash per week will be ideal. HOUSEKEEPING - The bedrooms shall be kept clean and tidy by the visitor. - Please be respectful of others and keep the bathroom clean – do not leave dirty clothes and trash lying around. - Each visitor is responsible for cleaning their own dirty dishes and throwing their own trash in the garbage bin outside. - Please provide your own toiletries such as bath soap, shampoo and toothpaste.  KITCHEN USE  - We are sharing our kitchen and kitchenware stuff. Please make sure to take care of them and make sure you clean, dry and put them back where you found them. If you are cooking, ",Brooklyn,invalid/missing price or service_fee
14399029,Rainbow Guesthouse 1-6,8474053665,verified,Igor,Brooklyn,Midwood,40.61249,-73.96018,United States,US,false,strict,Shared room,2017,,36.0,7,1,2018-08-27,0.09,1,4,320,"Please be respectful, Thank you !",Brooklyn,invalid/missing price or service_fee
4304090,Spacious 1Br in East Village,55411469340,verified,David,Manhattan,East Village,40.72627,-73.98303,United States,US,true,moderate,Entire home/apt,2014,,100.0,4,180,2019-06-18,3.22,2,1,162,,Manhattan,invalid/missing price or service_fee
23742841,"Harlem 3 Bedroom, 1.5 Bathroom Condo - Bright!",96158758393,verified,Daniel & Kenzie,Manhattan,East Harlem,40.7984,-73.94014,United States,US,true,strict,Entire home/apt,2017,967.0,,1,12,2019-06-10,2.67,4,1,325,- $100 pet fee,Manhattan,invalid/missing price or service_fee
54995289,"Large, beautiful 2 bdrm in Harlem, fits 6 people",28931289996,verified,Legera,Manhattan,Harlem,40.81162,-73.95199,United States,US,false,strict,Entire home/apt,2013,1033.0,,3,2,2018-10-23,0.19,4,1,0,No Smoking Please leave all things the way you found them.  No pets allowed. We will leave more detailed guidelines in the apartment.,Manhattan,invalid/missing price or service_fee
37429939,VarandaBliss getaway minutes from the city,1379551655,verified,Diuly Cristine,Queens,Astoria,40.76622,-73.92789,United States,US,true,moderate,Private room,2013,,209.0,5,15,2021-03-01,0.5,3,1,0,,Queens,invalid/missing price or service_fee
29294560,Midtown West Hotel (Triple 4th floor walk up),81995430393,unconfirmed,Joe,Manhattan,Chelsea,40.751,-73.99588,United States,US,true,strict,Private room,2008,328.0,,1,21,2022-02-27,4.5,2,23,79,,Manhattan,invalid/missing price or service_fee
14495130,JFK 10 & LGA 15 minutes Single bed in the room,83132965662,unconfirmed,Dr. Shirin,Queens,Briarwood,40.70915,-73.80662,United States,US,false,flexible,Private room,2022,,44.0,1,14,2017-10-19,0.58,1,6,0,"NO PETS!  NO SMOKING ON PREMISES!  NO PARTY! A printed house rule will be provided. Please be respectful to others when all rooms are booked. 10 AM Check-out and Check-in is between 12 PM (noon) - 3 PM.   Late check in after 8 pm is $50, lock out is $50. Respect yourself, Respect others, clean up after yourself.  No Smoking/drinking in apt.  Thank You! Location Rules: The ""Exact Address Location Is Not Disclosed For Security Reasons"" And Is Given Out 24 Hours Prior to Check-in.  If This Is a Problem for You, Please STOP Here And Contact Other Hosts for Your Stay.   This Is a Part Of My House Rules.",Queens,invalid/missing price or service_fee
37281923,"Private, warm & inviting contemporary bedroom.",47284650095,unconfirmed,Antoinette,Bronx,Wakefield,40.88524,-73.85477,United States,US,false,flexible,Private room,2007,1168.0,,30,10,2021-04-24,0.33,4,1,178,,Bronx,invalid/missing price or service_fee
21460185,"Modern 1BR Astoria, espresso maker, 5 min 2 train",13235721230,unconfirmed,Evan,Queens,Astoria,40.76204,-73.92267,United States,US,true,moderate,Entire home/apt,2016,,175.0,5,3,2019-05-21,0.53,4,1,52,You can use our home as you would like us to use yours. We invite you to use our kitchen as you please. We would love to come home to our apartment in the manner we will leave it for you: clean and ready to use.,Queens,invalid/missing price or service_fee
29286828,Newly renovated modern & private studio apartment,85172872594,verified,Rosalyn,Bronx,Tremont,40.8415,-73.88843,United States,US,false,flexible,Entire home/apt,2019,,38.0,1,9,2022-02-27,2.27,2,1,259,,Bronx,invalid/missing price or service_fee
54967121,"Beautiful S Williamsburg 1 Bdrm near G,L,J,M,Z",81956458922,verified,Thaddeus,Brooklyn,Williamsburg,40.70865,-73.94631,United States,US,false,strict,Entire home/apt,2006,,86.0,4,9,2019-06-30,0.89,4,1,0,"A few totally painless house rules:  - Please take your shoes off once inside the apartment. My apartment is kept very clean and tidy, so taking shoes off is essential to keeping it the same way for you and for me. - Kitchen is available for ""light use"" and ""vegetarian"" food only. You are free to bring in outside cooked food/meat. Please stack the dishes in the dishwasher to the left of the sink. Keep the kitchen and counters clean immediately after use. Food should be consumed only in the dining area and not in the room. - When leaving the apartment, please always lock the top lock on the door, shut off all the lights before you leave, if you open windows, please close and lock them before you leave the apartment. - Quiet time after 10pm. - NO SMOKING IN THE APARTMENT (You can smoke in the balcony area)!  - SADLY NO PETS!! - ABSOLUTELY NO PARTIES!!!",Brooklyn,invalid/missing price or service_fee
29292351,1 Private room in a 2 bedrooms rental unit,77651643437,verified,Daouda,Manhattan,Harlem,40.81778,-73.94264,United States,US,false,strict,Private room,2008,665.0,,1,2,2022-02-27,2.0,2,1,54,,Manhattan,invalid/missing price or service_fee
21530327,Private Bedroom in Bushwick Him-1R-2,61806837532,verified,Nina,Brooklyn,Bushwick,40.69992,-73.92013,United States,US,true,flexible,Private room,2006,,,30,1,2019-04-22,0.38,5,17,326,"Please no pets! Again, I ask that you not consume my wine or whiskey collection.",Brooklyn,invalid/missing price or service_fee
57365760,Private Bedroom with Amazing Rooftop View,45936254757,verified,Trey,Brooklyn,Bushwick,40.69872,-73.92718,United States,US,false,flexible,Private room,,909.0,,1,19,2017-08-31,0.72,3,2,0,#NAME?,Brooklyn,invalid/missing price or service_fee
37238291,Midtown West One Bedroom near Times Square,68082420076,verified,Ken,Manhattan,Midtown,40.76418,-73.98158,United States,US,true,strict,Entire home/apt,2019,,157.0,30,2,2021-05-03,0.15,5,86,285,,Manhattan,invalid/missing price or service_fee
1224465,Forest Hills Apt minutes to midtown Manhattan,44376825531,unconfirmed,Richards,Queens,Forest Hills,40.70925,-73.85262,,,,,Entire home/apt,2022,,56.0,3,28,2019-07-01,1.21,5,3,270,"Your our guest, so please make yourself at home. Be clean! Hunter and I keep a tight ship around the apartment and we'd like our guests to be as clean as us. =) Speak up! Let us know if you need anything.  Party down (if you let us know).  We aren't huge partiers, but if you like to listen to music or watch loud TV, let us know ahead of time.  This is important.",Queens,invalid/missing price or service_fee
2199827,Comfortable Apt near Bloomingdales,77055755793,verified,Ellen,Manhattan,Upper East Side,40.76249,-73.96054,United States,US,true,moderate,Entire home/apt,2018,1051.0,,2,66,2019-05-28,0.94,1,1,411,,Manhattan,invalid/missing price or service_fee
1286875,"""The Oasis"" on Bedford Williamsburg",30603782652,unconfirmed,Lucas,Brooklyn,,40.7158,-73.95803,,,,,Entire home/apt,2005,,130.0,6,1,2016-01-01,0.02,5,1,266,1. No parties. 2. Respect the neighbors.  Noise level needs to stay low. 3. Keep feet on the porch when outside. 4. Clean any dishes you use. Not a good set up for children (0 - 13).,Brooklyn,invalid/missing price or service_fee
22249422,Cleo’s Royale II,27438222069,unconfirmed,Adeola,Manhattan,Inwood,40.86184,-73.92757,United States,US,true,flexible,Private room,2021,633.0,,5,2,2019-04-28,0.32,4,2,365,No pets allowed. No smoking.,Manhattan,invalid/missing price or service_fee
55000812,Two bedrooms apt. in Jamaica Estates,97768179884,verified,Nazma,Queens,Jamaica Estates,40.7143,-73.78985,United States,US,true,strict,Entire home/apt,2009,,34.0,1,20,2019-05-23,1.92,2,2,147,"House Rules 1. All bookings made at least a week before check in are fully refundable if cancelled within 24 hours of booking. After this, you will receive a 50% refund if you cancel at least 7 days before the start of your trip. 2. Check-in time is any time after 4 pm local time. If the unit is ready earlier, we’ll let you know. Check-out is normally 11 am local time, but we’d be happy to extend it as long as we don’t have a cleaning scheduled. Just let us know.  3. All bookings require a security deposit of at least $300. 4. For security measures we require all guests to provide proof of identification through ID verification on our own website. In order to check in, we'll need a photo of your ID.  5. Don’t let $300 go up in smoke. There's no smoking allowed in any Flatbook and a $300 fine for breaking this rule.  6. Unfortunately we don’t allow pets in most of our apartments. 7. Unless you’re staying in one of our specialty apartments, we don’t allow parties or excessive noise. 8. I",Queens,invalid/missing price or service_fee
37393488,Charming Brooklyn 2 Bedroom 1 Bath Apartment,90021062937,verified,Matthew,Brooklyn,East Flatbush,40.63711,-73.94912,United States,US,true,flexible,Entire home/apt,2013,179.0,,30,65,2021-03-20,1.6,4,2,143,,Brooklyn,invalid/missing price or service_fee
17043994,*Tr)  Charming Private Room 20 min to manhattan,13089886418,verified,Elsie,Brooklyn,Bushwick,40.68822,-73.91639,United States,US,true,moderate,Private room,2013,856.0,,2,46,2019-06-19,2.67,5,10,352,The cleaning fee only applies to stays under 4 nights.  4 nights or more it is included.,Brooklyn,invalid/missing price or service_fee
8485001,1 Bedroom in HUGE Full Floored Apt.,37490096298,verified,Fataah,Manhattan,Gramercy,40.73375,-73.98474,United States,US,true,strict,Private room,2004,,172.0,1,2,2016-10-23,0.06,5,2,27,"•Parties or Gatherings are not permitted. •Please be courteous to the neighbors and keep noise levels low, especially between the hours of 10pm-10am. •Absolutely no smoking in the apartment. Smoking only on the back porch •Overnight guests are not permitted unless included on the initial reservation. •Please help us conserve energy by turning off lights, small appliances, lamps, etc. when not being used.  •Please store recyclables separately. •Pets are not permitted at any time. •If you need flexibility around the specified check in or check out times, let us know in advance.",Manhattan,invalid/missing price or service_fee
21585005,Sunny and cozy room 10 minutes from Times Sq.61F3,39784892197,verified,John,Manhattan,Hell's Kitchen,40.75389,-73.99518,United States,US,true,moderate,Private room,2014,,,7,5,2019-06-08,0.69,2,47,332,"Please remember that this is a residential building. The building rules, apartment occupancy restrictions and the year-round tenants must be respected.",Manhattan,invalid/missing price or service_fee
21323215,Greenpoint Apt with a wonderful view !,44442307720,verified,Mickael,Brooklyn,Greenpoint,40.73812,-73.95649,United States,US,false,moderate,Entire home/apt,,,66.0,3,4,2019-01-03,0.47,4,1,0,"-  No smoking in the building, please and thanks. -  Clean up after yourself. - $100 fee for lost or non-returned keys. - No outdoor shoes in the house.  Slippers or indoor shoes are fine. -  All guests who are not registered via Air BNB must provide a photo ID and will not be admitted without the person making the reservation - One off-street parking space is available.",Brooklyn,invalid/missing price or service_fee
37395697,"Private, Cheap and Comfortable Room!",34203494183,verified,Jean-Paul,Queens,Flushing,40.75472,-73.82304,United States,US,true,moderate,Private room,2018,985.0,,30,20,2021-03-19,0.31,2,1,60,,Queens,invalid/missing price or service_fee
21457976,Serene & clean stay in a luxury building,78314592732,verified,Kat,Manhattan,East Harlem,40.78819,-73.94234,United States,US,true,flexible,Private room,2005,,13.0,2,3,2018-12-06,0.38,3,1,89,No Smoking No Pets,Manhattan,invalid/missing price or service_fee
8428114,"Beautiful, bright and spacious home",51071181121,unconfirmed,Daniella,Brooklyn,Crown Heights,40.67105,-73.94324,United States,US,false,flexible,Entire home/apt,2018,521.0,,4,105,2019-06-10,2.45,1,1,347,We love our home and enjoy sharing it with others. We hope you'll treat it as with as much care as we do. Our neighbors are friendly and quiet. We hope you'll fit right in.,Brooklyn,invalid/missing price or service_fee
37285237,Beautiful Home with Private backyard,12938969797,verified,Andrea,Queens,Ridgewood,40.70349,-73.90875,United States,US,false,flexible,Private room,2004,117.0,,1,1,2021-04-24,0.09,4,1,0,,Queens,invalid/missing price or service_fee
18086184,Home away from home,26355901607,unconfirmed,Ketia,Brooklyn,Canarsie,40.63382,-73.90502,United States,US,false,moderate,Entire home/apt,2020,,41.0,1,82,2019-07-05,6.97,4,1,302,"Please be respectful in our home. Feel free to use the kitchen, cups, plates, appliances, or make some tea or coffee. Please wash dishes when you're done using them, or load them into the dishwasher (no need to run the dishwasher if it isn't full). Quiet hours in our building are from 10pm-8am. No smoking in the building. Cats are allowed! If you are planning on staying Sunday night into Monday morning, please note that checkout must be at 8am (or earlier).",Brooklyn,invalid/missing price or service_fee
38462188,UES(mini loft)Clean flex room (Female Only),3601175526,unconfirmed,Eun M,Manhattan,Upper East Side,40.77916,-73.952,United States,US,false,moderate,Private room,2012,769.0,,1,173,2020-03-12,2.76,3,1,0,,Manhattan,invalid/missing price or service_fee
23745050,Private room in spacious uptown NYC apartment,79588900022,verified,Sarita,Manhattan,Harlem,40.8235,-73.95391,United States,US,false,moderate,Private room,2006,494.0,,21,0,,,2,1,0,-No smoking -No guests except those registered in advance.  -House is not child friendly. No guests under 18 years old.  Only 2 guests can be accommodated.   -No pets!  -Quiet in common stairway /entranceway used by 3 tenants is required common courtesy. -Please remove shoes in the unit to minimize noise below. ,Manhattan,invalid/missing price or service_fee
17046203,Great Room on UES,62911415035,verified,Joe,Manhattan,Upper East Side,40.77817,-73.95096,United States,US,true,strict,Private room,2012,516.0,,2,2,2019-05-05,0.3,2,1,0,Relatively quiet after 10 in the evening.,Manhattan,invalid/missing price or service_fee
54997498,Bright spacious home in the Upper East,85115277050,verified,Kelly,Manhattan,East Harlem,40.78549,-73.94895,United States,US,false,flexible,Entire home/apt,2020,1005.0,,20,1,2018-08-10,0.09,4,1,341,"Please be respectful of other guests.  Keep the common areas clean and pick up after your self.  No loud music after 10 pm.  No pets. It is a safe neighborhood but please, keep doors locked for safety No smoking in the house (smoking is allowed on the front or back decks).",Manhattan,invalid/missing price or service_fee
37279714,"Paper Factory, Deluxe King",96034139888,verified,The Collective Paper Factory Hotel,Queens,Long Island City,40.75393,-73.92708,United States,US,false,flexible,Private room,2017,553.0,,1,2,2021-04-25,0.16,3,6,361,,Queens,invalid/missing price or service_fee
8464014,"Newly renovated, 1.5 bdr  SoHo apt",45974088754,verified,Ben,Manhattan,SoHo,40.72485,-74.00254,United States,US,false,flexible,Entire home/apt,2013,,113.0,1,1,2016-01-18,0.02,5,1,348,"Please be respectful, Thank you !",Manhattan,invalid/missing price or service_fee
2203141,Brooklyn Wildlife Loft Mckibbin st,22041840814,unconfirmed,Chris,Brooklyn,Williamsburg,40.70607,-73.935,United States,US,true,flexible,Entire home/apt,2015,917.0,,15,10,2013-11-09,0.13,1,3,127,,Brooklyn,invalid/missing price or service_fee
21581691,New  Renovation cozy sweet apartment｡3 FL,94067360050,verified,Alisa,Brooklyn,Cypress Hills,40.67791,-73.90662,United States,US,true,moderate,Entire home/apt,2013,,,3,14,2019-05-27,1.85,5,2,153,,Brooklyn,invalid/missing price or service_fee
57354714,Astoria's private room,6849983784,verified,Dalva,Queens,Long Island City,40.75566,-73.9205,United States,US,false,flexible,Private room,2014,764.0,,1,0,,,1,1,0,"Please remember that this is a residential building. The building rules, apartment occupancy restrictions and the year-round tenants must be respected.",Queens,invalid/missing price or service_fee
14402343,Beautiful 2 Bedroom Lower East Side,86555270241,verified,Michelle,Manhattan,Lower East Side,40.72119,-73.98738,United States,US,false,strict,Entire home/apt,2017,,142.0,2,0,,,3,1,0,,Manhattan,invalid/missing price or service_fee
37514994,Entire 2 bedroom apt in the heart of East Village,7190746660,unconfirmed,Marios,Manhattan,East Village,40.72691,-73.97867,United States,US,true,flexible,Entire home/apt,2004,,108.0,99,48,2021-01-27,1.54,5,4,232,,Manhattan,invalid/missing price or service_fee
4676340,Cozy 1-bedroom apt,5044166688,unconfirmed,Steven,Manhattan,Harlem,40.82291,-73.94171,United States,US,false,flexible,Entire home/apt,2004,950.0,,2,49,2019-06-30,0.9,4,1,94,,Manhattan,invalid/missing price or service_fee
8435846,Cozy apartment in Brooklyn,60911332136,unconfirmed,Julian,Brooklyn,Bedford-Stuyvesant,40.69176,-73.94765,United States,US,true,moderate,Private room,2020,,142.0,2,2,2016-06-13,0.05,1,1,344,"Please be aware, check in is NO earlier than 6pm on weekdays. We can make no exceptions. Weekends are more flexible.",Brooklyn,invalid/missing price or service_fee
14466962,,93568246851,verified,Mike,Queens,Flushing,40.76818,-73.8276,United States,US,true,flexible,Entire home/apt,2004,,91.0,1,85,2019-07-07,3.52,1,1,151,No Smoking in the building and common courtesy and respect. Roomate who rents with me needs use of the batroom around 7:15 am to  get ready for work. Enjoy your time here in Boston!,Queens,invalid/missing price or service_fee
1009621,West Village Nest - Superhost,46551725984,verified,Daniel,Manhattan,West Village,40.7353,-74.00525,United States,US,true,flexible,Entire home/apt,2018,578.0,,90,27,2018-10-31,0.22,3,1,100,"Arrival time can be no later than 9:00PM unless pre-arranged. No visitors allowed at anytime without prior approval. Overnight guests are not allowed at all. There is no room for guests. Don't ask. No smoking. 11:00 PM is quiet time while watching private room tv is acceptable. No eating meals in the room. It's too small, you'll see what I'm saying, and there's a nice dining table for that. Small snacks are fine. If you cook and/or uses dishes and utensils then please clean them so someone else can use them. Do not leave anything uncleaned in the sink overnight. Shared areas of the home are expected to be maintained after you use them. There are no room services provided other than normal cleaning. Closet and dresser space is provided for your clothes.",Manhattan,invalid/missing price or service_fee
21532536,"East 82nd Street, Upper East Side/Yorkville 1bd",93805340741,verified,Ken,Manhattan,Upper East Side,40.77327,-73.94939,United States,US,false,moderate,Entire home/apt,2007,,,30,0,,,2,87,355,"Please remember that this is a residential building. The building rules, apartment occupancy restrictions and the year-round tenants must be respected.  Parties, pets and smoking are not allowed under any circumstances and incur significant fees.",Manhattan,invalid/missing price or service_fee
37354274,PRIVATE Bathroom 2min to subway+huge living,87714029029,unconfirmed,Fukuda,Queens,Woodside,40.74294,-73.90458,United States,US,true,strict,Private room,2018,923.0,,30,1,2021-04-01,0.08,4,30,0,,Queens,invalid/missing price or service_fee
38459979,Sunny Brooklyn Brownstone apartment,39709502288,verified,Kristen,Brooklyn,Sunset Park,40.64583,-74.01021,United States,US,true,flexible,Entire home/apt,2019,1147.0,,30,75,2020-03-12,0.97,3,1,92,,Brooklyn,invalid/missing price or service_fee
37450375,Cozy Room in a Basement,25434651778,unconfirmed,Carlton,Brooklyn,Crown Heights,40.67683,-73.95262,United States,US,true,moderate,Private room,2005,839.0,,7,22,2021-02-22,0.75,4,1,10,,Brooklyn,invalid/missing price or service_fee
4655353,"Super Clean, Quiet & Spacious Room",31901365119,unconfirmed,Troy,Queens,Woodhaven,40.69634,-73.8563,United States,US,true,strict,Private room,2015,252.0,,3,3,2018-07-11,0.23,5,1,365,"NO PETS!  NO SMOKING ON PREMISES!  NO PARTY! No ""DRUGS""! - Keep the Place Clean at All Times! - Do Not Ask the ""Neighbors"" for anything.  Ask Me!-  - No Neighbors Interaction! - No ""Drugs"" Please!!! - No Noise! A printed house rule will be provided. Please be respectful to others when all rooms are booked. 10 AM Check-out and Check-in is between 12 PM (noon) - 3 PM.   Late check in after 8 pm is $50, lock out is $50. Respect yourself, Respect others, clean up after yourself.  No Smoking/drinking in apt.  Thank You! Location Rules: The ""Exact Address Location Is Not Stockton St.  It Is 2 Streets Away.  It Is Not Disclosed For Security Reasons"" And Is Given Out 24 Hours Prior to Check-in.  If This Is a Problem for You, Please STOP Here And Contact Other Hosts for Your Stay.   This Is a Part Of My House Rules.",Queens,invalid/missing price or service_fee
37452584,"Williamsburg WaterSide Luxury Apt, Privatebedbath",42359688527,verified,Yoo MI,Brooklyn,Williamsburg,40.71873,-73.96205,United States,US,true,flexible,Private room,2014,733.0,,3,40,2021-02-21,0.96,4,2,205,,Brooklyn,invalid/missing price or service_fee
55003021,Spacious Harlem Room,11251026866,verified,Silvia,Manhattan,Harlem,40.82923,-73.93764,United States,US,false,strict,Private room,2014,,58.0,3,22,2019-06-28,2.1,3,1,10,"Please be respectful of other guests.  Keep the common areas clean and pick up after your self.  No loud music after 10:00PM.  It is a safe neighborhood but please, keep doors locked for safety No smoking in the house (smoking is allowed on the front or back decks).",Manhattan,invalid/missing price or service_fee
8414859,Amazing Flatiron Entire Studio Apt,89056078123,unconfirmed,Charlie,Manhattan,Chelsea,40.73719,-73.99336,United States,US,true,flexible,Entire home/apt,2017,1099.0,,3,1,2017-01-02,0.03,1,1,39,"- Absolutely NO SMOKING, vape-ing, drugs, or alcohol in the house. - Please no children under 10. The  house isn't child proofed. - Quiet hours 10p-8a. - Please no showering after midnight.    (The bathroom is attached to our bedroom. Unfortunately, we've had very loud guests.) - Laundry available per request. Thank you!",Manhattan,invalid/missing price or service_fee
37287446,"Beautiful 2 bdr apartment close to subway, train",59796296522,unconfirmed,Luis And Oriana,Manhattan,Marble Hill,40.87821,-73.9107,United States,US,true,flexible,Entire home/apt,2015,225.0,,3,9,2021-04-23,0.46,2,2,0,,Manhattan,invalid/missing price or service_fee
8458491,Great room*City View*Huge roofdeck*,27100149218,verified,Ashley,Brooklyn,Greenpoint,40.73321,-73.9561,United States,US,false,moderate,Private room,2013,,36.0,2,0,,,5,1,222,Please no smoking or drugs. No parties.,Brooklyn,invalid/missing price or service_fee
37323346,Specious Studio in the Heart of midtown,71203942610,verified,Ash,Manhattan,Midtown,40.75435,-73.96306,United States,US,true,flexible,Entire home/apt,2009,,144.0,30,1,2021-04-08,0.09,2,13,288,,Manhattan,invalid/missing price or service_fee
37349856,Brand New Doorman One Bedroom UWS,13433070945,verified,Nancy,Manhattan,Washington Heights,40.83461,-73.94671,United States,US,true,flexible,Entire home/apt,2021,1165.0,,30,48,2021-04-01,0.59,3,1,0,,Manhattan,invalid/missing price or service_fee
37473571,Nice 1bedroom Next to Prospect Park,24474611048,verified,Sr,Brooklyn,Prospect-Lefferts Gardens,40.65675,-73.96077,United States,US,true,strict,Entire home/apt,2003,,129.0,30,12,2021-02-11,0.37,4,1,0,,Brooklyn,invalid/missing price or service_fee
8420382,An open and airy charming studio,73398330709,unconfirmed,Ying Ying,Brooklyn,Park Slope,40.67163,-73.98584,United States,US,false,moderate,Entire home/apt,2008,382.0,,2,89,2019-06-29,2.11,3,1,107,,Brooklyn,invalid/missing price or service_fee
10989682,Gorgeous Sunset-facing Carroll Gardens 1 Bedroom,77758491623,verified,Patrick,Brooklyn,Gowanus,40.67963,-73.98951,United States,US,false,flexible,Entire home/apt,2010,,73.0,2,0,,,1,1,0,"No Smoking.  Smoke alarms will sound (not just in the unit, but throughout the other units in the building as well).  Please keep the outside gate closed.  No parties. Overnight guests, other than those listed on the reservation, are not allowed.",Brooklyn,invalid/missing price or service_fee
8430323,Spacious 1 bedroom in the heart of Soho,98007871892,unconfirmed,Brian,Manhattan,SoHo,40.72697,-74.00098,United States,US,false,strict,Entire home/apt,2012,129.0,,2,29,2019-06-25,1.31,4,1,24,1. No pets allowed.  2. No Children under the age of 10 allowed.  3. No smoking inside the house. You may smoke outside.  4. No wearing shoes inside the house. We will give you slippers for you to wear.  5. Quiet time starts at 11pm,Manhattan,invalid/missing price or service_fee
37471362,Private room airy modern,86710782907,verified,Travis,Brooklyn,Bedford-Stuyvesant,40.68079,-73.93777,United States,US,false,flexible,Private room,2015,,25.0,1,1,2021-02-12,0.08,4,3,171,,Brooklyn,invalid/missing price or service_fee
14438243,Artist's X-Large 2 Bedroom Loft w/King Bed.,85512896890,unconfirmed,Jane,Brooklyn,Williamsburg,40.71401,-73.9661,United States,US,false,moderate,Entire home/apt,2009,,77.0,2,130,2019-06-17,5.3,3,1,167,,Brooklyn,invalid/missing price or service_fee
37228350,Clean and Convenient Weekly Rental in Bed-Stuy,15177769244,verified,Alexander,Brooklyn,Bedford-Stuyvesant,40.69049,-73.95058,United States,US,true,strict,Entire home/apt,2005,519.0,,5,7,2021-05-08,0.26,2,1,283,,Brooklyn,invalid/missing price or service_fee
18068511,Bright & airy uptown sanctuary,63902252345,unconfirmed,Ashley,Manhattan,Inwood,40.86816,-73.93131,United States,US,true,flexible,Entire home/apt,2011,1133.0,,1,3,2019-06-16,0.22,4,1,5,No smoking in house.  No parties.  Please be courteous and respectful to our neighbors.  Please leave the apartment in the same clean condition that you found it. Have a great time in Boston and come home to Fenway!,Manhattan,invalid/missing price or service_fee
57362446,Your 1 bedroom home away from home!,95572379802,verified,,Manhattan,Upper West Side,40.79563,-73.97634,United States,US,true,flexible,Entire home/apt,2010,,,3,38,2019-06-10,1.4,3,1,31,,Manhattan,invalid/missing price or service_fee
8417068,Entire apt in the heart of uber hip & cool Nolita,52866436260,verified,Gabriela,Manhattan,Nolita,40.72321,-73.99532,United States,US,true,strict,Entire home/apt,2009,515.0,,3,12,2019-06-02,0.28,1,1,30,,Manhattan,invalid/missing price or service_fee
37352065,"Charming Victorian Home with backyard, reduced 25%",67286610028,verified,Roxanne,Queens,Long Island City,40.74556,-73.94835,United States,US,false,moderate,Entire home/apt,2007,881.0,,31,3,2021-04-01,0.08,3,1,0,,Queens,invalid/missing price or service_fee
23731795,Half a block from the train! my private cozy room,94223888446,verified,Patricia,Queens,Jackson Heights,40.7489,-73.87549,United States,US,true,flexible,Private room,2009,,153.0,2,20,2019-07-01,4.69,2,1,167,,Queens,invalid/missing price or service_fee
21582796,♀ New Large Sunny Room close to  Express Train,94513111178,unconfirmed,Dee,Brooklyn,Bedford-Stuyvesant,40.67854,-73.93204,United States,US,false,moderate,Private room,2008,,,15,2,2018-10-29,0.24,2,14,0,"Please treat this apartment as you would your own home. Additionally, there are other tenants in the building, so please be respectful and keep the noise level low. While the apartment does have a fish, please no additional pets. This building is also a smoke free building",Brooklyn,invalid/missing price or service_fee
29295665,MedRoom 444-8,69346452426,unconfirmed,Orfelina,Brooklyn,Bedford-Stuyvesant,40.69417,-73.95085,United States,US,false,flexible,Private room,2018,571.0,,5,4,2022-02-27,0.96,2,25,342,,Brooklyn,invalid/missing price or service_fee
17041785,Private Sunny Bushwick Apartment,37560472420,verified,Maxwell,Brooklyn,Bushwick,40.69854,-73.9235,United States,US,false,strict,Entire home/apt,2020,634.0,,5,3,2018-12-31,0.17,5,1,0,"The usual ""social code"": There are three of us altogether in the apartment -- myself and two others, usually housemates, though one of the bedrooms may also be occupied by another guest -- so use of the bathroom should be considerate of others' needs as well.  Quiet is appreciated before 8:00 AM and after 10:00 PM.  You are more than welcome to use the kitchen for preparing food; I would ask only that you leave it in the condition you would wish to find it.  Smoking allowed on deck. *Good communication is essential to ensure everyone is contented.",Brooklyn,invalid/missing price or service_fee
21531432,Private Bedroom in the heart of Bushwick Him-1R-4,38893785196,verified,Nina,Brooklyn,Bushwick,40.70091,-73.92003,United States,US,true,flexible,Private room,2010,,,30,2,2019-05-25,0.52,3,17,333,"Please do not try and fit more than 4 occupants in the apartment overnight. There is a queen bed in the bedroom and a full-sized pullout couch in the living room that can accommodate 1-2 people.  BUILDING RULES (As enforced by the property owners): - On Wednesday and Sunday night please leave your garbage in sealed garbage or grocery bags outside of the apartment door. It will be picked up early the next morning. - Please do not leave any garbage or personal items in the hallway or foyer, or you will be charged $100 by the building management.  - There are 3 bay windows in the living room, however only the far right one opens. The other two have been nailed shut by the property owners because of the safety risk that they pose when they're opened. Please do not try and open them, as it will damage the window frames. - The fire escape is strictly off-limits. - Please keep the noise level to a minimum and be be respectful of your neighbours.  - Drug possession and usage are prohibited in ",Brooklyn,invalid/missing price or service_fee
37472467,Artsy Small 2 Bedroom PRIME EAST VILLAGE LOCATION,44256290375,unconfirmed,Karen,Manhattan,East Village,40.73165,-73.98435,United States,US,true,strict,Entire home/apt,2017,,226.0,8,8,2021-02-11,0.12,3,2,291,,Manhattan,invalid/missing price or service_fee
57361342,Sunny budget friendly room in Bushwick,29964876857,verified,,Brooklyn,Bushwick,40.6937,-73.91006,United States,US,true,flexible,Private room,2016,,,5,3,2018-04-09,0.11,1,1,0,"Please be mindful that I live in the same building. If you break these rules, I will probably know about it. I have had the rare guests that caused problems, so I do take the rules quite seriously.   All guests must be OVER 21 years old to stay.  No parties and/or visitors. Do not bring your own guests or visitors over. Do not show up with your friends/family that are in the area. The only people allowed in the listing are the guests (2 adults max, including yourself) that are included in your reservation. You can not bring anyone else over, even if it's just for a few minutes. No exceptions, so please don't ask. I'm picky about this rule because I have had college kids try to book this place for parties and gatherings.  Please turn off the AC and lights when you go outside. Please be respectful of the neighbors and the listing. This isn't a place to be rowdy. No smoking anywhere. Please no e-cig/vaping either. No candles, incense or other open flames Please do not move or rearrange th",Brooklyn,invalid/missing price or service_fee
21533641,One block from subway: bed for traveler,36609431569,unconfirmed,Anchor,Brooklyn,Bedford-Stuyvesant,40.67745,-73.90958,United States,US,false,strict,Shared room,2012,,,1,14,2019-06-16,1.65,2,17,89,With respect to the property and other tenants,Brooklyn,invalid/missing price or service_fee
37469153,Private Room w/ a backyard close to the City,15075490672,verified,Jose,Queens,East Elmhurst,40.75785,-73.8986,United States,US,false,moderate,Private room,2013,,189.0,1,1,2021-02-14,0.08,3,1,90,,Queens,invalid/missing price or service_fee
8511511,Sunny Cozy Private Room in East Williamsburg,5062228697,verified,J,Brooklyn,Williamsburg,40.7075,-73.94055,United States,US,true,flexible,Private room,2019,,,1,29,2019-06-04,0.77,2,3,244,"Our family will be present in the same house, though we expect you to have fun please be respectful of our family and house. We prefer non-smokers, but if you should smoke please refrain from smoking on the property. No pets allowed.",Brooklyn,invalid/missing price or service_fee
37325002,"Sunny, spacious 1 Bedroom apartment",80852212645,verified,Belinda,Queens,Briarwood,40.71453,-73.82411,United States,US,true,strict,Entire home/apt,2004,,171.0,30,8,2021-04-07,0.29,2,1,63,,Queens,invalid/missing price or service_fee
14464753,2 bed / 2.5 bath with outdoor space,77069452705,verified,Michael,Brooklyn,Crown Heights,40.67742,-73.93737,United States,US,false,flexible,Entire home/apt,2007,,38.0,7,0,,,2,1,0,Please make sure the front house doors are locked when leaving. Please return keys to lock box upon check-out. Please limit use of the 2nd floor resident's bathroom to nighttime breaks only. The back areas of house are being renovated and are off-limits.,Brooklyn,invalid/missing price or service_fee
1011277,Chelsea Perfect,73862528370,verified,Alberta,manhatan,Chelsea,40.74192,-73.99501,United States,,,moderate,Private room,2008,460.0,,1,260,2019-07-01,2.12,3,1,325,,Manhattan,invalid/missing price or service_fee
8418173,One bedroom apartment in Greenpoint,47032180962,unconfirmed,Ayten,Brooklyn,Greenpoint,40.72712,-73.95146,United States,US,false,flexible,Entire home/apt,2014,1196.0,,4,1,2016-02-15,0.02,1,1,298,,Brooklyn,invalid/missing price or service_fee
14403448,Large+Amazing 2BR ( Flex)-Upper East Side-E89th,84463234637,verified,Ruchi,Manhattan,Upper East Side,40.77608,-73.94364,United States,US,false,flexible,Entire home/apt,2019,,165.0,30,0,,,1,49,325,,Manhattan,invalid/missing price or service_fee
8429219,Riverside Drive Harlem Apartment,39396129430,unconfirmed,Dave,Manhattan,Harlem,40.82697,-73.95236,United States,US,true,moderate,Entire home/apt,2003,258.0,,1,0,,,3,1,189,- $20 per extra person. Maximum 2 person for attic room.,Manhattan,invalid/missing price or service_fee
37490140,Good location♪ 2min from station! 5Lines u can use,85004340034,unconfirmed,Hiroki,Queens,Woodside,40.74455,-73.89191,United States,US,true,strict,Private room,2016,914.0,,30,1,2021-02-01,0.07,2,152,0,,Queens,invalid/missing price or service_fee
2200932,Chic  Park Slope Pied-à-terre,83422355423,unconfirmed,Finola,Brooklyn,South Slope,40.66162,-73.97994,United States,US,false,strict,Entire home/apt,2022,802.0,,7,98,2019-06-26,1.39,4,1,361,,Brooklyn,invalid/missing price or service_fee
8421487,Spacious Family Apartment near Prospect Park,70914273507,verified,Rachel,Brooklyn,Flatbush,40.65132,-73.95691,United States,US,false,moderate,Entire home/apt,2010,918.0,,3,2,2017-04-30,0.07,3,1,230,"The house is absolutely NO SMOKING & NO PETS of any kind or size.   Please remove shoes when going in & settling down. You will find the place clean & spotless on your arrival so please be respectful of efforts made to deliver it as such to every guest and every time.  Please be respectful of apartment and its amenities. The rented apartment shall be occupied by no more than the number of listed adults and/or children on the reservation.  Visiting friends are welcome, however the establishment of obvious residence by such persons is NOT permitted.  Parties, large gatherings, or group events are absolutely not allowed in or around the property.  Please remove all trash from unit and place in trash & recycle containers outside the unit at corner of house by back porch.  Please collect all of your personal belongings upon your departure (double check bathrooms for personal items of any kind!).  Please try & help us keep all aspects of managing the apartment within budgeted costs: do not t",Brooklyn,invalid/missing price or service_fee
37433253,Luxury Furnished 1 BR UWS Apt w W/D & Deck,14371442966,verified,Izi,Manhattan,Upper West Side,40.78566,-73.97271,United States,US,false,flexible,Entire home/apt,2020,,90.0,30,10,2021-02-28,0.09,2,8,344,,Manhattan,invalid/missing price or service_fee
14468067,,21466956082,verified,Maria,Manhattan,Hell's Kitchen,40.76591,-73.98717,United States,US,false,moderate,Private room,2006,,88.0,1,82,2019-05-19,3.38,1,5,0,#NAME?,Manhattan,invalid/missing price or service_fee
37374157,Beautiful Apartment with Manhattan view.,22486476973,unconfirmed,Joseph,Queens,Astoria,40.77522,-73.93421,United States,US,true,strict,Private room,2020,,174.0,3,91,2021-03-28,1.56,5,1,0,,Queens,invalid/missing price or service_fee
1117319,Private Garden Apt • New Renovation,760769897,,Ryan,Brooklyn,Williamsburg,40.71625,-73.93845,United States,US,true,moderate,Entire home/apt,2020,,176.0,2,253,2019-07-02,3.04,3,1,124,Just general respect for the place and my neighbors. Be aware about noise on the back deck in the evening.,Brooklyn,invalid/missing price or service_fee
17039576,Serene Studio on the best street in Hells Kitchen!,83304702775,verified,Jake,Manhattan,Hell's Kitchen,40.75895,-73.99502,United States,US,false,moderate,Entire home/apt,2021,990.0,,7,0,,,2,1,0,"Since you will be living in my own residence, I expect that you take care and keep the common areas cleaned and neat.",Manhattan,invalid/missing price or service_fee
37239396,Amazing Greenwich Village w pool,76955393556,unconfirmed,Jeffrey,Manhattan,Greenwich Village,40.72952,-73.9941,United States,US,false,moderate,Entire home/apt,2007,,143.0,7,18,2021-05-02,0.16,2,1,273,,Manhattan,invalid/missing price or service_fee
8415964,Private Bedroom in Bedstuy!,72898865223,unconfirmed,Sesenu,Brooklyn,Bedford-Stuyvesant,40.68678,-73.95572,United States,US,false,moderate,Private room,2012,750.0,,7,2,2016-07-26,0.05,2,1,170,,Brooklyn,invalid/missing price or service_fee
4250517,1 Bedroom in Greenwich Village!,3506263970,unconfirmed,Brian,Manhattan,Greenwich Village,40.73032,-73.99976,United States,US,false,moderate,Entire home/apt,2005,,118.0,1,43,2019-07-01,0.75,1,1,269,#NAME?,Manhattan,invalid/missing price or service_fee
54968226,Spacious & Sunny Master w Private Bath,3307567940,unconfirmed,Lydia,Queens,Woodside,40.7488,-73.90362,United States,US,false,strict,Private room,2006,,112.0,1,12,2019-02-04,1.28,3,1,0,#NAME?,Queens,invalid/missing price or service_fee
54964912,Lovely 3 bedroom Townhouse in BK Historic District,20227300092,verified,Lee + Amber,Brooklyn,Prospect-Lefferts Gardens,40.6626,-73.95598,United States,US,true,flexible,Entire home/apt,2011,350.0,,3,33,2019-06-28,3.2,5,1,241,"Please keep shoes off while inside. Food should be kept in the kitchen/dining area. Be mindful of our great neighbors and keep noise to a reasonable level. No pets or smoking, please!",Brooklyn,invalid/missing price or service_fee
29293456,Cozy 2 beds (Bryant Park),52806041495,verified,Ned,Manhattan,Midtown,40.75572,-73.97994,United States,US,false,flexible,Entire home/apt,2009,156.0,,2,21,2022-02-27,4.34,4,4,109,,Manhattan,invalid/missing price or service_fee
57355819,Private Room in Brooklyn Communal House,39435056937,unconfirmed,Emma,Brooklyn,Bedford-Stuyvesant,40.67964,-73.95629,United States,US,false,moderate,Private room,2003,1073.0,,2,16,2017-10-21,0.57,4,3,0,,Brooklyn,invalid/missing price or service_fee
4345513,Prime East Village One Bedroom Apt!,22376332748,verified,Amanda,Manhattan,East Village,40.72847,-73.98682,United States,US,false,flexible,Entire home/apt,2013,,149.0,5,3,2015-08-03,0.05,1,1,415,No Smoking,Manhattan,invalid/missing price or service_fee
37350961,Sun Drenched Duplex + Gorgeous Patio -East Village,98102864752,unconfirmed,Christian,Manhattan,East Village,40.72196,-73.97913,United States,US,true,strict,Private room,2003,767.0,,28,2,2021-04-01,0.04,4,1,0,,Manhattan,invalid/missing price or service_fee
37355379,"All Charm: Lush Garden, Huge Kitchen, Cat, Peace",18875351005,unconfirmed,Jasmine,Brooklyn,Greenpoint,40.72292,-73.94577,United States,US,true,moderate,Entire home/apt,2017,342.0,,30,47,2021-03-31,0.41,5,1,178,,Brooklyn,invalid/missing price or service_fee
54972644,Loft Style Bushwick Apartment,43488232561,verified,Tobias,Brooklyn,Bushwick,40.70432,-73.91897,United States,US,false,flexible,Private room,2014,,62.0,5,8,2019-05-11,0.74,3,1,177,,Brooklyn,invalid/missing price or service_fee
8486106,1 Bedroom in East Village,49441318882,verified,Austin,Manhattan,East Village,40.72423,-73.98327,United States,US,true,moderate,Shared room,2010,,204.0,5,0,,,3,3,197,NO SMOKING ON PREMISES! NO PARTY! A printed house rule will be provided. Please be respectful to others when both rooms are booked. Non-registered guest may not stay overnight  11AM check-out (FIRM) and check-in time is between 3-9PM. No check-in later than 9PM.,Manhattan,invalid/missing price or service_fee
21355248,Upper East Side Family Apartment,25296611832,verified,John,Manhattan,Upper East Side,40.78108,-73.95439,United States,US,false,strict,Entire home/apt,2003,,99.0,3,0,,,5,1,0,This is a family property with an 86 year old living in the 2nd floor unit. I live in the first floor unit. This home is not suitable for party people etc.  This is also a no smoking home both inside the house and on the front steps.,Manhattan,invalid/missing price or service_fee
37254860,Bushwick HD TV room 19 min to Manhattan 2FL -#88,38806138110,verified,Eugene,Brooklyn,Bedford-Stuyvesant,40.69291,-73.93246,United States,US,true,moderate,Private room,2011,,239.0,30,1,2021-05-01,0.1,3,218,216,,Brooklyn,invalid/missing price or service_fee
54970435,Brooklyn Style Hostel Private Room #5,63682957118,verified,Melissa,Brooklyn,Bedford-Stuyvesant,40.69459,-73.95561,United States,US,false,moderate,Private room,2007,,227.0,2,13,2019-05-02,1.19,2,34,330,"Regular tenant requirements, no noise, do not disturb neighbors.",Brooklyn,invalid/missing price or service_fee
17045099,Artistic Chic East Village Flat!,37920611754,unconfirmed,Garrett,Manhattan,East Village,40.72582,-73.97558,United States,US,true,flexible,Private room,2020,838.0,,2,13,2019-01-02,0.7,2,1,0,Be respectful of house and neighbors on second and third floor. That's all we ask.,Manhattan,invalid/missing price or service_fee
57363551,Sunny Brownstone Studio in BedStuy Brooklyn,11145329848,unconfirmed,Jamal,Brooklyn,Bedford-Stuyvesant,40.68221,-73.94618,United States,US,false,moderate,Entire home/apt,2016,,,2,104,2019-06-12,3.69,5,1,268,,Brooklyn,invalid/missing price or service_fee
37283028,Bright cozy room |PRIVATE BATHROOM,97265167769,verified,Dariia & Jacob,Brooklyn,Bedford-Stuyvesant,40.6916,-73.9404,United States,US,false,strict,Private room,2012,897.0,,30,1,2021-04-24,0.09,5,10,2,,Brooklyn,invalid/missing price or service_fee
8439160,Deluxe Brooklyn Loft,57260666350,unconfirmed,Henry Norman,Brooklyn,Greenpoint,40.72845,-73.94477,United States,US,true,strict,Entire home/apt,2014,,209.0,3,16,2019-06-27,0.37,1,13,265,#NAME?,Brooklyn,invalid/missing price or service_fee
37487931,New(2019) Renovated bath & 30-40 min to Manhattan,14980949623,unconfirmed,Hiroki,Queens,Elmhurst,40.74489,-73.87291,United States,US,false,strict,Private room,2007,1137.0,,30,1,2021-02-01,0.07,3,152,0,,Queens,invalid/missing price or service_fee
45063830,Harlem Jewel + Extra Travel Bonus,81114251622,unconfirmed,Theresa,Manhattan,Harlem,40.81358,-73.94296,United States,US,true,moderate,Entire home/apt,2021,846.0,,3,71,2019-06-19,2.67,4,3,199,"Please no parties,  and no loud noise past 11p, out of respect for the neighbors.  Please no smoking inside the building.  If you cook or otherwise eat in the apartment, please reasonably clean up after yourself.",Manhattan,invalid/missing price or service_fee
29287933,Vibrant Loft Apartment with *Private Terrace*,52962453246,verified,Phillip,Manhattan,East Village,40.73026,-73.99029,United States,US,false,flexible,Entire home/apt,2017,,105.0,3,5,2022-02-27,1.19,4,1,360,,Manhattan,invalid/missing price or service_fee
37427730,Popular Room !! Apartment in jackson heights,87673033888,unconfirmed,Hiroki,Queens,Jackson Heights,40.75265,-73.87852,United States,US,true,strict,Private room,2012,,237.0,30,1,2021-03-03,0.08,5,152,3,,Queens,invalid/missing price or service_fee
37446508,"New Bedroom 1 guest in NYC ,Queens (Astoria)",1109323687,verified,Jorge Luiz,Queens,Astoria,40.75629,-73.91689,United States,US,false,moderate,Private room,2008,982.0,,30,4,2021-02-24,0.23,5,1,173,,Queens,invalid/missing price or service_fee
37431044,"Bright studio, fully-furnished, great location",24037501924,unconfirmed,Liba,Manhattan,Midtown,40.75017,-73.97112,United States,US,true,moderate,Entire home/apt,2019,,234.0,60,2,2021-03-01,0.15,2,1,108,,Manhattan,invalid/missing price or service_fee
8431428,Beautiful apt for the winter,63060243404,verified,Eduardo,Manhattan,Upper West Side,40.80082,-73.96059,United States,US,true,moderate,Entire home/apt,2014,990.0,,7,0,,,4,2,378,"1. You must be 25 years of age to rent this home and provide proof of age, if requested. 2. This is a non-smoking home. Any evidence of smoking in and around the property will result in forfeiture of your security deposit. 3. The home has a maximum occupancy of six people. Renters who exceed the occupancy limit and or falsify information at the time of reservation are subject to eviction. 4. Well-behaved dogs are allowed with written owner permission at time of booking, additional fee and security deposit required 5. House parties are strictly prohibited and are grounds for immediate eviction. 6. Illegal substances are strictly prohibited and are grounds for immediate eviction. 7. When you arrive, the home will be clean and we request that you leave it in good order. We will provide you with a detailed check-in and check-out procedures, as well as the code for the keyless entry lock, several days prior to your arrival. 8. Any exception to the rules here must be approved in writing in a",Manhattan,invalid/missing price or service_fee
14400134,East Williamsburg Studio,80999102289,unconfirmed,Yoon,Brooklyn,Williamsburg,40.71204,-73.93535,United States,US,false,strict,Entire home/apt,2012,,195.0,5,2,2018-09-05,0.19,4,1,0,,Brooklyn,invalid/missing price or service_fee
45066039,Cozy Brooklyn Apartment,37953614732,verified,Grace,Brooklyn,Clinton Hill,40.68775,-73.95997,United States,US,false,strict,Entire home/apt,2003,928.0,,4,8,2017-10-15,0.3,4,1,0,,Brooklyn,invalid/missing price or service_fee
4674131,Lovely Bedroom in Trendy Brooklyn,71896616551,verified,Jiawen,Brooklyn,Bedford-Stuyvesant,40.67905,-73.95422,United States,US,false,flexible,Private room,2006,1044.0,,7,0,,,5,1,255,,Brooklyn,invalid/missing price or service_fee
37425521,Stylish and Cozy One Bedroom,59096287925,verified,Renata,Staten Island,Arrochar,40.59787,-74.06296,United States,US,false,moderate,Entire home/apt,2007,,177.0,2,7,2021-03-04,0.31,2,1,359,,Staten Island,invalid/missing price or service_fee
4265981,Big Sunny Room in Apartment With Views,81959550819,verified,Tarek,Manhattan,East Village,40.72603,-73.98897,United States,US,true,moderate,Private room,2006,,93.0,7,15,2019-04-13,0.26,3,1,167,,Manhattan,invalid/missing price or service_fee
49552372,Gorgeous Sunset-facing Carroll Gardens 1 Bedroom,94043118519,verified,Patrick,Brooklyn,Gowanus,40.67963,-73.98951,United States,US,true,strict,Entire home/apt,2010,,73.0,2,0,,,1,1,0,"No Smoking.  Smoke alarms will sound (not just in the unit, but throughout the other units in the building as well).  Please keep the outside gate closed.  No parties. Overnight guests, other than those listed on the reservation, are not allowed.",Brooklyn,invalid/missing price or service_fee
57366865,Room & private bathroom in historic Harlem,15593031571,unconfirmed,Shireen,Manhattan,Harlem,40.81248,-73.94317,United States,US,true,strict,Private room,,848.0,,2,0,,,1,1,0,"Each of us is working and/or going to school at the moment, so weekday guests are expected to respect a quiet period from 12am to 8am. On weekends, we almost always go out and encourage you to do the same! You're welcome to make noise in your room at a reasonable level, but we prefer that you wrap it up no later than 3am at the absolute latest on weekends.",Manhattan,invalid/missing price or service_fee
37492349,Home AwayFrom Home!,38272911976,verified,Maria,Queens,Flushing,40.73022,-73.81201,United States,US,true,moderate,Entire home/apt,2008,1187.0,,3,1,2021-02-01,0.08,4,1,365,,Queens,invalid/missing price or service_fee
8436951,Well Equipped One-Bedroom Apartment,66064662340,unconfirmed,Oliver,Manhattan,Morningside Heights,40.80986,-73.95945,United States,US,true,strict,Entire home/apt,2021,,10.0,1,1,2015-12-23,0.02,1,1,293,"Please no loud noise after 10pm as others do live here Check in after 3pm Check out at 11am Would appreciate it if you removed linens from bed post stay (not a requirement, just as a courtesy) NO SMOKING in room We do have an indoor porch if you're a smoker outside apartment",Manhattan,invalid/missing price or service_fee
37353170,Delightfully Cozy BeachHouse | Trendy Bushwick 1br,61371852914,unconfirmed,Kyle,Brooklyn,Bushwick,40.70139,-73.91474,United States,US,false,moderate,Entire home/apt,2009,634.0,,30,2,2021-04-01,0.15,4,1,0,,Brooklyn,invalid/missing price or service_fee
37376366,"Clean, sunny 2BR in Brooklyn's Nicest Area",61399392938,unconfirmed,Seth,Brooklyn,South Slope,40.66902,-73.98884,United States,US,false,moderate,Entire home/apt,2021,,30.0,88,19,2021-03-27,0.16,4,1,126,,Brooklyn,invalid/missing price or service_fee
45068248,Beautiful 1 bedroom Apartment in Midtown East,57258447305,unconfirmed,Sheena,Manhattan,Midtown,40.75242,-73.97112,United States,US,false,moderate,Private room,2006,,,3,0,,,1,1,0,,Manhattan,invalid/missing price or service_fee
29291247,Bright and Open 2 bedroom Apartment in Brooklyn,80857139771,unconfirmed,Kathryn,Brooklyn,Bedford-Stuyvesant,40.68992,-73.93677,United States,US,true,moderate,Entire home/apt,2019,1148.0,,1,38,2022-02-27,7.86,4,1,21,,Brooklyn,invalid/missing price or service_fee
1265335,Charming upper west side apartment,89878315253,unconfirmed,Alen,Manhattan,Upper West Side,40.77886,-73.98042,United States,US,true,strict,Entire home/apt,2022,410.0,82.0,-2,129,2019-06-07,1.33,2,1,381,"Please remember that this is a residential building.  All building rules, Hotel occupancy restrictions, and year-round tenants must be respected.",Manhattan,negative minimum_nights
1291294,Chateau Style Brooklyn Loft for Singles or Couples,2631536622,verified,Carlos,Brooklyn,Bedford-Stuyvesant,40.68967,-73.95445,United States,US,false,moderate,Entire home/apt,2022,413.0,83.0,-3,42,2019-05-18,0.44,5,1,292,BUILDING IS RESIDENTIAL. DOCTORS AND NURSES WHO WORK LONG HOURS ARE THE PRIMARY TENANTS OF THIS BUILDING SO RESPECTFUL NOISE LEVELS DURING 10PM-7AM ARE A MUST.,Brooklyn,negative minimum_nights
1233854,Charming Nolita Apartment!!,7389895192,verified,Belinda,Manhattan,Nolita,40.72094,-73.99706,United States,US,false,flexible,Entire home/apt,2008,874.0,175.0,-10,68,2019-06-10,0.69,5,1,13,,Manhattan,negative minimum_nights
51457807,Cozy Brooklyn Apartment,63988893317,verified,Daniella,Brooklyn,Gowanus,40.6707,-73.99118,United States,US,true,moderate,Shared room,2014,1177.0,235.0,-10,9,2017-05-08,0.31,2,1,0,"No smoking, No pets. No shoes in the house. Visitors are permitted in the common area only. Please use the dining room to enjoy your meals. Also please refrain using an electronic device while having your meal. Quiet time between 10:00pm-6:00am.",Brooklyn,negative minimum_nights
1244900,Cozy apartment in a brownstone,81186886194,verified,Adelaide,Manhattan,Harlem,40.80497,-73.95016,United States,US,false,moderate,Entire home/apt,2021,920.0,184.0,-12,203,2019-07-06,2.14,5,3,77,,Manhattan,negative minimum_nights
39523709,Amazing location! 10ft from L train,62132542936,verified,Giorgia & Benjamin,Brooklyn,Williamsburg,40.71534,-73.94906,United States,US,false,moderate,Private room,2012,328.0,66.0,-125,146,2019-06-23,1.78,1,1,46,,Brooklyn,negative minimum_nights
24444262,"Cozy room in bright, spacious apartment",84040511136,verified,Steven,Bronx,Hunts Point,40.81731,-73.89052,United States,US,false,moderate,Private room,2003,1200.0,240.0,-1223,0,,,2,4,341,Smoking is strictly prohibited. Your pets are welcome but please mind them. NO PARTIES ALLOWED.  EXCESSIVE NOISE IS STRICTLY PROHIBITED.,Bronx,negative minimum_nights
24474086,2bd BOUTIQUE  Apartament in the heart of MANHATTAN,2679070022,unconfirmed,Tom,Manhattan,Hell's Kitchen,40.76694,-73.98773,United States,US,true,flexible,Entire home/apt,2009,711.0,142.0,-365,13,2019-07-07,5.91,4,4,0,Please pick up/drop packet with front desk concierge. ABSOLUTELY NO SMOKING!!,Manhattan,negative minimum_nights
1221151,SUPER BIG AND COZY PRIVATE BEDROOM,50336791874,verified,Tucker,Brooklyn,Kensington,40.64302,-73.97255,United States,US,false,flexible,Private room,2015,779.0,156.0,-1,82,2019-05-19,0.94,2,2,131,"no inside smoking, quiet(ish) after 11, help yourself to condiments, oils, spices, coffee. use of bikes at your own risk. No parties. I'm super tight with neighbors and usually I'm staying 2 doors down.",Brooklyn,negative minimum_nights
1195746,"Beautiful, Bright’s, Warm & Spacious 1.5BR Apt",2227683633,unconfirmed,Grant,Brooklyn,Crown Heights,40.67174,-73.95663,,,,,Entire home/apt,2009,73.0,15.0,-5,104,2019-06-21,1.04,5,1,31,We are a second-floor apartment so please do not stomp or jump on floors.,Brooklyn,negative minimum_nights
24495073,Newly Renovated Garden Apartment,98469733112,verified,Margie,Brooklyn,Bedford-Stuyvesant,40.6847,-73.9435,United States,US,true,moderate,Entire home/apt,2022,85.0,17.0,-200,3,2019-04-23,1.06,2,1,157,No smoking or pets allowed and we request that you respect our neighbors by observing quiet hours between 9 p.m. and 8 a.m.  We also request that you do not invite other guests over without our permission.  No shoes allowed in the house.  Please treat our home as you would treat yours!,Brooklyn,negative minimum_nights
1098541,BROOKLYN VICTORIAN STYLE SUITE.....,83631499592,unconfirmed,Frederick,Brooklyn,Fort Greene,40.69098,-73.97113,United States,US,false,flexible,Private room,2008,1155.0,231.0,-10,213,2019-06-24,2.0,5,2,19,There is no smoking on the property. No outside guests are allowed. The building's quiet hours begin at 9pm.,Brooklyn,negative minimum_nights
51410309,Beautiful modern & large 2 bedroom,13861414317,unconfirmed,Vikas,Manhattan,Midtown,40.74433,-73.98318,United States,US,false,moderate,Entire home/apt,2007,772.0,154.0,-10,0,,,3,1,0,"Please remember that this is a residential building. The building rules, apartment occupancy restrictions and the year-round tenants must be respected.  Parties, pets and smoking are not allowed under any circumstances and incur significant fees. ",Manhattan,negative minimum_nights
4126802,Quiet Two Bedroom Apartment,49299861217,unconfirmed,Altin,Manhattan,Gramercy,40.73327,-73.98503,United States,US,true,moderate,Entire home/apt,2018,190.0,38.0,3,13,2015-10-19,0.22,1,1,-9,Please leave the apartment in the same condition it was left to you.,Manhattan,negative availability_365
2716780,HappyCozy GuestSuite w/ Great Energy close to JFK,45552611590,unconfirmed,Megan,Brooklyn,Cypress Hills,40.6784,-73.89362,United States,US,false,flexible,Entire home/apt,2015,166.0,33.0,1,319,2019-07-08,8.52,3,1,-10,"Please remember that this is a residential building. The building rules, apartment occupancy restrictions and the year-round tenants must be respected. Parties, pets and smoking are not allowed under any circumstances and incur significant fees.",Brooklyn,negative availability_365
2039108,Charming Private room in Greenpoint,84297035315,unconfirmed,O.,Brooklyn,Greenpoint,40.73184,-73.95802,United States,US,true,strict,Private room,2013,1198.0,240.0,11,11,2018-08-31,0.23,2,3,-4,"NO SMOKING (anything). Please, I beg :-) clean your dishes. They can quickly get crusty!",Brooklyn,negative availability_365
3392243,"Safe, cozy & minutes to NYC",92578900580,verified,Angelo,Queens,Ditmars Steinway,40.77503,-73.91882,United States,US,false,moderate,Private room,2013,817.0,163.0,1,135,2019-06-16,2.14,4,4,-3,,Queens,negative availability_365
6646947,Private room in Financial District!,62501663147,unconfirmed,Lauren,Manhattan,Financial District,40.70501,-74.01395,United States,US,false,strict,Private room,2022,496.0,99.0,5,2,2016-05-26,0.05,5,1,-2,,Manhattan,negative availability_365
8861670,Private Spacious Room ~ Near Trains,61458397556,unconfirmed,Allison,Queens,Astoria,40.76101,-73.91573,United States,US,false,flexible,Private room,2008,405.0,81.0,3,65,2019-06-20,1.66,5,1,-2,"House Rules 1. All bookings made at least a week before check in are fully refundable if cancelled within 24 hours of booking. After this, you will receive a 50% refund if you cancel at least 7 days before the start of your trip. 2. Check-in time is any time after 4 pm local time. If the unit is ready earlier, we’ll let you know. Check-out is normally 11 am local time, but we’d be happy to extend it as long as we don’t have a cleaning scheduled. Just let us know.  3. All bookings require a security deposit of at least $300. 4. For security measures we require all guests to provide proof of identification through ID verification on our own website. In order to check in, we'll need a photo of your ID.  5. Don’t let $300 go up in smoke. There's no smoking allowed in any Flatbook and a $300 fine for breaking this rule.  6. Unfortunately we don’t allow pets in most of our apartments. 7. Unless you’re staying in one of our specialty apartments, we don’t allow parties or excessive noise. 8. I",Queens,negative availability_365
47432092,Fully Private Suite in Home,39409682722,verified,Patricia,Brooklyn,Prospect-Lefferts Gardens,40.65993,-73.95725,United States,US,false,strict,Entire home/apt,2005,240.0,48.0,1,151,2019-06-09,3.86,3,1,-8,,Brooklyn,negative availability_365
7635564,Entire 2bed apt in Brooklyn,62538513667,unconfirmed,Madeline,Brooklyn,Williamsburg,40.7073,-73.94219,United States,US,true,flexible,Entire home/apt,2021,1055.0,211.0,4,3,2016-03-23,0.07,1,3,-7,• Check-in time is 3PM.,Brooklyn,negative availability_365
5757191,1 Bedroom in Williamsburg!,95249613525,verified,Ginevra,Brooklyn,Williamsburg,40.71187,-73.96342,United States,US,true,strict,Private room,2003,559.0,112.0,1,11,2019-01-23,0.33,3,1,-3,Please be respectful of the space and building! No loud noises or extra guests beyond 10pm.,Brooklyn,negative availability_365
47794401,Cozy 1 Bedroom Apt.. Just like home,16695693331,verified,Jamilya,Brooklyn,Crown Heights,40.66429,-73.94994,United States,US,false,moderate,Entire home/apt,2003,1087.0,217.0,2,67,2019-06-28,1.7,5,1,-7,"Professional building, please be considerate of other residents in the building. This is not a place for parties.",Brooklyn,negative availability_365
9428882,Zen room at Casa de la Luna,95307239926,verified,Jessica,Brooklyn,Bedford-Stuyvesant,40.68979,-73.94299,United States,US,false,strict,Private room,2021,726.0,145.0,2,1,2016-04-17,0.03,1,3,-10,"Hello! We look forward to having you. Have a great time! House Rules and Information  Greetings! We like to think of all of our guests as friends and hope that you will treat our apartment as you would treat yours, not as one might treat a hotel room.   There is NO SMOKING allowed in the apartment at any time.  Damages: if you notice any damage when you arrive, please report it to our office so we are aware of it and don’t assume it happened during your stay.  Laundry: there is a European style washer/dryer combo unit in the apartment. The manual is located on the left side wall in the closet. This is a high efficiency energy efficient unit. HE laundry detergent only is to be used. Be advised that wash/dry cycles take a considerable amount of time. Bath: there is a hair dryer in the bathroom for guest use. Linens: When you are done with your towels, please put them in the laundry basket in the bedroom. It would be great if you can take the sheets you have slept on and put them in the b",Brooklyn,negative availability_365
7717856,Cozy room in a spacious house,1143797191,unconfirmed,Beth,Brooklyn,Midwood,40.62186,-73.95347,United States,US,true,flexible,Private room,2022,549.0,110.0,2,62,2019-05-23,1.45,5,2,-4,"No pets, no children, no smoking (landlord's rules, not ours - sorry!).  Also, it is a pretty quiet building and the owners feel strongly about keeping it this way, so please refrain from any loud music/shouting/partying. Finally, we are happy to take care of stripping/washing the sheets, but would appreciate it if you would clean up any dishes you use during your stay. Other than that, have fun!",Brooklyn,negative availability_365
48805663,"Big, airy room in beautiful apartment",46518861360,verified,Sylvia,Brooklyn,Flatbush,40.65251,-73.96325,United States,US,true,moderate,Private room,2007,158.0,32.0,4,1,2017-07-03,0.04,5,1,-6,"Please remember that this is a residential building. The building rules, apartment occupancy restrictions and the year-round tenants must be respected.  Parties and smoking are not allowed under any circumstances and incur significant fees. Pets may be considered with pre-approval and an additional pet fee.",Brooklyn,negative availability_365
10372762,Beautiful Quiet Bedroom near City College,24855626787,unconfirmed,Erika,Manhattan,Harlem,40.81863,-73.95295,United States,US,true,flexible,Private room,2017,948.0,190.0,2,0,,,4,3,-7,"Please be respectful of other guests.  Keep the common areas clean and pick up after your self.  No loud music after 10:00PM.  It is a safe neighborhood but please, keep doors locked for safety No smoking in the house (smoking is allowed on the front or back decks).",Manhattan,negative availability_365
47458051,5*****Prime W/ Private Outdoor 5177,68475788598,unconfirmed,Jeremy & Laura,Manhattan,West Village,40.73198,-74.00239,United States,US,true,moderate,Entire home/apt,2009,324.0,65.0,30,0,,,4,96,-4,"1. No damage to the house or furniture 2. No Smoking, No Pets, No Drugs 3. No more sleepover people then you booked 4. Keep quiet after 11:00 PM 5. Be respectful to neighbors 6. Keep the kitchen clean after used 7. Keep the bathroom clean after used 8. Return “Parking Permit"" before check out 9. Check-in: 3PM, Check-out: 11:00AM",Manhattan,negative availability_365
4253831,Beautiful  brownstone room,60939531691,verified,Ana,Brooklyn,Crown Heights,40.67391,-73.9472,United States,US,false,moderate,Private room,2010,163.0,33.0,1,74,2019-06-09,1.34,3,3,-8,"Please remember that this is a residential building. The building rules, apartment occupancy restrictions and the year-round tenants must be respected.  Parties, pets and smoking are not allowed under any circumstances and incur significant fees.",Brooklyn,negative availability_365
2978570,Casa de La Musica,52711171616,verified,Yoruba,Brooklyn,Bushwick,40.68342,-73.91017,United States,US,true,moderate,Entire home/apt,2020,142.0,28.0,7,0,,,3,1,-5,"1. No damage to the house or furniture 2. No Smoking, No Pets, No Drugs 3. No more sleepover people then you booked 4. Keep quiet after 11:00 PM 5. Be respectful to neighbors 6. Keep the kitchen clean after used 7. Keep the bathroom clean after used 8. Check-in: 3PM, Check-out: 11:00AM",Brooklyn,negative availability_365
7601873,"Gorgeous, convenient apt, sleeps 7",97000185352,verified,Diana,Bronx,Concourse,40.81897,-73.92735,United States,US,false,flexible,Entire home/apt,2019,316.0,63.0,1,0,,,3,1,-4,No smoking!  Please be respectful of our neighbors and keep noise to a minimum.  Voices and music outside carry far.,Bronx,negative availability_365
1415009,SUPER CUTE EAST VILLAGE APARTMENT,62132384851,verified,Dixon,Manhattan,East Village,40.72454,-73.99151,United States,US,true,moderate,Entire home/apt,2006,1078.0,216.0,3,24,2019-06-27,0.26,2,1,-9,No smoking.   We do allow pets.,Manhattan,negative availability_365
48777495,Upscale 1 Bedroom Hell's Kitchen Apartment,50442314156,verified,Kara,Manhattan,Hell's Kitchen,40.76045,-73.9981,United States,US,true,moderate,Entire home/apt,2017,471.0,94.0,30,1,2017-04-20,0.04,4,121,-2,,Manhattan,negative availability_365
6981088,True One BR - Upper East Side,83766540085,verified,Rob,Manhattan,Upper East Side,40.77455,-73.94982,United States,US,true,strict,Entire home/apt,2012,198.0,40.0,2,31,2018-12-30,0.69,5,1,-8,No smoking.  One's home is their sanctuary. Please treat mine with care. I've worked hard for it and try to make it as pleasant as possible for guests to stay.  :),Manhattan,negative availability_365
4468675,East Village Townhouse,89832107828,unconfirmed,Kathy,Manhattan,East Village,40.73118,-73.98885,United States,US,true,strict,Entire home/apt,2010,260.0,52.0,30,24,2019-04-22,0.43,5,2,-3,,Manhattan,negative availability_365
7097071,Uptown Studio With Character,16837517354,unconfirmed,Russell,Manhattan,Harlem,40.8294,-73.94695,United States,US,true,flexible,Entire home/apt,2005,1183.0,237.0,3,13,2017-08-07,0.28,2,1,-4,No smoking  Not pets  No parties or events No candles,Manhattan,negative availability_365
2049049,Historic East Village Townhouse,48223093568,unconfirmed,Joanna,Manhattan,East Village,40.73345,-73.98956,United States,US,false,moderate,Entire home/apt,2022,617.0,123.0,2,66,2019-07-01,0.93,4,1,-5,"Be quiet, kind and respectful, treat this as if it were your own home.",Manhattan,negative availability_365
4986181,Bohemian Studio Loft in Brooklyn,30479739152,unconfirmed,Vida,Brooklyn,Greenpoint,40.72546,-73.94046,United States,US,false,moderate,Entire home/apt,2020,817.0,163.0,30,7,2019-06-01,0.14,2,52,-2,"We regret we cannot accommodate pets.  Strictly no smoking anywhere on the property. Not inside. Not in the yard. Not on the deck or driveway. Like many New England houses, our house is constructed entirely of wood. No smoking please. ",Brooklyn,negative availability_365
3977128,Cozy 1BR-Country living in NYC!,53289346129,unconfirmed,Aurelie,Staten Island,Clifton,40.6205,-74.07451,United States,US,true,flexible,Entire home/apt,2019,175.0,35.0,2,242,2019-06-30,4.09,3,1,-9,,Staten Island,negative availability_365
41268424,14th St 1BR,69618449230,verified,Alex,Manhattan,Chelsea,40.74068,-74.00279,United States,US,true,flexible,Entire home/apt,2008,483.0,97.0,1,1,2015-09-30,0.02,4,1,-1,,Manhattan,negative availability_365
48274902,Entire Times Square 1BD Apartment,30079738508,verified,Judy,Manhattan,Hell's Kitchen,40.75657,-73.9942,United States,US,true,flexible,Entire home/apt,2006,1187.0,237.0,3,59,2019-06-28,1.63,3,1,-10,- Please keep volume to a minimum past 11pm - No smoking -No parties or unexpected guests,Manhattan,negative availability_365
6186328,"Private Apt & Patio (spacious, stocked and bright)",35020101443,verified,Elizabeth,Brooklyn,Crown Heights,40.67026,-73.9497,United States,US,true,moderate,Entire home/apt,2011,317.0,63.0,2,151,2019-05-19,3.16,4,1,-3,,Brooklyn,negative availability_365
3043189,Downtown NY Apt - SuperBowl Weekend,79747168917,unconfirmed,Gabriel,Manhattan,Gramercy,40.73588,-73.98252,United States,US,false,strict,Entire home/apt,2021,227.0,45.0,1,0,,,3,1,-4,"No smoking or drugs anywhere on property; no pets; no unauthorized guests. We expect guests to be respectful of our property and the neighborhood. Please remove shoes in downstairs entryway. Please confine eating to the kitchen area. Upon check out, please leave the apartment as close to how you found it as possible. Thank you!",Manhattan,negative availability_365
3110017,Ritz-Plaza - 2 bedroom / 2 fullbath,41915326019,verified,Troy,Manhattan,Theater District,40.76096,-73.98646,United States,US,true,moderate,Entire home/apt,2013,212.0,42.0,2,1,2015-10-09,0.02,2,1,-5,- We have school age children and request that our guests do not come and go and after 11pm on weekdays.,Manhattan,negative availability_365
5384941,BK Private Room&Bath - comfortable!,51768598996,unconfirmed,Brett,Brooklyn,Williamsburg,40.7168,-73.94073,United States,US,true,strict,Private room,2020,1039.0,208.0,3,28,2016-07-02,0.56,1,1,-5,"House Rules 1. Check-in is 4 pm local time. If the unit is ready earlier, we’ll let you know. Check-out is normally 11 am local time, but we’d be happy to extend it as long as we don’t have a cleaning scheduled. Just let us know.  2. All bookings require a security deposit of at least $300, which will be refunded within 7 days of your check-out. 3. For security measures we require all guests to provide proof of identification through ID verification on our own website. In order to check in we'll need a photo of your ID.  4. Our cancellation policy is as shown on our ad and defined by the site you are booking through.  5. Don’t let $300 go up in smoke. There's no smoking allowed in any Flatbook and a $300 fine for breaking this rule.  6. Unfortunately we don’t allow pets in any of our apartments. 7. Unless you’re staying in one of our specialty apartments, we don’t allow parties or excessive noise. 8. If we find the place very messy, we have to charge an extra $40 for every extra hour o",Brooklyn,negative availability_365
10222537,Private Room in Williamsburg,89272868321,verified,Christian,Brooklyn,Williamsburg,40.7194,-73.96262,United States,US,false,strict,Private room,2006,405.0,81.0,3,0,,,3,1,-7,"Please remember that this is a residential building. The building rules, apartment occupancy restrictions and the year-round tenants must be respected.",Brooklyn,negative availability_365
4864675,Modern Prime Williamsburg 1BR w/ Terrace & Views,82718928152,verified,Jay,Brooklyn,Williamsburg,40.7169,-73.95087,United States,US,false,strict,Entire home/apt,2013,1164.0,233.0,2,59,2019-05-25,1.2,3,1,-1,,Brooklyn,negative availability_365
48221329,Loft @ Williamsburg Bedford,12090154270,verified,Charles,Brooklyn,Williamsburg,40.71572,-73.95376,United States,US,false,flexible,Private room,2003,428.0,86.0,5,6,2017-09-09,0.17,2,2,-7,,Brooklyn,negative availability_365
6155400,Room With a View – Minimalist Respite in Bed-Stuy,92803625425,unconfirmed,Alyson,Brooklyn,Bedford-Stuyvesant,40.6937,-73.94501,United States,US,true,flexible,Private room,2016,154.0,31.0,4,47,2019-05-28,1.01,4,1,-9,,Brooklyn,negative availability_365
9371995,Spacious 1 Bedroom with City Views,97748010905,unconfirmed,Carolyn,Queens,Astoria,40.76856,-73.92591,United States,US,true,flexible,Entire home/apt,2017,258.0,52.0,1,0,,,2,1,-1,,Queens,negative availability_365
8677754,Large Private Bedroom in Comfy Home,51471463198,verified,Mfoniso,Queens,Sunnyside,40.74286,-73.91635,United States,US,false,flexible,Private room,2003,195.0,39.0,1,1,2016-01-26,0.02,4,1,-10,,Queens,negative availability_365
47726468,Charming 1BR Apt in LES Side,76540462739,verified,J. Ryan,Manhattan,Lower East Side,40.72025,-73.98372,United States,US,true,strict,Entire home/apt,2005,785.0,157.0,2,3,2016-05-08,0.07,2,1,-9,,Manhattan,negative availability_365
10284947,1 - Bedroom  APT in Bushwick BK,51488351079,verified,Heath,Brooklyn,Bushwick,40.68134,-73.9072,United States,US,true,flexible,Entire home/apt,2020,921.0,184.0,3,0,,,1,1,-3,"Please remember that this is a residential building. The building rules, apartment occupancy restrictions and the year-round tenants must be respected.  Parties, pets and smoking are not allowed under any circumstances and incur significant fees.",Brooklyn,negative availability_365
3102285,Super Bowl Space Available!,12345037454,verified,Andrea,Queens,Astoria,40.76895,-73.9236,United States,US,false,moderate,Shared room,2008,1075.0,215.0,1,0,,,2,1,-10,"Kid friendly if you bring your own pack n play or crib. IF YOU HAVE ALLERGIES PLEASE LET US KNOW. There is a dog who lives here, who will not be present for your stay, but who might have left behind some dander that could make you sad!",Queens,negative availability_365
9801132,Greenwich Village| Private Queen room,47914170948,unconfirmed,Kelly,Manhattan,Greenwich Village,40.73694,-73.99587,United States,US,false,flexible,Private room,2016,1055.0,211.0,1,78,2019-06-16,2.23,2,1,-5,Please treat this house as if it is your own.  - No smoking - No drug use - Shoes can be left in the hall. - Help yourself to anything in the refrigerator. - LOCK THE DOORS when you leave. Front door to condo locks on it's own.,Manhattan,negative availability_365
48251706,Comfortable Room Near Columbia U,90482309588,unconfirmed,Yutian,Manhattan,Morningside Heights,40.81567,-73.95951,United States,US,true,strict,Private room,2008,572.0,114.0,7,2,2016-08-13,0.05,5,1,-8,"We expect travelers to leave the apartment in the same condition that they left it in. We take great care of the apartment as we feel it is a truly special home, and hope that others will treat it the same way! We will provide fresh sheets and towels, which guests can put in a pile upon leaving. We do not allow pets unfortunately. Although we love them, the building does not!",Manhattan,negative availability_365
5990262,Cozy home in the heart of Astoria,82588676400,unconfirmed,Loren,Queens,Astoria,40.76371,-73.92049,United States,US,true,strict,Entire home/apt,2021,1097.0,219.0,4,2,2015-12-31,0.04,1,1,-3,Please make yourself at home! Just treat the apartment as though it's your own. ,Queens,negative availability_365
7459380,Cozy Large 1 BR Apt -Hamilton Hts,1206127737,unconfirmed,Miranda,Manhattan,Harlem,40.8239,-73.95393,United States,US,true,moderate,Entire home/apt,2004,387.0,77.0,3,1,2015-11-29,0.02,3,1,-2,Please do not smoke in the building!!!   You may smoke outside on the private deck.    Please be reasonably quiet and respectful of the host (his bedroom his below your bedroom!),Manhattan,negative availability_365
48627270,Big Studio apt- Legal NY rental,50502919813,unconfirmed,Janelle,Brooklyn,East Flatbush,40.65742,-73.92385,United States,US,true,strict,Entire home/apt,2013,1041.0,208.0,1,117,2019-06-04,3.09,4,1,-2,"Please remember that this is a residential building. The building rules, apartment occupancy restrictions, and the year-round tenants must be respected.  There is no smoking allowed in the apartments and significant fees will take place if occurs. ",Brooklyn,negative availability_365
10214805,Upscale 1 Bedroom Hell's Kitchen Apartment,89410113112,verified,Kara,Manhattan,Hell's Kitchen,40.76045,-73.9981,United States,US,true,flexible,Entire home/apt,2017,471.0,94.0,30,1,2017-04-20,0.04,4,121,-2,,Manhattan,negative availability_365
9231711,Cozy 1 Bedroom Apt.. Just like home,90111138379,unconfirmed,Jamilya,Brooklyn,Crown Heights,40.66429,-73.94994,United States,US,false,strict,Entire home/apt,2003,1087.0,217.0,2,67,2019-06-28,1.7,5,1,-7,"Professional building, please be considerate of other residents in the building. This is not a place for parties.",Brooklyn,negative availability_365
9658639,Loft @ Williamsburg Bedford,32726358828,verified,Charles,Brooklyn,Williamsburg,40.71572,-73.95376,United States,US,true,flexible,Private room,2003,428.0,86.0,5,6,2017-09-09,0.17,2,2,-7,,Brooklyn,negative availability_365
8075747,Beautiful Room...15 min to NYC,88730517017,verified,Dana,Brooklyn,Bedford-Stuyvesant,40.69335,-73.93107,United States,US,true,moderate,Private room,2004,144.0,29.0,1,0,,,2,1,-8,don't tear down the place! you will leave your credit card as deposit.,Brooklyn,negative availability_365
48785227,Private Room in Williamsburg,36448634262,verified,Christian,Brooklyn,Williamsburg,40.7194,-73.96262,United States,US,false,flexible,Private room,2006,405.0,81.0,3,0,,,3,1,-7,"Please remember that this is a residential building. The building rules, apartment occupancy restrictions and the year-round tenants must be respected.",Brooklyn,negative availability_365
7837153,private bedroom and private bath,46330318700,unconfirmed,Isabelle,Brooklyn,Prospect-Lefferts Gardens,40.65862,-73.95777,United States,US,false,strict,Private room,2009,754.0,151.0,1,1,2015-12-03,0.02,4,1,-2,#NAME?,Brooklyn,negative availability_365
8869402,Fully Private Suite in Home,252632051,verified,Patricia,Brooklyn,Prospect-Lefferts Gardens,40.65993,-73.95725,United States,US,true,moderate,Entire home/apt,2005,240.0,48.0,1,151,2019-06-09,3.86,3,1,-8,,Brooklyn,negative availability_365
1609971,"Bright, Bedstuy Gem",14399757070,verified,Nicole Lavonne,Brooklyn,Bedford-Stuyvesant,40.68944,-73.9376,United States,US,true,strict,Entire home/apt,2005,150.0,30.0,3,182,2019-07-01,2.15,4,1,-1,"House Rules 1. Check-in is 4 pm local time. If the unit is ready earlier, we’ll let you know. Check-out is normally 11 am local time, but we’d be happy to extend it as long as we don’t have a cleaning scheduled. Just let us know.  2. All bookings require a security deposit of at least $300, which will be refunded within 7 days of your check-out. 3. For security measures we require all guests to provide proof of identification through ID verification on our own website. In order to check in we'll need a photo of your ID.  4. Our cancellation policy is as shown on our ad and defined by the site you are booking through.  5. Don’t let $300 go up in smoke. There's no smoking allowed in any Flatbook and a $300 fine for breaking this rule.  6. Unfortunately we don’t allow pets in any of our apartments. 7. Unless you’re staying in one of our specialty apartments, we don’t allow parties or excessive noise. 8. If we find the place very messy, we have to charge an extra $40 for every extra hour o",Brooklyn,negative availability_365
9503442,Newly Renovated Upper East Side Apartment,60609707098,verified,Madeleine,Manhattan,East Harlem,40.78993,-73.94718,United States,US,true,flexible,Private room,2013,938.0,188.0,1,0,,,2,1,-8,"House Rules The house rules are an important part of staying in this condo.  You will be sharing a living space with other guests and a high level of consideration, respect, communication and tolerance is expected from you.  They are meant to make your stay more pleasant, to prevent conflicts and to protect the property of any damage.  If you feel there is something that needs to be addressed and that is not covered in these rules, please make sure you communicate that to the host. 1.  Toilet · The toilettes can only be used with the toilet paper provided.  Any other material disposed of will cause the plumbing system to back up and create drainage problems.  No tissues, cotton balls, tampons, Q-tips cotton swabs or any kind of sanitary products are allowed down the toilets.  · Any plumbing work due to clogged toilets will be charged to the guests. 2. Noise and Quiet Hours · Quiet hours are from 10pm until 7am.  During quiet hours radios and stereos may be played at a level not to be h",Manhattan,negative availability_365
8554039,Cozy Williamsburg Space,47533607289,unconfirmed,Abe,Brooklyn,Williamsburg,40.70727,-73.96057,United States,US,false,strict,Private room,2008,82.0,16.0,2,2,2016-12-31,0.06,4,1,-5,Make yourself at home. We are 420 friendly,Brooklyn,negative availability_365
1293503,Columbus Circle Luxury Bldg - Private Room&Bath,86417259099,verified,Derek,Manhattan,Hell's Kitchen,40.7709,-73.99181,United States,US,false,moderate,Private room,2021,619.0,124.0,28,43,2019-06-29,0.45,5,2,-4,#NAME?,Manhattan,negative availability_365
9441032,Flushing Master Room w/ Private bathroom,51283386112,verified,Shirley,Queens,Flushing,40.74979,-73.82911,United States,US,false,moderate,Private room,2008,419.0,84.0,5,66,2019-05-19,1.69,4,12,-1,6 guest maximum.  Smoking isn't permitted and unfortunately neither are pets. Sorry.   Quiet hours 9p-8a.,Queens,negative availability_365
8313236,Sunny Room Downtown Queens NYC,79325973009,unconfirmed,Grace,Queens,Corona,40.74071,-73.86498,United States,US,true,moderate,Private room,2017,447.0,89.0,16,55,2019-05-28,1.43,1,2,-8,"No cigarettes, parties or pets. If you're looking to stay longer than a week, please contact me before instant booking. Treat others how you want to be treated. :)",Queens,negative availability_365
5202130,Spacious Studio - Central Park!,53817515944,unconfirmed,Adam,Manhattan,Upper West Side,40.79589,-73.96187,United States,US,false,moderate,Entire home/apt,2016,1107.0,221.0,3,,2018-01-02,0.25,3,1,-3,"Please remember that this is a residential building. The building rules, apartment occupancy restrictions and the year-round tenants must be respected.",Manhattan,negative availability_365
6868419,Greenpoint Brooklyn Modern Charm,30983603636,verified,Robbin,Brooklyn,Greenpoint,40.72176,-73.94393,United States,US,false,flexible,Entire home/apt,2007,243.0,49.0,2,129,2019-06-06,2.8,1,2,-1,Please don't use the washer and dryer after 10pm or before 8am!,Brooklyn,negative availability_365
10309248,Private Condo Room w/ Patio,74306808211,verified,Agustina,Bronx,Longwood,40.81937,-73.90978,United States,US,true,flexible,Private room,2005,614.0,123.0,2,68,2019-05-30,1.83,2,1,-7,,Bronx,negative availability_365
1395678,Spacious Townhome Apt in Brooklyn,26935160679,verified,Barnes,Brooklyn,East Flatbush,40.64468,-73.94219,United States,US,true,strict,Entire home/apt,2005,86.0,17.0,4,54,2019-06-24,0.62,1,1,-9,As if it were your own home!,Brooklyn,negative availability_365
48775286,"i call it home, you'll call it home.",38890385549,unconfirmed,Mimie,Bronx,Tremont,40.84559,-73.89815,United States,US,true,moderate,Private room,2003,263.0,53.0,7,22,2019-06-24,0.61,1,2,-8,"No smoking Not suitable for pets No parties or events Check-in is after 3PM Be a good ambassador of your country. :) Due to the fact that the building is purely residential, guests are expected to respect at all times the peace and privacy of the neighbors. Principal Rules: 1) Strictly a non-smoking/ shoe-free apartment. 2) No pets allowed  3) We have zero tolerance disturbance policy, so please do not disturb the residents of the building and avoid any noisy behavior after 9:00 pm and before 9:00 AM. We reserve the right to abort the service without refund if any established complain arrives to us from the neighbors.  4) Guests are not permitted to allow other people into the apartment 5) Any property damage shall be paid in full  6) Please DO NOT send any personal mails/package to the address during your stay. (We had lots of issues from the previous guests) Please Contact us for the further arrangement if you have any mailing request before your trip. We really hope that you enjoy y",Bronx,negative availability_365
1271963,Gorgeous 1 bdrm in huge duplex!,80917711958,verified,Julian,Manhattan,Harlem,40.80224,-73.94558,United States,US,true,moderate,Private room,2016,424.0,85.0,2,17,2015-10-01,0.18,3,2,-9,,Manhattan,negative availability_365
48600207,"One BR upper east, walk out to garden",64885339234,verified,Kyle,Manhattan,Upper East Side,40.77626,-73.94693,United States,US,true,moderate,Private room,2004,798.0,160.0,1,2,2016-06-13,0.05,5,1,-3,,Manhattan,negative availability_365
8885971,A quiet & cozy home for travelers—free st parking,62437260317,unconfirmed,Pengfei,Queens,Elmhurst,40.73816,-73.88211,United States,US,true,moderate,Private room,2021,730.0,146.0,1,63,2019-04-07,2.92,1,1,-9,"No cologne/perfumed aftershaves/any sprays/candles/anything burning Non-smoker, no smoking in and out of home No guests/visitors Please be considered to other and make less noise NO street shoes indoor Light use of microwave/toaster oven, not for cooking Pick up after yourself No eating in bed Shower is not to be used 5.45 am-10 am to prevent long wait for bathroom",Queens,negative availability_365
47934685,Spacious 1 Bedroom with City Views,81692418507,verified,Carolyn,Queens,Astoria,40.76856,-73.92591,United States,US,true,moderate,Entire home/apt,2017,258.0,52.0,1,0,,,2,1,-1,,Queens,negative availability_365
5028155,"1BR bright studio w/ priv bathroom, own entrance!",94966302727,verified,Kelvin,Brooklyn,Williamsburg,40.71539,-73.95426,United States,US,true,strict,Private room,2016,1010.0,202.0,4,2,2018-11-20,0.04,5,1,-6,"Dear Guests, Welcome to 62 Cornwall St! I hope you will enjoy your stay in Boston. General -No Smoking -You may use the washer in the laundry room. The turn-on button of dryer is broken, so it is hard to turn it on, but it is working. I usually hang clothes on hangers, they dry fairly quickly that way. -You may use the piano if you play piano.  -Please be extra careful with the floor downstairs. It is very easily scratched! -You may use the grill, but be extra careful! After use, turn off the gas on the propane tank, not only on the grill! -Please  refrain from loud talking/partying on the patio after 10 p.m.  Check  in/out: -The code for the lockbox is 1685  -When you arrive, please remove the keybox. -When you leave, place the key on the kitchen table, do not put it back in the keybox. -Please check out by 11 a.m. on your last day. The cleaners will arrive shortly after that, to prepare for the next guests potentially arriving at 3 p.m.  Internet: -WIFI: (PHONE NUMBER HIDDEN)  -WEP: ",Brooklyn,negative availability_365
48847637,1 - Bedroom  APT in Bushwick BK,38292005679,unconfirmed,Heath,Brooklyn,Bushwick,40.68134,-73.9072,United States,US,false,moderate,Entire home/apt,2020,921.0,184.0,3,0,,,1,1,-3,"Please remember that this is a residential building. The building rules, apartment occupancy restrictions and the year-round tenants must be respected.  Parties, pets and smoking are not allowed under any circumstances and incur significant fees.",Brooklyn,negative availability_365
1444833,Private Room in Brownstone,14940650956,unconfirmed,Stewart,Manhattan,Harlem,40.80748,-73.95589,United States,US,true,moderate,Private room,2004,1178.0,236.0,2,101,2015-10-31,1.1,2,1,-2,"In order to provide a calm atmosphere for guests, as well as a comfortable and safe environment, the following are the rules of my house. Please be aware of and follow all of them throughout your stay at my home. Most of what follows is common sense or common courtesy. The rules serve to protect you as a guest by helping ensure that the environment you find here is the one that I intended to create.  Please keep in mind:  You will be sharing common areas with me, and the cleanliness of the common areas is more dependent upon all guests cleaning up after themselves than it is upon my cleaning. Most guests do very well in keeping common areas clean!  House rules: Kindly remove shoes upon entering my apartment. I ask this because my hardwood floors are very old, and shoes increase the noise to my elderly downstairs neighbor (who is wonderful, so I do what I can to make life easy for her).  Please try not to drag luggage up the stairs, as it disturbs the other building occupants. Please le",Manhattan,negative availability_365
1256499,Beautiful Brooklyn Oasis,64691515953,verified,Julia,Brooklyn,Crown Heights,40.67212,-73.9506,United States,US,false,moderate,Entire home/apt,,293.0,59.0,2,29,2019-06-28,0.35,2,1,-4,,Brooklyn,negative availability_365
2084396,YOUR OWN PLACE WITH VIEWS OF CENTRAL PARK,89420395069,unconfirmed,Peter,Manhattan,Hell's Kitchen,40.76616,-73.98411,United States,US,true,strict,Entire home/apt,2018,788.0,158.0,7,33,2019-05-02,0.42,1,1,-1,,Manhattan,negative availability_365
4291387,Stunning Brooklyn Brownstone,54691582086,unconfirmed,Wayne,Brooklyn,Park Slope,40.67761,-73.97667,United States,US,true,moderate,Entire home/apt,2019,153.0,31.0,2,20,2019-07-05,1.6,3,2,-4,"Please remember that this is a residential building. The building rules, apartment occupancy restrictions and the year-round tenants must be respected.",Brooklyn,negative availability_365
1804933,ELEGANT MIDTOWN EAST STUDIO E.52 ST,2357957476,unconfirmed,Mike,Manhattan,Midtown,40.75743,-73.96939,United States,US,true,moderate,Entire home/apt,,356.0,71.0,30,3,2016-12-31,0.05,2,52,-8,"Inn Boston Reservations requests that noise levels remain moderate to low, and that all guests take into consideration those in the surrounding suites. Depending on the scale of the broken rules, guests may be contacted to request a lower noise level or asked to leave. In the event that the guests are required to vacate the unit, no refund will be provided.",Manhattan,negative availability_365
7070008,Affordable Artistic Apartment,24296375572,unconfirmed,Nikolina,Brooklyn,Sunset Park,40.64685,-74.01097,United States,US,false,moderate,Entire home/apt,2022,618.0,124.0,3,34,2019-06-16,0.75,2,1,-5,"Follow the Golden Rule of treating others (homes) as you'd like (your home) to be treated.  Jamaica Plain is a neighborhood with a lot of families, so please no parties and maintain noise levels after 11 pm and before 7 am.  Pets are okay, smoking is not.",Brooklyn,negative availability_365
4107471,"DO DROP IN, LLC",52323858405,unconfirmed,Erica,Brooklyn,Bedford-Stuyvesant,40.68387,-73.95373,United States,US,true,flexible,Entire home/apt,2020,475.0,95.0,5,14,2017-12-27,0.28,5,2,-5,No Smoking. Pets Allowed with fee.,Brooklyn,negative availability_365
5853292,Gorgeous Luxury Apartment,39540026397,verified,Adriana,Manhattan,Murray Hill,40.74798,-73.9814,United States,US,true,strict,Private room,2016,764.0,153.0,1,1,2015-06-21,0.02,3,1,-1,,Manhattan,negative availability_365
2314153,Oasis in the West Village,17594463317,unconfirmed,Kurt,Manhattan,West Village,40.73804,-74.00416,United States,US,false,moderate,Private room,2017,403.0,81.0,30,13,2018-04-30,0.18,4,1,-2,"Before checking out, please: 1. Take out trash (basement level, back door - red dumpsters) 2. Wash dishes and put in dishrack 3. Return keys to the lockbox by 12 noon (unless we made other arrangements)",Manhattan,negative availability_365
8813620,Beautiful Large 2 Bedroom Apartment,93752626781,verified,Zamena,Queens,East Elmhurst,40.76327,-73.88655,United States,US,false,moderate,Entire home/apt,2008,1151.0,230.0,2,61,2019-06-10,1.52,5,1,-7,"House Rules 1. Check-in is 4 pm local time. If the unit is ready earlier, we’ll let you know. Check-out is normally 11 am local time, but we’d be happy to extend it as long as we don’t have a cleaning scheduled. Just let us know.  2. All bookings require a security deposit of at least $300, which will be refunded within 7 days of your check-out. 3. For security measures we require all guests to provide proof of identification through ID verification on our own website. In order to check in we'll need a photo of your ID.  4. Our cancellation policy is as shown on our ad and defined by the site you are booking through.  5. Don’t let $300 go up in smoke. There's no smoking allowed in any Flatbook and a $300 fine for breaking this rule.  6. Unfortunately we don’t allow pets in any of our apartments. 7. Unless you’re staying in one of our specialty apartments, we don’t allow parties or excessive noise. 8. If we find the place very messy, we have to charge an extra $40 for every extra hour o",Queens,negative availability_365
5069578,Convenient Room Near Subway ABCD&1!,63196285640,verified,L & A,Manhattan,Harlem,40.81663,-73.95315,United States,US,false,moderate,Private room,2016,370.0,74.0,2,71,2016-12-15,1.34,4,3,-10,Please no smoking in the house.  We are quiet folks who need to get up early for work/school.   On the weekends we're very busy usually but enjoy sharing morning coffee/tea with guests and offering our ideas for how to spend the day.   The house is very clean but comfortable.   ,Manhattan,negative availability_365
8529185,Cozy Studio Heart Of Midtown!5160,7952352411,verified,Jeremy & Laura,Manhattan,Hell's Kitchen,40.76544,-73.98651,United States,US,true,moderate,Entire home/apt,2022,515.0,103.0,30,5,2018-07-13,0.16,2,96,-3,"NO SMOKING, please stop smoking a block away so as not to bring smoke-filled lungs into the house, I'm highly sensitive, and it makes me feel sick. Please clean after yourself on an on-going basis, especially in the common areas. We recycle paper, glass, metal in a separate bin, and throw food, plastic bags, and wrappers into the normal trash, can you participate? This 100 year old building has character in the details, but might appear less clean. The wood work was painted white before I moved in. I consistently use bleach between guests, but the grooves have ""greyed"" overtime, and I haven't repainted yet. I hope you won't be that picky ;-) My end-of-stay cleaning fee is to cover my time and expenses washing, drying, changing the sheets and sanitizing the room in between guests. I don't do any daily cleaning (of your room, the bathroom or the kitchen).  I only clean in-between guests or when needed - I noticed I am not a clean freak, I go after the obvious (bread crumbs and slime) - s",Manhattan,negative availability_365
5118733,"Cozy 3 and 1/2 bedroom apt ,near Times Square",23464166048,unconfirmed,Nya,Manhattan,Hell's Kitchen,40.75702,-73.99458,United States,US,true,flexible,Private room,2006,796.0,159.0,7,2,2019-05-15,0.14,4,1,-3,No smoking  Not pets  No parties or events No candles,Manhattan,negative availability_365
7532836,Clean private room with bathroom,70219740069,verified,Megan,Brooklyn,Midwood,40.62402,-73.97071,United States,US,true,moderate,Private room,2015,529.0,106.0,1,1,2015-12-29,0.02,4,1,-3,**Complimentary breakfast is available only by request.,Brooklyn,negative availability_365
8570608,Super Cute + Cozy Park Slope Apt.,62337554821,unconfirmed,Christine,Brooklyn,South Slope,40.6627,-73.98353,United States,US,false,flexible,Entire home/apt,2004,109.0,22.0,3,0,,,3,1,-5,"Respect yourself, respect other, clean up after yourself. No smoking/drinking. Late check in after 9 pm or before 9 am is $50. Lock out is $50 Thank you",Brooklyn,negative availability_365
47981631,"Cozy, boho room in heart of Bedstuy",2555058399,verified,Liz,Brooklyn,Bedford-Stuyvesant,40.6848,-73.93471,United States,US,true,strict,Private room,2016,803.0,161.0,1,2,2016-05-12,0.05,3,2,-7,,Brooklyn,negative availability_365
47448661,A quiet & cozy home for travelers—free st parking,29767366466,unconfirmed,Pengfei,Queens,Elmhurst,40.73816,-73.88211,United States,US,false,strict,Private room,2021,730.0,146.0,1,63,2019-04-07,2.92,1,1,-9,"No cologne/perfumed aftershaves/any sprays/candles/anything burning Non-smoker, no smoking in and out of home No guests/visitors Please be considered to other and make less noise NO street shoes indoor Light use of microwave/toaster oven, not for cooking Pick up after yourself No eating in bed Shower is not to be used 5.45 am-10 am to prevent long wait for bathroom",Queens,negative availability_365
9189184,Elevator 1 BR - Midtown West,74032096263,unconfirmed,Corporate Housing,Manhattan,Hell's Kitchen,40.75892,-73.98949,United States,US,true,flexible,Entire home/apt,2012,907.0,181.0,30,7,2019-06-22,0.21,4,91,-2,,Manhattan,negative availability_365
7421271,Sunrise Condominium Apartment,77726040118,verified,Diana,Staten Island,Grymes Hill,40.61201,-74.09513,United States,US,false,moderate,Entire home/apt,2005,696.0,139.0,1,1,2015-11-01,0.02,1,1,-1,"Shoes off apartment (slippers available to guests) No smoking of any substance on the property Respectful Friendly Quiet Leave things as they were found, clean after yourself  No dishes left in the sink  Please use green cups, bowls, utensils and plates and  Store dry foods in 2nd tall pantry cabinet for your personal food storage and store food in the fridge on the 2nd row Guests may not have additional guests without clearing them with me first",Staten Island,negative availability_365
1131679,,74291995690,unconfirmed,Cameron,Manhattan,East Harlem,40.79163,-73.94573,United States,US,false,flexible,Entire home/apt,2020,1052.0,210.0,28,183,2018-09-29,1.83,2,2,-6,- We have school age children and request that our guests do not come and go and after 11pm on weekdays.,Manhattan,negative availability_365
8156935,Beautiful and Warm Garden Apartment,86454829008,verified,Nadine,Brooklyn,East New York,40.6682,-73.88541,United States,US,true,moderate,Entire home/apt,2013,567.0,113.0,30,16,2018-11-03,0.37,2,1,-2,,Brooklyn,negative availability_365
7732216,New Years in Hudson Heights!,85888596777,unconfirmed,Miriam,Manhattan,Washington Heights,40.85128,-73.93907,United States,US,false,flexible,Private room,2016,275.0,55.0,1,0,,,2,1,-1,No Smoking,Manhattan,negative availability_365
4518935,Room in queens covenient safe locat,84895055931,unconfirmed,Eddie,Queens,Bellerose,40.72401,-73.72901,United States,US,false,strict,Private room,2015,1114.0,223.0,1,3,2019-05-19,0.23,4,1,-2,I except guest to be respectful of my home and follow my house rules.,Queens,negative availability_365
5194398,New bldg~Junior 1~colombus circle~Terrace~WD,53849214697,verified,Host,Manhattan,Hell's Kitchen,40.76646,-73.98805,United States,US,false,strict,Entire home/apt,2013,152.0,30.0,30,6,2018-05-23,0.2,5,39,-5,"Please remember that this is a residential building. The building rules, apartment occupancy restrictions and the year-round tenants must be respected.",Manhattan,negative availability_365
1264231,Gorgeous Duplex + Garden,19341139444,unconfirmed,Richard,Brooklyn,Park Slope,40.67853,-73.98089,United States,US,false,flexible,Entire home/apt,2008,455.0,91.0,,2,2014-08-31,0.03,4,1,-4,"* Check out: 10am * We made an effort to keep things organized. Please help us to maintain the house as beautiful and clean as possible.  * Please ask before bringing visitors, and sorry I can only allow the number of guest on the reservation to stay overnight.  * I also ask that shoes not be worn in the house to keep the wood floors clean, and that you only eat in the dining room area.",Brooklyn,negative availability_365
3005080,Modern Apt Steps from Central Park,11081578726,unconfirmed,Alex,Manhattan,Upper West Side,40.77608,-73.97614,United States,US,false,moderate,Entire home/apt,2004,970.0,194.0,6,1,2019-04-26,0.41,4,1,-5,,Manhattan,negative availability_365
6997657,Peaceful South Slope Living Quarters,43443128731,verified,Deborah,Brooklyn,Windsor Terrace,40.66012,-73.98343,United States,US,false,strict,Entire home/apt,2008,948.0,190.0,3,141,2019-07-03,3.09,5,1,-8,You will be very comfortable in our home but we ask that guests are respectful of the artwork that we have as we want to keep the place a fun place to hang out!  Please no smoking.,Brooklyn,negative availability_365
5020423,Historic Landmark Neighborhood,61885957978,unconfirmed,Peter,Brooklyn,Brooklyn Heights,40.69165,-73.99764,United States,US,true,strict,Entire home/apt,2006,960.0,192.0,2,62,2019-06-30,1.19,3,1,-10,"Guests are expected to be respectful, kind, neat, and reasonably quiet. Loud noise and heavy footsteps do travel from the second floor to the downstairs neighbors, so please be nice and don't stomp or yell.   No open flames and absolutely no smoking. Be respectful of what is in the house. Do not invite over others who are not in the plan. Thank you! ",Brooklyn,negative availability_365
1344314,Private Room With GREAT Location,41389421098,unconfirmed,Hunt,Queens,Long Island City,40.74581,-73.95295,United States,US,true,moderate,Private room,2016,1112.0,222.0,30,65,2017-07-31,0.74,1,3,-6,,Queens,negative availability_365
2676462,1800sf Urban Goddess Brooklyn Loft,71060938896,unconfirmed,Claudia,Brooklyn,Bedford-Stuyvesant,40.69169,-73.9603,United States,US,false,strict,Entire home/apt,2004,898.0,180.0,2,85,2019-06-17,1.31,2,1,-2,"Respect yourself, respect others, clean up after yourself. No smoking or drinking in the apt. Late check in after 9 p.m. and before 10 A.m. is $50, lock out is $50. Thank you",Brooklyn,negative availability_365
1571862,2BR Lux Prospect Heights,16481711027,verified,Supriya,Brooklyn,Crown Heights,40.6764,-73.96218,United States,US,true,moderate,Entire home/apt,2019,76.0,15.0,28,5,2015-10-06,0.06,1,1,-5,This is a family property with an 86 year old living in the 2nd floor unit. I live in the first floor unit. This home is not suitable for party people etc.  This is also a no smoking home both inside the house and on the front steps.,Brooklyn,negative availability_365
4141162,Beautiful Williamsburg Private Room,28846854032,unconfirmed,Noelle,Brooklyn,Williamsburg,40.71243,-73.95655,United States,US,false,strict,Private room,2009,541.0,108.0,1,1,2014-09-23,0.02,1,1,-1,"House Rules 1. All bookings made at least a week before check in are fully refundable if cancelled within 24 hours of booking. After this, you will receive a 50% refund if you cancel at least 7 days before the start of your trip. 2. Check-in time is any time after 4 pm local time. If the unit is ready earlier, we’ll let you know. Check-out is normally 11 am local time, but we’d be happy to extend it as long as we don’t have a cleaning scheduled. Just let us know.  3. All bookings require a security deposit of at least $300. 4. For security measures we require all guests to provide proof of identification through ID verification on our own website. In order to check in, we'll need a photo of your ID.  5. Don’t let $300 go up in smoke. There's no smoking allowed in any Flatbook and a $300 fine for breaking this rule.  6. Unfortunately we don’t allow pets in most of our apartments. 7. Unless you’re staying in one of our specialty apartments, we don’t allow parties or excessive noise. 8. I",Brooklyn,negative availability_365
4135639,Spacious Sunny Room,84088956335,verified,Claudina,Brooklyn,Bedford-Stuyvesant,40.69562,-73.93792,United States,US,false,moderate,Private room,2018,1145.0,229.0,2,11,2018-01-01,0.19,3,5,-2,,Brooklyn,negative availability_365
1824815,Central Park Sunny Bedroom,35049298912,verified,Roxanne,Manhattan,East Harlem,40.79591,-73.94801,United States,US,false,flexible,Private room,2017,556.0,111.0,3,161,2019-06-15,1.98,3,2,-9,,Manhattan,negative availability_365
8650691,Modern Apartment in Harlem,642253354,verified,Daniel,Manhattan,Harlem,40.80639,-73.95551,United States,US,false,flexible,Entire home/apt,2003,387.0,77.0,3,7,2019-03-03,0.19,1,1,-1,"Please remember that this is a residential building. The building rules, apartment occupancy restrictions and the year-round tenants must be respected.  Parties, pets and smoking are not allowed under any circumstances and incur significant fees.",Manhattan,negative availability_365
10133064,"Sunny, Private Room with Separate Entrance",53834385329,unconfirmed,Dylana,Brooklyn,Bushwick,40.69798,-73.92462,United States,US,true,strict,Private room,2014,178.0,36.0,1,132,2019-06-19,3.59,3,3,-4,,Brooklyn,negative availability_365
47991572,Zen room at Casa de la Luna,17106135613,unconfirmed,Jessica,Brooklyn,Bedford-Stuyvesant,40.68979,-73.94299,United States,US,false,strict,Private room,2021,726.0,145.0,2,1,2016-04-17,0.03,1,3,-10,"Hello! We look forward to having you. Have a great time! House Rules and Information  Greetings! We like to think of all of our guests as friends and hope that you will treat our apartment as you would treat yours, not as one might treat a hotel room.   There is NO SMOKING allowed in the apartment at any time.  Damages: if you notice any damage when you arrive, please report it to our office so we are aware of it and don’t assume it happened during your stay.  Laundry: there is a European style washer/dryer combo unit in the apartment. The manual is located on the left side wall in the closet. This is a high efficiency energy efficient unit. HE laundry detergent only is to be used. Be advised that wash/dry cycles take a considerable amount of time. Bath: there is a hair dryer in the bathroom for guest use. Linens: When you are done with your towels, please put them in the laundry basket in the bedroom. It would be great if you can take the sheets you have slept on and put them in the b",Brooklyn,negative availability_365
2554956,Ditmas Park Carriage House Loft,93242376957,verified,Jed,Brooklyn,Flatbush,40.64361,-73.96821,United States,US,false,flexible,Entire home/apt,2015,669.0,134.0,2,95,2019-06-29,1.65,5,2,-1,"- - NO PETS!  NO SMOKING ON PREMISES!  NO PARTY! No ""DRUGS""! - Keep the Place Clean at All Times! - Do Not Ask the ""Neighbors"" for anything.  Ask Me!-  - No Neighbors Interaction! - No ""Drugs"" Please!!! - No Noise! A printed house rule will be provided. Please be respectful to others when all rooms are booked.  10 AM Check-out and Check-in is between 12 PM (noon) - 3 PM.   Late check in after 8 pm is $50, lock out is $50. Respect yourself, Respect others, clean up after yourself.  No Smoking/drinking in apt.  Thank You! Location Rules: The ""Exact Address Location Is Not Stockton St.  It Is 2 Streets Away.  It Is Not Disclosed For Security Reasons"" And Is Given Out 24 Hours Prior to Check-in.  If This Is a Problem for You, Please STOP Here And Contact Other Hosts for Your Stay.   This Is a Part Of My House Rules.",Brooklyn,negative availability_365
48651571,"Gigantic Apartment, Fun Roommates, Best Location!",45819284850,unconfirmed,Ben,Manhattan,Two Bridges,40.71141,-73.99408,United States,US,true,moderate,Private room,2007,192.0,38.0,3,0,,,2,1,-1,,Manhattan,negative availability_365
47962853,Private room in a high floor apt,3318551077,verified,Kamini,Manhattan,East Harlem,40.80237,-73.9437,United States,US,true,flexible,Private room,2019,750.0,150.0,1,0,,,3,1,-1,,Manhattan,negative availability_365
2606320,apartment in heart of East Village,75082250321,verified,Julia,Manhattan,East Village,40.72379,-73.98826,United States,US,false,moderate,Entire home/apt,2019,603.0,121.0,29,3,2016-10-02,0.04,2,1,-5,"We expect that you would treat the house as if it were your own. We would ask that you be respectful of noise after 10p. We expect that if you cook, you may use any of our kitchen utensils and appliances, but they should be cleaned/dishes washed/etc. before leaving the house. When you leave, please strip the bed of sheets and pillowcases, towels, etc, and either leave them on the floor, or if you are feeling helpful, bring them to the laundry room and put them into the washing machine with the provided detergent.  Basically, please treat the house as if it were your inlaw's house, and you were visiting for the holidays. Show the house respect, and keep the common areas clean, and it'll be a wonderful experience! ",Manhattan,negative availability_365
4391906,Cozy Bedroom in best area of FiDi,75796252518,verified,Denis,Manhattan,Financial District,40.70428,-74.00952,United States,US,true,moderate,Private room,2013,290.0,58.0,5,2,2016-01-01,0.04,5,1,-7,Welcome to my home. I hope you will treat it as you would your own.,Manhattan,negative availability_365
4813311,Nice studio in Midtown Manhattan,33210658354,verified,Zahid,Manhattan,Midtown,40.75462,-73.96869,United States,US,true,flexible,Entire home/apt,2011,247.0,49.0,2,168,2019-06-16,3.1,5,1,-9,,Manhattan,negative availability_365
47662954,Private room in Midtown East Manhat,10394927514,verified,Johann,Manhattan,Midtown,40.75438,-73.96576,United States,US,false,flexible,Private room,2016,431.0,86.0,4,0,,,1,1,-4,,Manhattan,negative availability_365
1949635,XL 2 Bedroom LOFT in the Heart of Williamsburg,93631117409,unconfirmed,Jennifer,Brooklyn,Williamsburg,40.71606,-73.95527,United States,US,true,moderate,Entire home/apt,2008,1123.0,225.0,2,72,2019-06-23,0.95,5,1,-4,"Please be considerate of the other people residing in the house. This is a home not a frat house. Any bad behavior  will result in you being asked to leave.  No smoking at all in the house! .  Please do not sit on door stoop in front of the house and smoke. The smoke flows into the next door neighbors window. They have small children. Please do not toss ciggarrette butts into the neighbors stairwell. If you need to smoke -please take a walk ..thanks.. Sorry no pets. Check in time is  3 P.M.- Check out  is 11 A.M. These times may be flexible. Please let me know if your plans warrant different check in/check out times. I'm flexible. Only registered guests allowed to stay overnight in space.   'DO NOT PARK IN FRONT OF THE HYDRANT""  $100.00 FINE..",Brooklyn,negative availability_365
9390773,Spacious 1 BR in East Village!,10896975801,verified,Mike,Manhattan,Gramercy,40.73375,-73.98704,United States,US,false,strict,Entire home/apt,2004,615.0,123.0,3,12,2016-07-21,0.3,2,1,-2,No smoking allowed in the house.  No pets.  No loud music or partying allowed at night.  Please respect the property as you would your own house.,Manhattan,negative availability_365
1458088,"Big Apt for Funky Art /Music Lovers, Outdoor Patio",78222224134,unconfirmed,Cunningham,Brooklyn,Williamsburg,40.70736,-73.94331,United States,US,false,flexible,Entire home/apt,,1099.0,220.0,4,54,2019-06-11,0.66,5,2,-5,"We try to keep the atmosphere conducive to studying and resting and a couple of house-rules are in place to this end.  1. Towels and linens (sheets, blankets, and pillows) are NOT provided. The bed is twin size. 2. No smoking on the premises.  3. No loud music or TV etc.  4. Only for one person (no couples, no visitors). We seldom have visitors, let alone overnight guests. We know this will be a major turn-off to many people, but we believe we can find a like-minded roommate who can have fun outside the house.  5. If you are not sure about your check-out date, you can reserve the minimum days and extend your stay at a discounted rate.  6. Check-in time has to be coordinated at least 48 hours ahead. On arrival, a short registration process with a picture ID is needed in exchange for keys and wifi access.  7. Inside the apartment, we take off our outside shoes. So if you bring your own flip-flops, slippers or some kind of indoor shoes, that will be useful.",Brooklyn,negative availability_365
9574689,Luxury studio heart of Manhattan,71445017844,verified,Grace.EJ,Manhattan,Upper West Side,40.77504,-73.9896,United States,US,false,flexible,Entire home/apt,2016,826.0,165.0,1,0,,,4,1,-5,,Manhattan,negative availability_365
10358403,"Beautiful hip location, with a light of sunshine.",51675350493,unconfirmed,Noemi,Queens,Ridgewood,40.70971,-73.89741,United States,US,false,moderate,Entire home/apt,2009,606.0,121.0,28,1,2018-09-15,0.1,4,1,-2,,Queens,negative availability_365
4158835,Lovely 1BR in Ft. Greene,27417945504,verified,Ritchie,Brooklyn,Fort Greene,40.6888,-73.97635,United States,US,false,moderate,Entire home/apt,2011,714.0,143.0,2,1,2016-10-22,0.03,2,1,-1,NO Smoking.   Cats Allowed With Fee.,Brooklyn,negative availability_365
7155063,Large and Sunny Private Room near Prospect Park,81705899241,unconfirmed,Melody,Brooklyn,Flatbush,40.65336,-73.95305,United States,US,false,moderate,Private room,2013,1052.0,210.0,2,3,2019-05-01,0.69,1,1,-6,"No Smoking inside the apartment No Pets When possible, please remove shoes at entryway.  This is our home so please treat it as you would your own and tidy up upon your checkout.",Brooklyn,negative availability_365
10262302,Deluxe 1-Bedroom near Empire State Building!,44530137521,verified,Kara,Manhattan,Midtown,40.75186,-73.97062,United States,US,true,flexible,Entire home/apt,2008,979.0,196.0,30,0,,,2,121,-8,The only thing i would have to say is not playing music too loud past 11 o clock.,Manhattan,negative availability_365
7988483,Beautiful apartment with a loft.,23713773449,verified,Kristy,Bronx,Riverdale,40.88422,-73.90886,United States,US,true,strict,Entire home/apt,2010,937.0,187.0,1,0,,,4,1,-9,,Bronx,negative availability_365
5766028,New Bedroom for ONE (1) Professional.,52171984672,unconfirmed,Carlos,Queens,Long Island City,40.75529,-73.92961,United States,US,true,strict,Private room,2004,146.0,29.0,1,4,2019-06-15,1.62,3,1,-3,"Please remember that this is a residential building. The building rules, apartment occupancy restrictions and the year-round tenants must be respected.",Queens,negative availability_365
3796526,1BR Comfy Apt - 15min from Midtown,68310650824,unconfirmed,Pao,Queens,Sunnyside,40.74493,-73.91528,United States,US,false,flexible,Entire home/apt,2004,323.0,65.0,30,10,2019-04-19,0.28,1,3,-7,No Smoking  No Pets,Queens,negative availability_365
5439619,Zen urban sanctuary.,35637239027,verified,Marc,Brooklyn,Williamsburg,40.70776,-73.95886,United States,US,true,strict,Entire home/apt,2004,709.0,142.0,30,37,2019-06-05,0.74,4,1,-7,,Brooklyn,negative availability_365
5217594,Private Room Available!,6496423903,verified,Nina,Manhattan,Harlem,40.82171,-73.95515,United States,US,false,flexible,Private room,2009,469.0,94.0,1,6,2016-08-16,0.12,5,1,-9,"- I work at home and prefer to rent to folks who are visiting Boston for business and professional reasons.  Most of my guests are here to work in the Longwood Medical Area.  I often rent to fourth-year medical students doing rotations at HMS, and to physicians and post-docs affiliated with other institutions in the LMA. - I have a dog and two cats, so please take care and don't leave the front door standing open. -Please, no guests.  There are lots of pubs in the neighborhood if you want to meet friends.",Manhattan,negative availability_365
9688463,Private Bedroom #2,66554202396,verified,Peggy,Queens,Jackson Heights,40.74776,-73.88827,United States,US,true,moderate,Private room,2015,689.0,138.0,1,70,2018-07-26,1.82,2,4,-7,"No pets, no smoking, no parties.  No guests not on the reservation.  You are liable for any damage. We will give you access to Netflix.  Please respect the account. Please report anything broken at the beginning of your reservation to avoid the loss of your security deposit.  Clean all your dishes and clean up after yourself.  Please keep the noise down.",Queens,negative availability_365
1810456,Chic Luxe 1BR 1.5BA 900sf -Midtown,56546042414,verified,Alana,Manhattan,Midtown,40.75663,-73.96681,United States,US,true,moderate,Entire home/apt,2011,653.0,131.0,7,10,2019-07-06,3.53,1,1,-1,,Manhattan,negative availability_365
48970248,West Chelsea 1 bedroom 2 bathroom outdoor space.,34380933090,unconfirmed,Alison,Manhattan,Chelsea,40.74584,-74.00279,United States,US,true,flexible,Entire home/apt,2004,651.0,130.0,14,0,,,5,1,-7,- $20 per extra person. Maximum 2 person for attic room.,Manhattan,negative availability_365
2573734,Spacious and modern Chelsea loft,50439525413,verified,Jon,Manhattan,Chelsea,40.74611,-73.99209,United States,US,true,strict,Entire home/apt,2020,768.0,154.0,30,3,2016-09-19,0.04,2,1,-8,"Please be respectful, this really is our home and sanctuary. Our goal is that for a time, it can be yours as well.",Manhattan,negative availability_365
3186787,East Village,21573101315,unconfirmed,Chris,Manhattan,East Village,40.73237,-73.98918,United States,US,false,moderate,Shared room,2016,1087.0,217.0,1,94,2015-05-10,1.46,1,1,-2,"- House Rules  Wifi Network: NotYours and NotYours_2EXT Password: Notyours69  Welcome to Jamaica Plain! We are located centrally with easy access to the Green Street T stop on the Orange Line. There is on street parking if needed. Street cleaning takes place at 8:00am the first and third Monday of every month, DO NOT PARK ON GREEN STREET on the first or third Monday or you risk the pleasure of ticketing and TOWING :(   You are a guest in our condo, make yourself at home but please respect it as you would the home of a very tidy friend. Help yourself to tea & coffee.  **No shoes in the condo!   **Please water plants every 2-3 days, yellow watering can is behind couch.  **Buzzer is self- explanatory.   **No smoking!!  **Smoke alarms have reset buttons if needed  **Please turn off or set the AC to 75 when you leave.   **The front door of the building needs to be pulled firmly shut to close, please be sure you close it behind you when you enter & exit.  **Please be respectful of our neighb",Manhattan,negative availability_365
1078106,FLAT MACDONOUGH,12359551036,unconfirmed,Frederick,Brooklyn,Bedford-Stuyvesant,40.68296,-73.93662,United States,US,false,flexible,Entire home/apt,2010,593.0,119.0,,227,2019-06-23,2.09,5,2,-10,,Brooklyn,negative availability_365
4294701,Welcoming Park Slope Garden Apt.,87897753022,verified,Felicia,Brooklyn,Park Slope,40.67683,-73.97617,United States,US,false,moderate,Entire home/apt,2003,219.0,44.0,2,83,2019-04-29,1.48,3,1,-6,,Brooklyn,negative availability_365
8587177,"Sunny, spacious Clinton Hill 1.5 BR",16218426902,unconfirmed,Nathan & Ximena,Brooklyn,Clinton Hill,40.68545,-73.96048,United States,US,false,flexible,Entire home/apt,2010,984.0,197.0,3,22,2019-06-03,0.54,4,1,-8,We except our guest to be respectful of our home and us. There is no smoking in the home but smoking outside is allowed and needs to be disposed of properly.,Brooklyn,negative availability_365
7963078,Awesome East Village Apartment!,79122561369,verified,Norah And James,Manhattan,East Village,40.72912,-73.97854,United States,US,true,flexible,Entire home/apt,2005,333.0,67.0,7,0,,,1,1,-4,#NAME?,Manhattan,negative availability_365
9156598,Sunny room along riverside on 66th,58766799010,verified,Jillian,Manhattan,Upper West Side,40.7783,-73.98807,United States,US,false,flexible,Entire home/apt,2016,217.0,43.0,12,13,2019-06-22,0.37,1,1,-2,"Please be mindful of others, no loud music and please be clean and keep the place in great condition, as you found it. Any question  or problem, or immediate need you may have, please send me a message or call me, and I would solve it ASAP.",Manhattan,negative availability_365
8351897,Beautiful sunny bedroom Upper West,20652041885,verified,Edna,Manhattan,Upper West Side,40.80137,-73.9615,United States,US,false,strict,Private room,2005,226.0,45.0,3,1,2016-07-06,0.03,4,1,-10,"Please be respectful of other guests.  Keep the common areas clean and pick up after your self.  No loud music after 10 pm.  No pets. It is a safe neighborhood but please, keep doors locked for safety No smoking in the house (smoking is allowed on the front or back decks).",Manhattan,negative availability_365
5404824,Large modern 1BR w/ Balcony!,90895361780,unconfirmed,Mary,Manhattan,Upper East Side,40.777,-73.95253,United States,US,true,flexible,Entire home/apt,2013,63.0,13.0,1,0,,,2,1,-3,,Manhattan,negative availability_365
4742616,"STUNNING 1BD BRIGHT UNIT, RENOVATED",2074123038,unconfirmed,Mike,Manhattan,Hell's Kitchen,40.76719,-73.98533,United States,US,false,strict,Entire home/apt,2015,391.0,78.0,30,6,2017-08-09,0.12,3,52,-10,"1. Only the ORIGINAL OCCUPANTS at the time of booking are allowed to stay in the property overnight and secondly no additional guest will be brought in without prior authorization. 2. CHECK IN/OUT: The standard check in and out times are 4 p.m., 12 p.m., respectively. However we're flexible and can accommodate your needs as long as it doesn't impact another renter if you have special check-in or out times. There is a keypad lock and each renter will receive their own passcode so you can come and go as you please and not worry about keys or timing. 3. Excessive NOISE & DISTURBANCES, specifically on work nights (Sunday thru Thursday) are to be kept to a minimum after 10 pm. On other nights of the week we ask that noise is kept to a controlled, restrained and respectable level do to the nature of this being a shared space. 4. SMOKING is not permitted in any of the inside premises, this includes the guest room, condo unit and building. You may smoke outside in the street or on the outdoor ",Manhattan,negative availability_365
7849304,Stunning 2 story Duplex in SOHO,84252978353,unconfirmed,Helen,Manhattan,Greenwich Village,40.72704,-73.99954,United States,US,true,strict,Entire home/apt,2009,272.0,54.0,3,1,2016-01-03,0.02,4,1,-6,"Only keep all like you see it, Clean Kitchen and Bathroom. No parties or Events",Manhattan,negative availability_365
48569830,Bright Open Bedroom at the Heart of Wall Street,46388025652,verified,Junyi,Manhattan,Financial District,40.70883,-74.00764,United States,US,false,moderate,Shared room,2006,837.0,167.0,10,0,,,3,1,-5,"No smoking. No pets. Children under 18 to be supervised at all times. More than 6 people can be accommodated if communicated in advance.  Please be respectful on the roof - quiet time after 10pm would be greatly appreciated.  This is a historic Victorian on three levels.  There is no elevator in the building or inside so please note if you have mobility issues.  Please strip all beds, except for mattress cover and place in 3rd floor bathroom along with all dirty/wet towels.  Please wash and put away all dishes.  If necessary, make sure the dishwasher is loaded and started before you leave.  Laundry is in the basement, if locked, please use the front door key.  Please ALWAYS leave your keys before you leave.  Lock the door on your way out by turning the button on the inside lock. Please ensure all trash is put in the designated recycle and landfill trash barrels.  There are extra bags in the kitchen closet.",Manhattan,negative availability_365
4786248,Gorgeous Loft apt. Prime Location with Rooftop,69692560786,verified,Francesca,Manhattan,Chinatown,40.71579,-73.99253,United States,US,false,strict,Private room,2018,131.0,26.0,5,8,2018-11-21,0.15,2,3,-10,,Manhattan,negative availability_365
2276044,Quiet room with desk in 2BR spacious brownstone,73891230797,verified,Marta,Brooklyn,Fort Greene,40.688,-73.97745,United States,US,false,moderate,Private room,2008,747.0,149.0,2,55,2019-06-22,0.88,1,3,-5,,Brooklyn,negative availability_365
3482268,Amazing Private Room in Brooklyn - Fort Greene,90085183292,unconfirmed,Crystal & Clee,Brooklyn,Clinton Hill,40.68541,-73.96728,United States,US,false,flexible,Private room,2011,882.0,176.0,6,108,2019-05-01,1.73,5,1,-2,Can have friends but not parties. Ideal for students,Brooklyn,negative availability_365
1197403,"The Brooklyn Waverly, One Bedroom",6047944071,unconfirmed,Thomas,Brooklyn,Clinton Hill,40.68413,-73.96542,United States,US,true,moderate,Private room,2021,643.0,129.0,,11,2019-06-07,0.11,3,3,-9,"WHEN BOOKING, PLEASE PROVIDE THE FOLLOWING IN YOUR MESSAGE to me:  - 1. Total number of guests (adults, children, babies)? Are there any elderly or children under 18? If so, what are their ages?  - 2. Arrival Date AND Time of Check In? (Check In between 2 pm and 9 pm with some leniency)  - 3. Departure Date (Check out before 12 pm/noon)  - 4. Please tell me a little about yourselves and the purpose of your trip.  - 5. What Other Needs or Special Requests or Extra Options (please read below for additional options and possible related additional fees).  ------  PLEASE NOTE THE FOLLOWING BEFORE REQUESTING A BOOKING:  * I will reply as soon as possible to let you know if my apartment will be available for ALL your needs.  - 1. We are happy to host Friendly, Neat, Low-Maintainence Adults & Well-Behaved Children, as well as their well Behaved Pets.  ---- All cookware and utensils in the kitchen are at your disposal. There will be water (brita) and basic condiments provided for you. We ask th",Brooklyn,negative availability_365
1535962,A PLACE TO STAY CLOSE TO MANHATTAN,16023186083,verified,Baker,Staten Island,Stapleton,40.62766,-74.07988,United States,US,true,flexible,Private room,2020,682.0,136.0,2,6,2019-01-01,0.19,4,1,-5,No Smoking No Pets,Staten Island,negative availability_365
47558017,Large 3 Br on Central Park North,88445164260,unconfirmed,Ian,Manhattan,East Harlem,40.79766,-73.94756,United States,US,false,moderate,Entire home/apt,2010,890.0,178.0,2,5,2017-07-23,0.13,3,1,-8,,Manhattan,negative availability_365
3290620,Comfy UWS Room near Central Park & Times Square,65205429129,unconfirmed,Kevin,Manhattan,Upper West Side,40.77848,-73.98334,United States,US,true,flexible,Private room,2011,693.0,139.0,1,288,2019-07-02,4.58,3,4,-3,"Overall please treat the apartment as you would you own home, Keeping it as clean and tidy as you found it.  Please clean up before checking out. Any major clean-up service required may be deducted from the deposit.  No Loud / Large Parties .  Please include the number of people who will be staying before you reserve this apartment. No extra guests other than the maximum 4 allowed who booked  All smoking should be done outside, as this is a smoke free environment.",Manhattan,negative availability_365
8718624,"Sleek Loft, Premium Location",52377195868,verified,Damien,Manhattan,Flatiron District,40.74102,-73.98961,United States,US,true,strict,Entire home/apt,2020,124.0,25.0,1,0,,,5,1,-9,No pets. No smoking. Please :),Manhattan,negative availability_365
2366622,"Entire House in Brooklyn for 6, super good price¡¡",35018891766,unconfirmed,Margarita,Brooklyn,Kensington,40.6458,-73.97097,United States,US,true,flexible,Entire home/apt,2005,150.0,30.0,5,11,2019-01-01,0.15,4,1,-3,NO Smoking,Brooklyn,negative availability_365
48251153,Private Bedroom #2,1730110425,verified,Peggy,Queens,Jackson Heights,40.74776,-73.88827,United States,US,true,moderate,Private room,2015,689.0,138.0,1,70,2018-07-26,1.82,2,4,-7,"No pets, no smoking, no parties.  No guests not on the reservation.  You are liable for any damage. We will give you access to Netflix.  Please respect the account. Please report anything broken at the beginning of your reservation to avoid the loss of your security deposit.  Clean all your dishes and clean up after yourself.  Please keep the noise down.",Queens,negative availability_365
48044041,Cozy Boho Williamsburg Studio,22899504763,unconfirmed,Shaye,Brooklyn,Williamsburg,40.71278,-73.949,United States,US,false,flexible,Entire home/apt,2018,823.0,165.0,2,6,2017-10-15,0.15,5,,-3,"--The building has 5 units in total and all other units are occupied by year-round young professionals who work at the local hospitals, law firms, consulting companies and University professors.  Please be mindful of them and act as you would with your year-round neighbors. Please keep quiet, clean and respectful at all hours. --Absolutely NO SMOKING, of any kind, in the apartment or the building's stoop. There is a park with benches across the street if you must have a smoke.",Brooklyn,negative availability_365
7101490,Smile APT in BK,63922528274,unconfirmed,Stephan,Brooklyn,Crown Heights,40.67677,-73.94804,United States,US,false,strict,Private room,2003,810.0,162.0,2,42,2019-01-01,0.94,3,1,-5,- Noise to be kept to minimum level as to not to disturb others in the apartment or building between 11pm and 6:30am. - No cooking or storage of meat in the apartment (we are vegetarians) - No candles permitted  - Use the compost for non-animal organic waste and recycle all recyclables,Brooklyn,negative availability_365
6884988,Studio near Central Park.,89129080618,unconfirmed,Mila,Manhattan,Upper East Side,40.77569,-73.95202,United States,US,false,strict,Entire home/apt,2011,283.0,57.0,7,3,2016-08-14,0.06,2,1,-1,,Manhattan,negative availability_365
48921093,"Beautiful hip location, with a light of sunshine.",11182626298,verified,Noemi,Queens,Ridgewood,40.70971,-73.89741,United States,US,false,flexible,Entire home/apt,2009,606.0,121.0,28,1,2018-09-15,0.1,4,1,-2,,Queens,negative availability_365
47751874,Elevator 1 BR - Midtown West,3804466212,unconfirmed,Corporate Housing,Manhattan,Hell's Kitchen,40.75892,-73.98949,United States,US,false,moderate,Entire home/apt,2012,907.0,181.0,30,7,2019-06-22,0.21,4,91,-2,,Manhattan,negative availability_365
4406266,Prime Chelsea~XL1Br~Terrace~Sleeps4,82067958575,unconfirmed,Host,Manhattan,Chelsea,40.73984,-74.0006,United States,US,true,moderate,Entire home/apt,2011,180.0,36.0,30,7,2019-06-14,0.15,3,39,-1,"Please be respectful of other guests.  Keep the common areas clean and pick up after your self.  No loud music after 10:00PM.  It is a safe neighborhood but please, keep doors locked for safety  No smoking in the house (smoking is allowed on the front or back decks).",Manhattan,negative availability_365
9477484,Hawai memories,87347271788,verified,Rich,Brooklyn,Cypress Hills,40.68615,-73.87646,United States,US,true,moderate,Private room,2005,571.0,114.0,3,32,2019-06-04,0.81,1,3,-1,,Brooklyn,negative availability_365
7551614,Spacious two bedroom with backyard,73023684335,unconfirmed,Daniel,Brooklyn,Bushwick,40.70198,-73.91571,United States,US,true,moderate,Entire home/apt,2020,515.0,103.0,1,0,,,3,1,-6,Yes please:  •  make yourself at home; •  ask questions. Please no: •  shoes inside; •  smoking; •  food in the bedroom; •  parties; •  pets.,Brooklyn,negative availability_365
9785115,5mn location from Manhattan midtown,15965785692,verified,Abdoulaye,Queens,Long Island City,40.75166,-73.94028,United States,US,true,flexible,Private room,2007,875.0,175.0,1,36,2019-06-04,1.05,1,1,-5,Please respect my home. There are other long term tenants who reside in the building.,Queens,negative availability_365
7746576,Elegant High Rise Condo w/ Doorman,15895304529,unconfirmed,Naomi,Manhattan,Upper East Side,40.7713,-73.95443,United States,US,true,moderate,Entire home/apt,2022,714.0,143.0,1,15,2016-09-05,0.35,2,1,-8,No pets. No smoking please.,Manhattan,negative availability_365
3697112,Sunny and Spacious 1 bedroom apt,17366451748,unconfirmed,Esty,Manhattan,Upper East Side,40.77097,-73.94848,United States,US,true,strict,Entire home/apt,2007,281.0,56.0,1,0,,,1,1,-10,,Manhattan,negative availability_365
6796068,"A Gem Studio Apartment 
Astoria,NYC",93678651648,verified,Tony,Queens,Astoria,40.76762,-73.90727,United States,US,false,strict,Entire home/apt,2011,443.0,89.0,3,151,2019-06-17,3.32,3,1,-6,,Queens,negative availability_365
4680206,Charming West Harlem Apartment,60751712804,unconfirmed,Stephanie,Manhattan,Harlem,40.82796,-73.9505,United States,US,true,strict,Private room,2008,1097.0,219.0,1,0,,,5,1,-4,,Manhattan,negative availability_365
2315258,Quiet/Clean minutes to Manhattan,41064176446,unconfirmed,John,Queens,Sunnyside,40.74239,-73.92213,United States,US,false,strict,Private room,2015,1165.0,233.0,2,12,2018-09-30,0.16,4,1,-10,,Queens,negative availability_365
10007140,Bright Open Bedroom at the Heart of Wall Street,28934333340,verified,Junyi,Manhattan,Financial District,40.70883,-74.00764,United States,US,false,flexible,Shared room,2006,837.0,167.0,10,0,,,3,1,-5,"No smoking. No pets. Children under 18 to be supervised at all times. More than 6 people can be accommodated if communicated in advance.  Please be respectful on the roof - quiet time after 10pm would be greatly appreciated.  This is a historic Victorian on three levels.  There is no elevator in the building or inside so please note if you have mobility issues.  Please strip all beds, except for mattress cover and place in 3rd floor bathroom along with all dirty/wet towels.  Please wash and put away all dishes.  If necessary, make sure the dishwasher is loaded and started before you leave.  Laundry is in the basement, if locked, please use the front door key.  Please ALWAYS leave your keys before you leave.  Lock the door on your way out by turning the button on the inside lock. Please ensure all trash is put in the designated recycle and landfill trash barrels.  There are extra bags in the kitchen closet.",Manhattan,negative availability_365
7549405,Williamsburg Brooklyn 1 Bedroom,11401006235,unconfirmed,Heejoo,Brooklyn,Greenpoint,40.71964,-73.94719,United States,US,true,strict,Entire home/apt,2007,917.0,183.0,2,0,,,2,1,-5,,Brooklyn,negative availability_365
5904103,[303] 5 min WALK to Times Square,50346865009,verified,Yasu & Akiko,Manhattan,Hell's Kitchen,40.75987,-73.99056,United States,US,false,strict,Private room,2006,608.0,122.0,1,203,2019-06-13,4.13,2,11,-4,No smoking. No hosting visitors in-house.,Manhattan,negative availability_365
48717295,Murray Hill Modern 1 bedroom (B),33312286624,unconfirmed,CRNY Monthly Rentals,Manhattan,Midtown,40.74569,-73.98192,United States,US,false,flexible,Entire home/apt,2018,952.0,190.0,30,2,2018-07-03,0.07,1,31,-9,,Manhattan,negative availability_365
1171444,,92124810462,verified,Thompson,Manhattan,West Village,40.72966,-74.00243,United States,US,true,strict,Entire home/apt,2010,935.0,187.0,30,39,2019-06-25,0.44,2,1,-9,,Manhattan,negative availability_365
5767133,Romain's home,22826163529,verified,Romain,Manhattan,Morningside Heights,40.81165,-73.95639,United States,US,false,moderate,Private room,2005,855.0,171.0,9,7,2017-08-15,0.15,3,1,-2,,Manhattan,negative availability_365
4494081,Cozy bedroom in heart of Manhattan,56680003383,verified,Lakshmi,Manhattan,Little Italy,40.71954,-73.9975,United States,US,false,moderate,Private room,2011,249.0,50.0,7,5,2016-04-26,0.09,5,1,-7,,Manhattan,negative availability_365
4615587,Quiet & Peaceful Upper West Escape,18759760784,verified,Mike,Manhattan,Morningside Heights,40.81509,-73.96019,United States,US,true,moderate,Entire home/apt,2003,717.0,143.0,4,4,2015-05-30,0.07,4,1,-5,"We have ample off-street parking but if you have a car let us know and we will be in touch with you about parking. Please be careful not to drive or walk in the driveway for 233 Savin Hill Avenue. Check in time is 2 PM, check out time is 10 AM.  Guests who arrive early can drop off their luggage after 10 AM. We are unable to accommodate arrivals earlier than 10 AM.  Guests who need to stay after the check out time are welcome to use the common area on the first floor for luggage storage. NO SMOKING in the house or anywhere on the property. No Pets.",Manhattan,negative availability_365
3047608,Kate's Place,97622849000,unconfirmed,Katarina,Brooklyn,Crown Heights,40.67167,-73.92434,United States,US,false,strict,Shared room,2021,1093.0,219.0,1,146,2019-07-06,2.21,4,1,-5,"We plan to treat you politely, warmly, and with respect during your visit. We hope you will do the same! We do not smoke in the house and we do no have animals in the house. We have upstairs and downstairs neighbors, and we thank you for treating them kindly during your stay.",Brooklyn,negative availability_365
7241774,Charming room Chinatown Manhattan,1787276864,verified,Alexandra,Manhattan,Chinatown,40.71319,-73.99265,United States,US,true,flexible,Private room,2007,77.0,15.0,1,1,2015-10-13,0.02,5,1,-3,Please be gentle with the furniture and appliances. Absolutely no smoking allowed. No parties please.,Manhattan,negative availability_365
2641667,Sunny Room/private bath/ Brownstone,40023501234,unconfirmed,Deborah,Brooklyn,Park Slope,40.67629,-73.97654,United States,US,true,flexible,Private room,2017,1053.0,211.0,3,200,2019-05-28,3.16,3,1,-8,,Brooklyn,negative availability_365
5518598,Charming 1BR Apt in Williamsburg!,89824222984,unconfirmed,Michael,Brooklyn,Williamsburg,40.716,-73.94666,United States,US,false,moderate,Entire home/apt,2013,735.0,147.0,2,7,2017-05-27,0.14,2,1,-7,"Shoes off at the door. Whatever you do, clean up after yourself. Be courteous to my neighbors. Avoid activities inside the building at strange hours.  Big smile and loud greetings for extra points.",Brooklyn,negative availability_365
48005932,Modern Room in a Duplex Loft,53448667586,verified,Ivana And Tami,Brooklyn,Crown Heights,40.66946,-73.95306,United States,US,false,moderate,Private room,2012,279.0,56.0,2,136,2019-06-23,3.45,5,1,-3,Keep the apartment clean & tidy and take care of the furnishings No smoking No  pets No parties Contact me immediately with any questions or concerns $150.00 Cleaning Fee Enjoy your stay!,Brooklyn,negative availability_365
8291696,1 MASTER BR-FULL BATH,90663136118,verified,Sidika,Queens,Richmond Hill,40.70249,-73.83251,United States,US,false,strict,Private room,2007,186.0,37.0,2,10,2017-07-01,0.23,2,1,-7,,Queens,negative availability_365
7598560,Cozy and Friendly Central Park Room,14283694792,verified,Olivia,Manhattan,Harlem,40.79912,-73.95204,United States,US,false,moderate,Private room,2015,647.0,129.0,2,66,2018-06-25,1.5,2,1,-8,No Smoking No Pets,Manhattan,negative availability_365
7314125,Attic Cove,13138767352,unconfirmed,Marcos,Brooklyn,Prospect-Lefferts Gardens,40.65783,-73.9567,United States,US,false,strict,Private room,2008,1041.0,208.0,3,9,2018-07-28,0.2,1,1,-8,"Please feel to use the kitchen, laundry, etc. I take great pride in keeping my things nice, so please be respectful and we will be all set :)",Brooklyn,negative availability_365
9842002,"Joellen's Place Roomy 1-Queen Bed, Bushwick Apt.",94494717586,verified,Joellen,Brooklyn,Bushwick,40.69021,-73.92207,United States,US,false,strict,Private room,2003,969.0,194.0,2,57,2019-07-07,1.52,5,2,-8,"1.CHECK-IN TIME IS AFTER 3 P.M. EST AND CHECK-OUT IS 11 A.M. EST. 2.This is a NON SMOKING boat. 3.We will not rent to vacationing students or singles under 25 years of age  unless accompanied by an adult guardian or parent. 4.DAMAGE WAIVER- A damage waiver of $39 is required. The waiver offers up to $1500 of insurance against accidental damage. You will not be held responsible for damage incurred provided the following provisions are met: (website hidden) intentional damage is done to the boat or its contents.  (website hidden) charges are incurred due to contraband, pets or collection of rents or services rendered during the stay. 3.All debris, rubbish and discards are placed in the properly bagged, and soiled dishes are placed cleaned. 4.All keys are left on the kitchen table and unit is left locked. (website hidden) linens are lost or damaged. (website hidden) Early check-in or late check-out, unless approved in advance. 5.PAYMENT - An advance payment equal to 50% of the total is re",Brooklyn,negative availability_365
9443242,Modern Room in a Duplex Loft,84968371375,unconfirmed,Ivana And Tami,Brooklyn,Crown Heights,40.66946,-73.95306,United States,US,false,moderate,Private room,2012,279.0,56.0,2,136,2019-06-23,3.45,5,1,-3,Keep the apartment clean & tidy and take care of the furnishings No smoking No  pets No parties Contact me immediately with any questions or concerns $150.00 Cleaning Fee Enjoy your stay!,Brooklyn,negative availability_365
4490767,Charming Bedroom in Cozy NYC Apt.,91907649784,unconfirmed,Veronica,Manhattan,Harlem,40.82351,-73.94047,United States,US,false,strict,Private room,2019,1060.0,212.0,10,57,2019-06-10,1.03,1,1,-3,"In order to provide a  healthy, comfortable and safe environment, the following are the rules of my house. It is your responsibility to not only read these rules once, but to be aware of and follow all of them throughout your stay at my home. Most of what follows is common sense or common courtesy. The rules serve to protect you as a guest by helping ensure that the environment you find here is the one that I intended to create. Please keep in mind:  You will be sharing common areas with other guests or residents, and thus the cleanliness of the common areas is far more dependent upon all guests cleaning up after themselves, than it is upon my once a week cleaning. Most guests do very well in keeping common areas clean! House rules: Please do not drag luggage up the front stairs. Please leave things as they are in your room: do not remove pictures from walls, don't move furniture around, and do not remove mattress protector from the mattress. Also, it should not be necessary to say, bu",Manhattan,negative availability_365
5453979,Brooklyn Zen Gem w/Personal Balcony,26658237993,unconfirmed,Sophie,Brooklyn,Bay Ridge,40.62672,-74.02802,United States,US,false,moderate,Private room,2021,954.0,191.0,30,56,2018-09-02,1.14,4,4,-2,Shoes-off home Respectful Friendly Quiet No smoking on the property Of course no drugs No pets Leave things as they were found Clean up after yourself,Brooklyn,negative availability_365
5332473,Small room in heart of Manhattan,73684009854,unconfirmed,Chad,Manhattan,Lower East Side,40.71769,-73.98801,United States,US,true,strict,Private room,2003,710.0,142.0,1,1,2015-05-04,0.02,1,1,-3,"House Rules Welcome to Boston-Furnished-Rentals. We respectfully request that you take care of all furniture, appliances, and all other belongings in our apartments. Pets are allowed only with prior approval. Please turn off all lights and appliances including the A/C and heat when you leave. We also ask that you follow our trash rules while staying with us. The efforts of all our guests allow us to pass on savings for everyone. We look forward to your visit and thanks for choosing Boston-Furnished-Rentals while enjoying Boston.",Manhattan,negative availability_365
7979647,"Spacious, Quiet, 20 steps to subway",74662008022,unconfirmed,Nicole,Manhattan,Harlem,40.82569,-73.94277,United States,US,false,moderate,Private room,2018,1049.0,210.0,2,0,,,5,1,-7,No pets. No smoking. Please :),Manhattan,negative availability_365
48935453,Beautiful Quiet Bedroom near City College,59344299465,unconfirmed,Erika,Manhattan,Harlem,40.81863,-73.95295,United States,US,false,strict,Private room,2017,948.0,190.0,2,0,,,4,3,-7,"Please be respectful of other guests.  Keep the common areas clean and pick up after your self.  No loud music after 10:00PM.  It is a safe neighborhood but please, keep doors locked for safety No smoking in the house (smoking is allowed on the front or back decks).",Manhattan,negative availability_365
8486658,Nice And Clean Apartment.,82177471489,unconfirmed,Cristina,Manhattan,Harlem,40.82774,-73.94983,United States,US,true,moderate,Private room,2009,353.0,71.0,3,86,2019-07-01,2.01,2,1,-2,,Manhattan,negative availability_365
48003723,Flushing Master Room w/ Private bathroom,19424698338,unconfirmed,Shirley,Queens,Flushing,40.74979,-73.82911,United States,US,true,strict,Private room,2008,419.0,84.0,5,66,2019-05-19,1.69,4,12,-1,6 guest maximum.  Smoking isn't permitted and unfortunately neither are pets. Sorry.   Quiet hours 9p-8a.,Queens,negative availability_365
3095105,Duplex PH 2 bedLoft Williamsburg,2065133134,unconfirmed,Christopher,Brooklyn,Williamsburg,40.71969,-73.9583,United States,US,true,moderate,Entire home/apt,2006,608.0,122.0,1,0,,,1,1,-9,1. no pets 2. no smoking 3. no use of fireplace ,Brooklyn,negative availability_365
3941229,"Modern, sunny two bedroom",35661460169,unconfirmed,Allison,Brooklyn,Williamsburg,40.71159,-73.94043,United States,US,false,strict,Entire home/apt,2010,1168.0,234.0,2,25,2019-03-31,0.54,4,2,-8,,Brooklyn,negative availability_365
8792080,Cozy 1 bedroom bricked wall loft,84089002689,verified,Serafima,Manhattan,Upper East Side,40.77949,-73.94973,United States,US,true,moderate,Entire home/apt,2013,993.0,199.0,6,11,2019-04-06,0.3,3,1,-10,,Manhattan,negative availability_365
2815642,Loft Bedroom in Luxury Apartment,51824565778,unconfirmed,Carlos,Brooklyn,Williamsburg,40.71842,-73.94093,United States,US,false,strict,Private room,2006,1059.0,212.0,31,0,,,3,1,-1,,Brooklyn,negative availability_365
2326304,"spacious, tranquil east village apt",46775654050,unconfirmed,Parker (& Juan),Manhattan,Lower East Side,40.71646,-73.97656,United States,US,false,moderate,Entire home/apt,2006,1160.0,232.0,2,32,2019-04-06,0.44,4,1,-6,#NAME?,Manhattan,negative availability_365
3698217,"Sunny, Quiet Apt. in Manhattan",26481070398,verified,William,Manhattan,Harlem,40.82639,-73.94186,United States,US,true,moderate,Entire home/apt,2006,680.0,136.0,3,3,2015-09-08,0.05,2,1,-10,,Manhattan,negative availability_365
4111890,Hamilton Heights Convent Ave Apartment,41222097156,verified,Ryan,Manhattan,Harlem,40.8236,-73.94743,United States,US,true,flexible,Private room,2022,1114.0,223.0,4,2,2015-12-31,0.05,5,1,-9,#NAME?,Manhattan,negative availability_365
6528202,Upper West Side 64th and Amsterdam,38722057760,verified,Ahnastasia,Manhattan,Upper West Side,40.77368,-73.98704,United States,US,true,strict,Private room,2013,675.0,135.0,3,4,2017-08-01,0.08,5,1,-9,"Please, no smoking inside the building or on the porches.  Due to sensitivities, we ask that you not use perfume, cologne, or aerosol products in the house. No parties. No illegal drug use.  We are an eco-friendly family and appreciate your help in recycling (bin in the kitchen) and turning off lights, fans, heating/AC, etc. when not in use.  Please lock all doors of the building behind you.  Common areas will be cleaned daily and your help in keeping them tidy is appreciated. (But please feel free to let us do your dishes!)",Manhattan,negative availability_365
5806898,PRETTY CLINTON HILL BROWNSTONE!,14192076471,verified,Nadine,Brooklyn,Clinton Hill,40.68542,-73.96103,United States,US,true,moderate,Entire home/apt,2022,335.0,67.0,4,28,2019-06-23,0.58,4,1,-5,- - Please be courteous and quiet when coming in and out - Do not talk to neighbors - No smoking inside - No parties allowed - Clean up after yourself - Respect the property - Shoes off please  - No loud music or TV after 1:00 AM,Brooklyn,negative availability_365
1907108,Luxury Locale Sunny 1BR Suite,60650599323,unconfirmed,Page,Manhattan,Midtown,40.76412,-73.97666,United States,US,false,flexible,Entire home/apt,2007,506.0,101.0,7,83,2019-06-23,1.04,1,1,-3,"No smoking, please no shoes in the house. No partires  allowed.  Hardwood floors just got done. All lights,  and AC must be turned off when no one is home there are trash barrels right on the back door outside where you can place your trash bags once is full . Please treat my home like it is your own home.",Manhattan,negative availability_365
1485703,Share in NYC's trendy East Village,39369263064,unconfirmed,Kelley,Manhattan,East Village,40.73171,-73.98717,United States,US,false,flexible,Private room,2005,357.0,71.0,3,136,2019-07-01,1.52,4,1,-6,"A list of house details, rules and local information will be provided upon arrival.",Manhattan,negative availability_365
4859704,"Sunny, modern 1BR in Crown Heights",44517771529,unconfirmed,David,Brooklyn,Crown Heights,40.67279,-73.96033,United States,US,false,moderate,Entire home/apt,2020,201.0,40.0,7,56,2019-06-14,1.05,5,1,-10,,Brooklyn,negative availability_365
9061602,Sunny & Spacious 1br Lower East Side Apartment,10927824482,unconfirmed,Peter,Manhattan,Chinatown,40.71659,-73.98949,United States,US,true,moderate,Entire home/apt,2018,266.0,53.0,3,92,2019-07-06,2.28,5,1,-5,,Manhattan,negative availability_365
8127663,Beautiful Serene Bedroom,36804703980,unconfirmed,Yari,Brooklyn,Crown Heights,40.67239,-73.93225,United States,US,true,moderate,Private room,2009,893.0,179.0,1,6,2016-09-19,0.14,1,1,-8,"Be clean, honest and respectful to other people living in the building",Brooklyn,negative availability_365
7638325,Studio Apartment in Herald Square,14379705731,unconfirmed,Vikram,Manhattan,Midtown,40.74966,-73.98781,United States,US,false,strict,Entire home/apt,2015,748.0,150.0,4,2,2015-12-28,0.05,3,1,-9,"-No smoking -No local guests -If you use the kitchen, please clean up after yourself. -I will leave maps/guides for your reference, but please do not remove anything from my home. -If you have any questions, please call or text me (phone number hidden). -Most importantly, enjoy yourself!",Manhattan,negative availability_365
2525684,Gorgeous apartment by Grand Central,89633395101,verified,Tilia,Manhattan,Murray Hill,40.74776,-73.97335,United States,US,true,flexible,Entire home/apt,2014,96.0,19.0,4,7,2015-09-04,0.1,2,1,-9,"We don't allow smoking, drug use, excessive parties, or loud music out of respect for our neighbors.  Please treat our home like your own! ",Manhattan,negative availability_365
10342386,Comfortable 2 BR in East Village/Cooper Square,16778601458,verified,Cooper,Manhattan,East Village,40.72627,-73.99145,United States,US,true,moderate,Entire home/apt,2005,335.0,67.0,3,27,2019-04-23,0.76,5,1,-4,No Smoking in the Apartment.  Pretty laid back home here with two cats that have free reign.  Not a huge place so don't party here. Social & Respectful w/ cleaning after ourselves.  Respecting quiet at night.,Manhattan,negative availability_365
4194182,Cozy hideaway,93364417606,verified,Daniel,Bronx,Kingsbridge,40.88399,-73.89502,United States,US,false,flexible,Entire home/apt,2006,382.0,76.0,2,0,,,5,1,-8,No Smoking,Bronx,negative availability_365
47719288,Sunny room along riverside on 66th,28289595876,verified,Jillian,Manhattan,Upper West Side,40.7783,-73.98807,United States,US,false,strict,Entire home/apt,2016,217.0,43.0,12,13,2019-06-22,0.37,1,1,-2,"Please be mindful of others, no loud music and please be clean and keep the place in great condition, as you found it. Any question  or problem, or immediate need you may have, please send me a message or call me, and I would solve it ASAP.",Manhattan,negative availability_365
8848967,Three-story brownstone with garden,50388241834,unconfirmed,Tracy,Brooklyn,South Slope,40.66252,-73.97911,United States,US,true,moderate,Entire home/apt,2010,619.0,124.0,5,2,2017-12-28,0.06,5,1,-10,,Brooklyn,negative availability_365
48363823,Greenwich Village| Private Queen room,58834198427,unconfirmed,Kelly,Manhattan,Greenwich Village,40.73694,-73.99587,United States,US,true,strict,Private room,2016,1055.0,211.0,1,78,2019-06-16,2.23,2,1,-5,Please treat this house as if it is your own.  - No smoking - No drug use - Shoes can be left in the hall. - Help yourself to anything in the refrigerator. - LOCK THE DOORS when you leave. Front door to condo locks on it's own.,Manhattan,negative availability_365
8629151,Cute Comfy Room in Greenpoint,13977207328,verified,Hai-Hsin,Brooklyn,Greenpoint,40.73345,-73.95973,United States,US,true,strict,Private room,2003,721.0,144.0,2,26,2019-03-25,0.81,5,2,-2,#NAME?,Brooklyn,negative availability_365
9547626,Sunny Spacious South Slope Studio,20385733008,verified,Jason,Brooklyn,Sunset Park,40.66248,-73.99667,United States,US,true,moderate,Entire home/apt,2018,337.0,67.0,2,3,2017-01-13,0.1,4,1,-7,"No pets or smoking allowed any where on the premises.  Check-in is at 4:00 pm or later and check out is at 11 am.  After hours self check-in is available but MUST be PER-ARRANGED with host in advance. Bag storage is extra as are early check-in and late check out when possible. Guest are expected to be respectful of others in the building, neighbors, and the property.",Brooklyn,negative availability_365
1464716,"Sunny, clean br available",34266712626,unconfirmed,Turner,Brooklyn,Williamsburg,40.70918,-73.94881,United States,US,false,strict,Private room,2005,629.0,126.0,7,1,2014-03-24,0.02,3,2,-2,"Our house is an eco-friendly, vegan, minimalistic one and we ask that guests adhere to the following guidelines: 1. No animal products such as eggs, dairy, meat, or by products are to be prepared in the kitchen.  These products may be wrapped and stored in the refrigerator in such a way that does not contaminate other foods. 2. Compost (red ceramic container next to the sink) all food waste and recycle (all paper, plastic and glass either in black bin in your room or white bin in the kitchen) before throwing something out.  We have a bin for donations if there is something you no longer need but does not easily recycle.  And please ask if you have any questions. 3. Shoes are not required to be removed but we do ask that any wet/muddy shoes and coats be removed at the door and hung up. 4. For long-term guests we will wash sheets once a week, please let us know if we should strip the bed or if you will leave these in the hamper. 5. Our check in time is any time after 5 PM, departure must",Brooklyn,negative availability_365
3508778,Four-Bedroom Victorian Near Ferry,29459276723,verified,Lynn,Staten Island,St. George,40.64553,-74.08323,United States,US,false,strict,Entire home/apt,2017,851.0,170.0,3,105,2019-06-14,1.73,1,1,-6,This is a residential property. Quiet is important. No smoking. No pets.,Staten Island,negative availability_365
4634365,Beautiful Apt in the Center of NYC,87661550356,verified,Victoria,Manhattan,Midtown,40.74245,-73.9845,United States,US,true,flexible,Entire home/apt,2011,293.0,59.0,4,149,2019-06-21,2.68,3,1,-5,No drugs please.,Manhattan,negative availability_365
4199705,"Bushwick Brooklyn NYC Apt, with LG kitchen & yard!",80458348454,verified,Amy,Brooklyn,Bushwick,40.70071,-73.92913,United States,US,true,strict,Entire home/apt,2003,520.0,104.0,2,19,2019-05-27,0.44,4,2,-6,"No shoes in the apartment, please",Brooklyn,negative availability_365
4776307,1 bd apt in Astoria,11804832101,unconfirmed,Irena,Queens,Astoria,40.77029,-73.92493,United States,US,false,moderate,Entire home/apt,2016,829.0,166.0,1,38,2019-06-28,0.74,4,2,-1,"1. Only the ORIGINAL OCCUPANTS at the time of booking are allowed to stay in the property overnight and secondly no additional guest will be brought in without prior authorization. 2. CHECK IN/OUT: I typically follow the standard check in and out times (4 pm, 12 pm, respectively) however we're flexible and can accommodate your needs as long as it doesn't impact another renter if you have special check-in or out times. There is a keypad lock and each renter will receive their own passcode so you can come and go as you please and not worry about keys or timing. 3. Excessive NOISE & DISTURBANCES, specifically on work nights (Sunday thru Thursday) are to be kept to a minimum after 10 pm. On other nights of the week we ask that noise is kept to a controlled, restrained and respectable level do to the nature of this being a shared space. 4. SMOKING is not permitted in any of the inside premises, this includes the guest room, condo unit and building. You may smoke outside in the street or on ",Queens,negative availability_365
7436736,Sunny 1BR in Heart of Williamsburg,88648526711,unconfirmed,Eric,Brooklyn,Williamsburg,40.71256,-73.95224,United States,US,true,moderate,Entire home/apt,2009,208.0,42.0,2,1,2015-12-06,0.02,1,1,-9,We ask that guests leave the apartment in the condition that they found it.,Brooklyn,negative availability_365
8321520,Iconic NY loft apt in West village,23334484912,unconfirmed,Zoe,Manhattan,West Village,40.73105,-74.00464,United States,US,true,strict,Entire home/apt,2021,144.0,29.0,7,0,,,1,1,-1,"- We're on the top floor of a multi-family dwelling, we know you'll be respectful and kind to the families downstairs! - We love to read and play board games; we'd love to share our books and games with you, just make sure they go back where you found them. - We invite you to use our kitchen and we're happy to share basics like oil and spices but please provide your own groceries - you'll have your own shelf in the refrigerator. - You're welcome to bring friends back to hang out but we ask that no one that we aren't prepared for spend the night! - Please indulge in our living room's mini theatre system - hook up your computer or phone to the monitor and speaker system with our business speed wifi for a great viewing experience.",Manhattan,negative availability_365
5750011,1 Bedroom Apt. Sunnyside Queens!,69879810643,verified,Jake,Queens,Sunnyside,40.74137,-73.9234,United States,US,false,flexible,Private room,2020,368.0,74.0,7,11,2015-09-29,0.22,1,1,-4,"There are many coasters and please use them for your drinks.  There is one shelf in the kitchen cabinet that has food stuff that are personal and it will be marked as such.  Please no pets, smoking or parties.  There is a stand alone fireplace but it is decorative only. Please be respectful and keep noise to a minimum is the mornings and evenings to avoid disturbing neighbors.",Queens,negative availability_365
5035888,Comfy 1 Bedroom Apt with Guest Room,36480878910,unconfirmed,Alexsis,Brooklyn,Park Slope,40.67092,-73.98759,United States,US,true,moderate,Entire home/apt,2014,314.0,63.0,2,4,2016-10-23,0.08,4,1,-10,,Brooklyn,negative availability_365
8926841,Midtown Manhattan Hideaway,45291426428,unconfirmed,Jase,Manhattan,Hell's Kitchen,40.75577,-73.99466,United States,US,true,moderate,Entire home/apt,2022,1036.0,207.0,2,205,2019-06-20,5.83,3,1,-2,"Arrival time can be no later than 10:00PM. No visitors allowed at anytime without prior approval. Overnight guests are only allowed as part of the reservation. Never more than 2 people in this room.  No smoking. 11:00 PM is quiet time while watching private room tv is acceptable. No eating meals in the room. It's too small, you'll see what I'm saying, and there's a nice dining table for that. Small snacks are fine. If you cook and/or uses dishes and utensils then please clean them so someone else can use them. Do not leave anything uncleaned in the sink overnight. Shared areas of the home are expected to be maintained after you use them. There are no room services provided other than normal cleaning. Closet and dresser space is provided for your clothes.",Manhattan,negative availability_365
3436427,Bright Brooklyn garden apartment!,44414020110,verified,David,Brooklyn,Bedford-Stuyvesant,40.68271,-73.94295,United States,US,false,flexible,Entire home/apt,2007,941.0,188.0,2,205,2019-07-07,3.26,5,1,-1,"We try to keep the atmosphere conducive to studying and resting and a couple of house-rules are in place to this end.  1. Towels and linens (sheets, blankets, and pillows) are NOT provided. The bed is twin size. 2. No smoking on the premises.  3. No loud music or TV etc.  4. Only for one person (no couples, no visitors). We seldom have visitors, let alone overnight guests. We know this will be a major turn-off to many people, but we believe we can find a like-minded roommate who can have fun outside the house.  5. If you are not sure about your check-out date, you can reserve the minimum days and extend your stay at a discounted rate.  6. Check-in time has to be coordinated at least 48 hours ahead. On arrival, a short registration process with a picture ID is needed in exchange for keys and wifi access.  7. Inside the apartment, we take off our outside shoes. So if you bring your own flip-flops, slippers or some kind of indoor shoes, that will be useful.",Brooklyn,negative availability_365
48066133,Newly Renovated Upper East Side Apartment,49354678071,verified,Madeleine,Manhattan,East Harlem,40.78993,-73.94718,United States,US,true,flexible,Private room,2013,938.0,188.0,1,0,,,2,1,-8,"House Rules The house rules are an important part of staying in this condo.  You will be sharing a living space with other guests and a high level of consideration, respect, communication and tolerance is expected from you.  They are meant to make your stay more pleasant, to prevent conflicts and to protect the property of any damage.  If you feel there is something that needs to be addressed and that is not covered in these rules, please make sure you communicate that to the host. 1.  Toilet · The toilettes can only be used with the toilet paper provided.  Any other material disposed of will cause the plumbing system to back up and create drainage problems.  No tissues, cotton balls, tampons, Q-tips cotton swabs or any kind of sanitary products are allowed down the toilets.  · Any plumbing work due to clogged toilets will be charged to the guests. 2. Noise and Quiet Hours · Quiet hours are from 10pm until 7am.  During quiet hours radios and stereos may be played at a level not to be h",Manhattan,negative availability_365
6763482,Large Private Bedroom in Williamsburg,52614264605,verified,Ben,Brooklyn,Williamsburg,40.71067,-73.96005,United States,US,true,flexible,Private room,2019,563.0,113.0,5,14,2019-07-03,0.3,1,2,-4,No pets. No smoking.,Brooklyn,negative availability_365
5172858,Charming East Village Nook,78403310514,verified,William,Manhattan,East Village,40.72866,-73.9806,United States,US,false,moderate,Entire home/apt,2017,453.0,91.0,3,51,2019-06-13,1.06,1,1,-9,-Quiet hours after 10 pm -Lock the front door when exiting and entering the property,Manhattan,negative availability_365
2806252,NYC Theatre District 1 Bdrm Apt,58430738785,verified,Shane,Manhattan,Hell's Kitchen,40.76435,-73.99054,United States,US,false,strict,Entire home/apt,2012,92.0,18.0,5,0,,,4,1,-8,,Manhattan,negative availability_365
2650504,Cozy NY-style 1BDRM Apartment UES.,80171455635,verified,Art,Manhattan,Upper East Side,40.76358,-73.95895,United States,US,true,flexible,Entire home/apt,2011,445.0,89.0,80,20,2016-10-31,0.29,5,1,-9,,Manhattan,negative availability_365
8998088,Love Where You Live! 3BR Garden Apartment Duplex,740426344,unconfirmed,Rachel And Bart,Brooklyn,Greenpoint,40.72555,-73.95323,United States,US,false,flexible,Entire home/apt,2022,348.0,70.0,3,122,2019-06-26,3.63,5,1,-3,- Minimum two night stay  - No smoking or drugs  - No parties and please be respectful of neighbors - Pets are welcome for an extra $50/night,Brooklyn,negative availability_365
7214711,Midcentury Modern Duplex 3BR/2BA in Times Square,69437300385,unconfirmed,Jeff & Stephanie,Manhattan,Hell's Kitchen,40.76302,-73.98833,United States,US,false,moderate,Entire home/apt,2019,343.0,69.0,3,55,2019-06-24,1.23,2,1,-5,,Manhattan,negative availability_365
7220234,20 mins to Manhattan Entire Studio,68463787320,unconfirmed,Mary Beth,Queens,Kew Gardens,40.71065,-73.83015,United States,US,true,moderate,Entire home/apt,2012,466.0,93.0,1,14,2019-01-01,0.31,5,1,-3,,Queens,negative availability_365
5781493,4-BR Townhouse on Quiet Brooklyn Block,10634857885,unconfirmed,Anna,Brooklyn,Prospect-Lefferts Gardens,40.66016,-73.95382,United States,US,false,flexible,Entire home/apt,2011,514.0,103.0,3,1,2019-01-06,0.16,5,1,-1,,Brooklyn,negative availability_365
5518045,Luminous Modern Apt Share for Young Professionals,49413237592,verified,Ollie,Brooklyn,Bedford-Stuyvesant,40.68563,-73.94953,United States,US,false,moderate,Private room,2003,643.0,129.0,30,23,2019-03-29,0.48,5,8,-5,"House Rules 1. Check-in is 4 pm local time. If the unit is ready earlier, we’ll let you know. Check-out is normally 11 am local time, but we’d be happy to extend it as long as we don’t have a cleaning scheduled. Just let us know.  2. All bookings require a security deposit of at least $300, which will be refunded within 7 days of your check-out. 3. For security measures we require all guests to provide proof of identification through ID verification on our own website. In order to check in we'll need a photo of your ID.  4. Our cancellation policy is as shown on our ad and defined by the site you are booking through.  5. Don’t let $300 go up in smoke. There's no smoking allowed in any Flatbook and a $300 fine for breaking this rule.  6. Unfortunately we don’t allow pets in any of our apartments. 7. Unless you’re staying in one of our specialty apartments, we don’t allow parties or excessive noise. 8. If we find the place very messy, we have to charge an extra $40 for every extra hour o",Brooklyn,negative availability_365
47485113,"Nice, Comfortable Cozy 1 Bedroom.",88308047996,unconfirmed,Damian,Brooklyn,Prospect-Lefferts Gardens,40.65505,-73.96086,United States,US,true,flexible,Entire home/apt,2010,850.0,170.0,4,4,2016-10-23,0.11,1,1,-5,,Brooklyn,negative availability_365
8922423,"Nice, Comfortable Cozy 1 Bedroom.",6392898236,unconfirmed,Damian,Brooklyn,Prospect-Lefferts Gardens,40.65505,-73.96086,United States,US,false,flexible,Entire home/apt,2010,850.0,170.0,4,4,2016-10-23,0.11,1,1,-5,,Brooklyn,negative availability_365
6421056,Greenwich Village: BEST Block,89842887027,verified,Paul,Manhattan,Greenwich Village,40.73528,-73.99744,United States,US,false,flexible,Entire home/apt,2022,1084.0,217.0,2,193,2019-07-01,4.13,2,1,-2,,Manhattan,negative availability_365
3396109,"Lovely Park Slope Apt, Brooklyn",94122303411,unconfirmed,Kieran,Brooklyn,Park Slope,40.68006,-73.97759,United States,US,false,moderate,Private room,2007,1078.0,216.0,2,88,2019-07-05,1.4,3,1,-5,NO SMOKING AND NO PETS ALLOWED!!,Brooklyn,negative availability_365
5719083,1 bedroom-Manhattans East Village,24785304890,verified,Meagan,Manhattan,East Village,40.72872,-73.98639,United States,US,false,flexible,Entire home/apt,2009,625.0,125.0,2,36,2019-01-02,0.8,4,1,-10,"You are my guest - please behave as such!  This is where I live. - No neighbor-disturbance-level noise past 11:00PM - No pets of any kind - No smoking - Use the kitchen, not the food (it is ours) - Clean up spills and dishes - No illegal drugs or substances",Manhattan,negative availability_365
7574811,Spacious apt next to Botanic Garden,97932409929,unconfirmed,Katherine,Brooklyn,Crown Heights,40.66563,-73.96118,United States,US,true,strict,Entire home/apt,2019,416.0,83.0,90,0,,,4,1,-5,"House Rules The house rules are an important part of staying in this condo.  You will be sharing a living space with other guests and a high level of consideration, respect, communication and tolerance is expected from you.  They are meant to make your stay more pleasant, to prevent conflicts and to protect the property of any damage.  If you feel there is something that needs to be addressed and that is not covered in these rules, please make sure you communicate that to the host. 1.  Toilet · The toilettes can only be used with toilet paper provided.  Any other material disposed of will cause the plumbing system to back up and create drainage problems.  No tissues, cotton balls, tampons, Q-tips cotton swabs or any kind of sanitary products are allowed down the toilets.  · Any plumbing work due to clogged toilets will be charged to the guests. 2. Noise and Quiet Hours · Quiet hours are from 10pm until 7am.  During quiet hours radios and stereos may be played at a level not to be heard",Brooklyn,negative availability_365
8144232,Bright & Sunny 2-Bed - Bushwick/Bed-Stuy Border!,89116043428,verified,Ben,Brooklyn,Bedford-Stuyvesant,40.68735,-73.9196,United States,US,false,flexible,Entire home/apt,2012,361.0,72.0,3,36,2019-07-06,4.37,1,2,-2,,Brooklyn,negative availability_365
7347263,*Spectacular Sublet - All inclusive,51161428632,unconfirmed,Melissa,Brooklyn,Prospect Heights,40.6791,-73.97369,United States,US,true,flexible,Entire home/apt,2015,868.0,174.0,1,0,,,4,1,-7,Apartment is located in quiet neighborhood so noise is ok as long as it's not excessive.  We have a strict no-pet and no-smoking policy. This is our building policy and also a strongly enforced household policy.,Brooklyn,negative availability_365
7478710,!Spacious & Modern Brooklyn Loft!,2431910387,verified,Rachel,Brooklyn,Bushwick,40.70842,-73.9208,United States,US,false,strict,Entire home/apt,2013,144.0,29.0,2,40,2018-09-03,0.9,4,1,-5,No smoking and no pets. No parties. Names and ages of all guests is required for booking.,Brooklyn,negative availability_365
8871059,"Bright, Open, Family Friendly",22927283292,unconfirmed,Stephanie,Queens,Sunnyside,40.74214,-73.92463,United States,US,true,moderate,Entire home/apt,2019,1051.0,210.0,1,0,,,1,1,-9,,Queens,negative availability_365
3973262,Modern 2BR Near Union Square,6289852406,unconfirmed,Brent,Manhattan,East Village,40.73177,-73.98598,United States,US,false,flexible,Entire home/apt,2012,1134.0,227.0,5,0,,,2,1,-7,"Please remember that this is a residential building. The building rules, apartment occupancy restrictions and the year-round tenants must be respected.",Manhattan,negative availability_365
9662505,Private bedroom in the Upper East!,66712637257,verified,Jackie,Manhattan,Upper East Side,40.78265,-73.95364,United States,US,false,flexible,Private room,2011,570.0,114.0,1,2,2016-05-23,0.05,1,3,-8,"Please remember that this is a residential building. The building rules, apartment occupancy restrictions and the year-round tenants must be respected.  Parties, pets and smoking are not allowed under any circumstances and incur significant fees.",Manhattan,negative availability_365
5046934,Private studio by McCarren Park!,89946258150,verified,Estefania,Brooklyn,Greenpoint,40.72071,-73.94902,United States,US,false,flexible,Private room,2016,982.0,196.0,4,199,2019-06-14,3.75,3,2,-6,"No smoking in the apartment, even with the windows open. No excessive cologne/perfume. Please take off your shoes on the landing and don't wear any outdoor shoes inside. No food in the bedroom, please. No food or drinks in the music room. Be considerate of the neighbors; no excessive noise, and keep quiet after 9pm. Please tell me if anything gets broken in the apartment. Talk to me first if you want to hold Yggy. Don't open the terrarium before we talk. No overnight guests.",Brooklyn,negative availability_365
6679532,Best location in manhattan,1086723716,verified,Furkan,Manhattan,Kips Bay,40.74086,-73.9803,United States,US,true,flexible,Entire home/apt,2021,758.0,152.0,1,1,2015-08-20,0.02,5,1,-6,,Manhattan,negative availability_365
6172521,"Beautiful, spacious 1 bedroom in BK",18475193281,unconfirmed,Karen,Brooklyn,Kensington,40.64621,-73.98163,United States,US,false,flexible,Entire home/apt,2016,89.0,18.0,1,4,2015-07-19,0.08,2,1,-7,No Smoking,Brooklyn,negative availability_365
48225195,Private bedroom in the Upper East!,93884703689,verified,Jackie,Manhattan,Upper East Side,40.78265,-73.95364,United States,US,true,moderate,Private room,2011,570.0,114.0,1,2,2016-05-23,0.05,1,3,-8,"Please remember that this is a residential building. The building rules, apartment occupancy restrictions and the year-round tenants must be respected.  Parties, pets and smoking are not allowed under any circumstances and incur significant fees.",Manhattan,negative availability_365
3134319,Cozy 2-BD w/ Lots of Light,77456110173,unconfirmed,Ruby,Brooklyn,Crown Heights,40.67286,-73.92566,United States,US,false,flexible,Entire home/apt,2016,458.0,92.0,1,75,2019-06-08,1.2,4,,-3,"Please do not rent this house if you plan to party. This is a quiet house in a quiet neighborhood. Other than that, we are pretty laid back.",Brooklyn,negative availability_365
2113116,Cozy- bedroom in Jackson Heights!,34459735446,verified,Luis,Queens,Jackson Heights,40.75374,-73.8924,United States,US,true,flexible,Private room,2020,1069.0,214.0,2,0,,,3,1,-5,"- Absolutely no smoking in, on or near the property, not suitable for children under 16 years of age.",Queens,negative availability_365
1139963,B NYC Staten Alternative...,13992927619,,Fowler,Staten Island,Tompkinsville,40.63627,-74.08543,United States,US,true,strict,Private room,2017,784.0,157.0,2,147,,,,6,-1,"Rules are detailed in the House Manual, which was emailed to you. There is also a printed copy of the house manual in the condo. Summary: - no guests other than those arranged with host. - no parties. - no smoking. - please be respectful of our neighbors. - please follow the check-out list provided. Failure to follow house rules will result in forfeiture of your security deposit.",Staten Island,negative availability_365
7869187,Beautiful bedroom w/ private bath,33631348018,verified,Eli,Manhattan,Morningside Heights,40.80536,-73.96228,United States,US,true,flexible,Private room,2011,954.0,191.0,14,1,2016-01-17,0.02,4,1,-8,"No smoking, parties, or additional guests. No pets without prior approval. Please clean up after yourself in the shared spaces, as this is my home.",Manhattan,negative availability_365
2487575,Saratoga Park Suite,87625848473,unconfirmed,Aqila,Brooklyn,Bedford-Stuyvesant,40.68669,-73.91897,United States,US,false,moderate,Private room,2004,1005.0,201.0,3,0,,,3,1,-1,We love our home and enjoy sharing it with others. We hope you'll treat it as with as much care as we do. Our neighbors are friendly and quiet. We hope you'll fit right in.,Brooklyn,negative availability_365
9920981,"Quiet, relaxing room in Greenpoint",34361018987,unconfirmed,Johann,Brooklyn,Greenpoint,40.73356,-73.95808,United States,US,true,strict,Private room,2020,173.0,35.0,1,2,2016-07-26,0.05,4,1,-8,,Brooklyn,negative availability_365
3538602,BEAUTIFUL DESIGNER SOHO LOFT,4783538092,unconfirmed,Caroline,Manhattan,Little Italy,40.71883,-73.99716,United States,US,false,moderate,Entire home/apt,2019,121.0,24.0,2,119,2018-03-03,1.93,5,1,-4,"“House Rules""   Checkout is by 11am.   At least one person in the apartment must be verified by Airbnb.   Please do not rent an apartment for your friends or extended family No overnight guests.  Even with prior permission, an extra charge of $100 per person per night will be added to your rent.   Boston and the south end are very conscious of overcrowding, (i.e. two families with kids sharing a two bedroom apartment, or three students per bedroom are examples of violations of Boston's occupancy ordinances) NO MORE THAN 4 PEOPLE s.v.p.  Soft soled shoes or socks.The apartments have oak floors, and although there's a lot of soundproofing, footfall can be uncomfortable for other tenants.   Please wear soft sole shoes or socks.   Also keep Direct TV,  Blu Ray DVD and music at a reasonable level between 8am and 10PM and very quiet or headphones after 10 pm.   The apartment is completely private ... your own entrances and exits.    The laundry room ($1.75 per wash and $1.75 per wash takes q",Manhattan,negative availability_365
5753325,Stylish NYC Art Loft,34433984203,unconfirmed,Dave,Manhattan,East Harlem,40.79229,-73.93954,United States,US,false,strict,Private room,2006,1184.0,237.0,3,24,2019-07-02,0.49,1,6,-9,,Manhattan,negative availability_365
48695755,"Sunny, Private Room with Separate Entrance",17634740201,unconfirmed,Dylana,Brooklyn,Bushwick,40.69798,-73.92462,United States,US,false,strict,Private room,2014,178.0,36.0,1,132,2019-06-19,3.59,3,3,-4,,Brooklyn,negative availability_365
5049143,Private BDR/BATH in Luxury Condo near Times Square,90808495649,verified,Ashley,Manhattan,Hell's Kitchen,40.75755,-73.99305,United States,US,false,strict,Private room,2019,107.0,21.0,365,7,2018-03-08,0.14,4,1,-8,Please be respectful.  Keep noise to a minimum after 9pm. No Smoking. No recovering patients from medical procedures. Thanks!,Manhattan,negative availability_365
48137380,Luxury studio heart of Manhattan,43454181663,verified,Grace.EJ,Manhattan,Upper West Side,40.77504,-73.9896,United States,US,true,moderate,Entire home/apt,2016,826.0,165.0,1,0,,,4,1,-5,,Manhattan,negative availability_365
48871939,Private Condo Room w/ Patio,35368820987,verified,Agustina,Bronx,Longwood,40.81937,-73.90978,United States,US,false,moderate,Private room,2005,614.0,123.0,2,68,2019-05-30,1.83,2,1,-7,,Bronx,negative availability_365
47953464,Spacious 1 BR in East Village!,68090946120,verified,Mike,Manhattan,Gramercy,40.73375,-73.98704,United States,US,true,moderate,Entire home/apt,2004,615.0,123.0,3,12,2016-07-21,0.3,2,1,-2,No smoking allowed in the house.  No pets.  No loud music or partying allowed at night.  Please respect the property as you would your own house.,Manhattan,negative availability_365
7093205,HUGE 3Bedroom Duplex in Meatpacking,71739309823,unconfirmed,Michelle,Manhattan,Chelsea,40.74026,-74.00091,United States,US,true,flexible,Entire home/apt,2011,992.0,198.0,1,2,2015-09-29,0.04,2,1,-7,"Please only smoke across the street, (smoke travels) there's a lovely green space and a bus shelter if raining Please, no bikes on the fence in front of the house. There's plenty of places to park the bikes. I have a wonderful dog, he's submissive with people, unfortunately aggressive with other dogs. I'm unable to welcome other dogs in the space.",Manhattan,negative availability_365
8197805,Stay in a doll factory!,4222195547,unconfirmed,Ryan,Brooklyn,Williamsburg,40.71811,-73.96222,United States,US,false,moderate,Private room,2019,482.0,96.0,3,0,,,2,3,-8,,Brooklyn,negative availability_365
4808340,"Huge, Cozy 1BR in the ❤️️ of Harlem",33922453553,verified,Adam,Manhattan,Harlem,40.81405,-73.95285,United States,US,true,moderate,Entire home/apt,2009,1008.0,202.0,1,31,2018-09-03,0.57,4,1,-8,Treat the apt as you would your own. No parties or large gatherings.,Manhattan,negative availability_365
3230971,Jewel Box Studio in Soho / Nolita,68778778568,unconfirmed,Wilson,Manhattan,Nolita,40.72224,-73.99491,United States,US,true,flexible,Entire home/apt,2016,462.0,92.0,1,156,2019-05-31,2.46,2,1,-4,"Please remember that this is a residential building. The building rules, apartment occupancy restrictions and the year-round tenants must be respected.",Manhattan,negative availability_365
9689015,Comfortable Room Near Columbia U,74326438995,verified,Yutian,Manhattan,Morningside Heights,40.81567,-73.95951,United States,US,true,moderate,Private room,2008,572.0,114.0,7,2,2016-08-13,0.05,5,1,-8,"We expect travelers to leave the apartment in the same condition that they left it in. We take great care of the apartment as we feel it is a truly special home, and hope that others will treat it the same way! We will provide fresh sheets and towels, which guests can put in a pile upon leaving. We do not allow pets unfortunately. Although we love them, the building does not!",Manhattan,negative availability_365
6157057,"Cozy Room In Clinton Hill, BK",29408115589,unconfirmed,Camille,Brooklyn,Clinton Hill,40.69139,-73.961,United States,US,false,moderate,Private room,2004,290.0,58.0,5,0,,,2,1,-5,"No smoking No pets  No parties No extra guest No loud music No opening of windows Please be aware: This is an old fashioned building, the elevator is small and slow There is no central AC, but 2 efficient window units This is downtown Boston, you may hear some noise of people in the streets",Brooklyn,negative availability_365
1807694,Charming 2 Bdrm UWS w/ private deck,97825567982,unconfirmed,Kate,Manhattan,Upper West Side,40.78363,-73.97797,United States,US,false,strict,Entire home/apt,2013,777.0,155.0,3,58,2019-06-18,0.7,1,1,-9,"Just enjoy your stay! And while no smoking is allowed in the building, the stoop has ample seating and is recessed away enough from the street to provide space for a private burn.  Towels will be provided for showering, and all utensils in the kitchen are at your disposal.  If you have specific questions about activities close by, please send me a message and I'll try to provide as best an answer as possible.",Manhattan,negative availability_365
3942334,Spacious Modern Loft in Cobble Hill,25357620552,verified,Gary,Brooklyn,Downtown Brooklyn,40.69054,-73.99039,United States,US,true,strict,Entire home/apt,2010,984.0,197.0,3,68,2019-06-13,1.35,2,1,-3,,Brooklyn,negative availability_365
1375243,Loft Suite @ The Box House Hotel,17810750507,verified,Spencer,Brooklyn,Greenpoint,40.73652,-73.95236,,,,,Entire home/apt,2019,847.0,169.0,3,43,2019-07-02,0.47,4,28,-5,"Expect to have our place treated with respect, but don't want guests to feel uncomfortable so if there's a beer(s) in the fridge, feel free, snacks in the drawers, usually fresh fruit in the bowl, up for grabs etc...",Brooklyn,negative availability_365
5127017,Modern Apt - Vibrant Neighborhood!,1382129222,verified,Danica,Brooklyn,Prospect-Lefferts Gardens,40.65507,-73.95824,United States,US,true,moderate,Entire home/apt,2017,148.0,30.0,1,282,2019-07-07,5.51,5,1,-10,"Since it's a vegetarian house, please don't bring meat or fish into the house! Smoking outside please.",Brooklyn,negative availability_365
8868850,Cozy Bedroom in the Lower East Side,94627131295,verified,Chantal,Manhattan,Lower East Side,40.72104,-73.98298,United States,US,true,moderate,Private room,2004,1073.0,215.0,2,1,2016-06-14,0.03,1,1,-10,"Share our house as a guest, don't worry about cost of snacks or an occasional beer. No smoking. Please consult first if you will be traveling with small children. We try to keep the space clean and ask everyone to remove their shoes in the appartment and be respectful to everyone.",Manhattan,negative availability_365
48824993,Deluxe 1-Bedroom near Empire State Building!,3223686916,unconfirmed,Kara,Manhattan,Midtown,40.75186,-73.97062,United States,US,true,strict,Entire home/apt,2008,979.0,196.0,30,0,,,2,121,-8,The only thing i would have to say is not playing music too loud past 11 o clock.,Manhattan,negative availability_365
3461833,Best Deal/Columbus Circle/Renovated,96907146183,verified,Mike,Manhattan,Hell's Kitchen,40.76866,-73.98616,United States,US,false,moderate,Entire home/apt,2010,538.0,108.0,30,6,2018-10-04,0.1,4,52,-2,"House Rules 1. Check-in is 4 pm local time. If the unit is ready earlier, we’ll let you know. Check-out is normally 11 am local time, but we’d be happy to extend it as long as we don’t have a cleaning scheduled. Just let us know.  2. All bookings require a security deposit of at least $300, which will be refunded within 7 days of your check-out. 3. For security measures we require all guests to provide proof of identification through ID verification on our own website. In order to check in we'll need a photo of your ID.  4. Our cancellation policy is as shown on our ad and defined by the site you are booking through.  5. Don’t let $300 go up in smoke. There's no smoking allowed in any Flatbook and a $300 fine for breaking this rule.  6. Unfortunately we don’t allow pets in any of our apartments. 7. Unless you’re staying in one of our specialty apartments, we don’t allow parties or excessive noise. 8. If we find the place very messy, we have to charge an extra $40 for every extra hour o",Manhattan,negative availability_365
2688060,YOUR  PRIVATE COZY 1Br + 15min from Manhattan,63981707220,verified,John,Queens,Sunnyside,40.73747,-73.9248,United States,US,false,moderate,Entire home/apt,2019,1194.0,239.0,1,92,2019-07-03,6.3,3,2,-8,#NAME?,Queens,negative availability_365
6162580,Sunny bedroom in the heart of LES,54722764699,verified,Christina,Manhattan,Lower East Side,40.71754,-73.99025,United States,US,true,moderate,Private room,2010,1188.0,238.0,1,1,2015-07-09,0.02,3,1,-8,No Smoking No Pets,Manhattan,negative availability_365
4944206,Classic Harlem Brownstone - Manhattan,51866903225,unconfirmed,Glenda,Manhattan,Harlem,40.82306,-73.94688,United States,US,false,strict,Private room,2012,656.0,131.0,1,209,2019-06-13,4.12,5,3,-10,,Manhattan,negative availability_365
2678119,Entire 1 Bedroom in Williamsburg,39216179291,unconfirmed,Mike,Brooklyn,Williamsburg,40.70658,-73.96759,United States,US,false,moderate,Entire home/apt,2006,67.0,13.0,2,6,2017-06-11,0.09,3,1,-7,,Brooklyn,negative availability_365
3526452,Cozy Bedroom by Prospect Park BKLYN,64181875975,unconfirmed,Thomas,Brooklyn,Flatbush,40.64996,-73.9615,United States,US,true,flexible,Private room,2020,111.0,22.0,3,4,2015-07-23,0.07,4,2,-5,No Smoking No Pets,Brooklyn,negative availability_365
9876245,Artist Apartment in Park Slope,39054728827,verified,Erica,Brooklyn,South Slope,40.6617,-73.98221,United States,US,false,flexible,Private room,2020,116.0,23.0,14,8,2016-09-07,0.21,1,1,-4,,Brooklyn,negative availability_365
8895360,5*****Prime W/ Private Outdoor 5177,80350256618,verified,Jeremy & Laura,Manhattan,West Village,40.73198,-74.00239,United States,US,false,flexible,Entire home/apt,2009,324.0,65.0,30,0,,,4,96,-4,"1. No damage to the house or furniture 2. No Smoking, No Pets, No Drugs 3. No more sleepover people then you booked 4. Keep quiet after 11:00 PM 5. Be respectful to neighbors 6. Keep the kitchen clean after used 7. Keep the bathroom clean after used 8. Return “Parking Permit"" before check out 9. Check-in: 3PM, Check-out: 11:00AM",Manhattan,negative availability_365
2315810,Spring in Central Park-UWS,24754469250,verified,Ali,Manhattan,Upper West Side,40.78571,-73.97149,United States,US,true,moderate,Entire home/apt,2008,714.0,143.0,4,3,2017-05-20,0.04,3,1,-5,,Manhattan,negative availability_365
5272824,Serenity in the Heart of Brooklyn,16458840056,verified,Samantha,Brooklyn,Bushwick,40.70088,-73.91831,United States,US,true,flexible,Private room,2021,601.0,120.0,3,12,2017-12-10,0.25,2,1,-9,No smoking. No parties.  No drugs.  No pets.  Please consider our neighbors and be respectful of them. Limit the noise level - especially at night. Thank you in advance!,Brooklyn,negative availability_365
5035335,Great share - central location downtown,87386255944,verified,Jeff,Manhattan,Lower East Side,40.71952,-73.99313,United States,US,true,moderate,Private room,2009,324.0,65.0,10,56,2019-05-14,1.08,4,1,-8,,Manhattan,negative availability_365
47560778,Love Where You Live! 3BR Garden Apartment Duplex,13242281321,unconfirmed,Rachel And Bart,Brooklyn,Greenpoint,40.72555,-73.95323,United States,US,true,moderate,Entire home/apt,2022,348.0,70.0,3,122,2019-06-26,3.63,5,1,-3,- Minimum two night stay  - No smoking or drugs  - No parties and please be respectful of neighbors - Pets are welcome for an extra $50/night,Brooklyn,negative availability_365
5267301,Private Room In Bushwick,48066364723,verified,Julia,Brooklyn,Bushwick,40.68917,-73.91549,United States,US,true,moderate,Private room,2014,663.0,133.0,1,0,,,1,1,-6,"House Rules 1. Check-in is 4 pm local time. If the unit is ready earlier, we’ll let you know. Check-out is normally 11 am local time, but we’d be happy to extend it as long as we don’t have a cleaning scheduled. Just let us know.  2. All bookings require a security deposit of at least $300, which will be refunded within 7 days of your check-out. 3. For security measures we require all guests to provide proof of identification through ID verification on our own website. In order to check in we'll need a photo of your ID.  4. Our cancellation policy is as shown on our ad and defined by the site you are booking through.  5. Don’t let $300 go up in smoke. There's no smoking allowed in any Flatbook and a $300 fine for breaking this rule.  6. Unfortunately we don’t allow pets in any of our apartments. 7. Unless you’re staying in one of our specialty apartments, we don’t allow parties or excessive noise. 8. If we find the place very messy, we have to charge an extra $40 for every extra hour o",Brooklyn,negative availability_365
9400162,Private room in a high floor apt,98225641412,verified,Kamini,Manhattan,East Harlem,40.80237,-73.9437,United States,US,false,strict,Private room,2019,750.0,150.0,1,0,,,3,1,-1,,Manhattan,negative availability_365
9935341,Cozy apartment in Noho/ Soho,54826241129,unconfirmed,Nika,Manhattan,Greenwich Village,40.72617,-73.99658,United States,US,false,strict,Private room,2016,872.0,174.0,1,2,2016-06-13,0.05,4,1,-9,Please respect and take care of this lovely space. :),Manhattan,negative availability_365
3371255,"Modern Loft, Large Private Terrace.",58927181450,verified,Andrea,Manhattan,Lower East Side,40.71484,-73.98977,United States,US,true,moderate,Entire home/apt,2010,152.0,30.0,5,4,2018-09-29,0.08,2,1,-10,Guests only have access to the first floor bedroom and bathroom.  The rest of the house is off limits.  Guests who stay a week or more may use the laundry in the basement for free.  Please do not apply hair or beard dye in the bathroom as it was recently renovated.  Please feel free to send me any special requests and I will try to honor them.,Manhattan,negative availability_365
7523447,A Tree Grows in Brooklyn,78724991296,unconfirmed,Jane,Brooklyn,Williamsburg,40.70782,-73.95462,United States,US,true,flexible,Private room,2012,921.0,184.0,1,2,2015-11-23,0.05,1,1,-1,,Brooklyn,negative availability_365
5086699,Spacious Private Room + Full Bath!,76763509813,unconfirmed,Jacob,Brooklyn,Bushwick,40.69024,-73.9059,United States,US,true,moderate,Private room,2010,111.0,22.0,7,1,2015-03-21,0.02,3,1,-3,"No smoking, no extra guests and no parties.",Brooklyn,negative availability_365
6923649,large house with inground pool/spa,33967406422,unconfirmed,Miran,Staten Island,Todt Hill,40.60926,-74.10092,United States,US,false,moderate,Entire home/apt,2020,340.0,68.0,2,4,2015-11-06,0.09,4,1,-1,Keep in mind your neighbors are very close.  Excessive noise and unacceptable behavior will not be tolerated.,Staten Island,negative availability_365
10212595,"i call it home, you'll call it home.",80693623902,verified,Mimie,Bronx,Tremont,40.84559,-73.89815,United States,US,false,strict,Private room,2003,263.0,53.0,7,22,2019-06-24,0.61,1,2,-8,"No smoking Not suitable for pets No parties or events Check-in is after 3PM Be a good ambassador of your country. :) Due to the fact that the building is purely residential, guests are expected to respect at all times the peace and privacy of the neighbors. Principal Rules: 1) Strictly a non-smoking/ shoe-free apartment. 2) No pets allowed  3) We have zero tolerance disturbance policy, so please do not disturb the residents of the building and avoid any noisy behavior after 9:00 pm and before 9:00 AM. We reserve the right to abort the service without refund if any established complain arrives to us from the neighbors.  4) Guests are not permitted to allow other people into the apartment 5) Any property damage shall be paid in full  6) Please DO NOT send any personal mails/package to the address during your stay. (We had lots of issues from the previous guests) Please Contact us for the further arrangement if you have any mailing request before your trip. We really hope that you enjoy y",Bronx,negative availability_365
6868971,Steps away from Laguardia airport,25997843369,unconfirmed,Maya,Queens,East Elmhurst,40.77006,-73.87683,United States,US,true,flexible,Private room,2017,464.0,93.0,1,543,2019-07-01,11.59,1,5,-6,,Queens,negative availability_365
10242972,"Big, airy room in beautiful apartment",53156653204,unconfirmed,Sylvia,Brooklyn,Flatbush,40.65251,-73.96325,United States,US,false,strict,Private room,2007,158.0,32.0,4,1,2017-07-03,0.04,5,1,-6,"Please remember that this is a residential building. The building rules, apartment occupancy restrictions and the year-round tenants must be respected.  Parties and smoking are not allowed under any circumstances and incur significant fees. Pets may be considered with pre-approval and an additional pet fee.",Brooklyn,negative availability_365
10064579,Big Studio apt- Legal NY rental,96415730428,unconfirmed,Janelle,Brooklyn,East Flatbush,40.65742,-73.92385,United States,US,true,moderate,Entire home/apt,2013,1041.0,208.0,1,117,2019-06-04,3.09,4,1,-2,"Please remember that this is a residential building. The building rules, apartment occupancy restrictions, and the year-round tenants must be respected.  There is no smoking allowed in the apartments and significant fees will take place if occurs. ",Brooklyn,negative availability_365
2012597,Cozy room in beautiful apartment !,97601892990,verified,Melina,Manhattan,Harlem,40.82513,-73.94617,United States,US,false,strict,Private room,2021,364.0,73.0,7,0,,,1,1,-6,No smoking in the apartment please.,Manhattan,negative availability_365
1870104,Amazing location! 10ft from L train,75849037654,unconfirmed,Giorgia & Benjamin,Brooklyn,Williamsburg,40.71534,-73.94906,United States,US,false,moderate,Private room,2012,328.0,66.0,2,146,2019-06-23,1.78,1,1,-4,"We expect that you treat our home as you would yours.  If you smoke, you can do so on the back porch. There is absolutely no smoking in the apartment. If you have a pet you are traveling with, please contact us, we can discuss a nice pet.",Brooklyn,negative availability_365
6755197,Spacious cozy apartment,72061364558,unconfirmed,Judith,Brooklyn,Flatbush,40.64689,-73.96048,United States,US,false,strict,Entire home/apt,2008,314.0,63.0,2,85,2018-06-03,1.83,1,1,-2,No pets. No smoking.,Brooklyn,negative availability_365
6245977,1 Bdr. Apt. in Ridgewood/Bushwick,63930271571,verified,Nick,Queens,Ridgewood,40.70735,-73.90696,United States,US,false,flexible,Entire home/apt,2007,1098.0,220.0,1,0,,,5,1,-3,,Queens,negative availability_365
1348180,charming 2bdrm apt in East Village,41629003262,verified,Brooks,Manhattan,East Village,40.72264,-73.9837,United States,US,false,moderate,Entire home/apt,2011,1166.0,233.0,4,0,,,5,1,-4,All Renters and Guests must be 25 years of age unless accompanied by a parent or guardian. Parties of any kind are not allowed. There is no smoking allowed in the boat. Use of illegal substances will be cause for immediate termination of the rental and reported to the police. All pets must be on a leash when outside the boat.  Quiet hours are between 9:30pm and 8am.  Noise must be kept to a minimum during this time period. ,Manhattan,negative availability_365
47431540,Cozy Bedroom in the Lower East Side,62459771998,unconfirmed,Chantal,Manhattan,Lower East Side,40.72104,-73.98298,United States,US,true,flexible,Private room,2004,1073.0,215.0,2,1,2016-06-14,0.03,1,1,-10,"Share our house as a guest, don't worry about cost of snacks or an occasional beer. No smoking. Please consult first if you will be traveling with small children. We try to keep the space clean and ask everyone to remove their shoes in the appartment and be respectful to everyone.",Manhattan,negative availability_365
4333362,Huge Apartment on Prospect Park,62506005751,unconfirmed,Chad,Brooklyn,Windsor Terrace,40.65783,-73.97501,United States,US,true,flexible,Entire home/apt,2017,430.0,86.0,14,1,2016-08-17,0.03,2,1,-6,,Brooklyn,negative availability_365
6796620,"Clean, Modern, Minimal Bedroom",12607735006,verified,John,Brooklyn,Greenpoint,40.72569,-73.95179,United States,US,false,flexible,Private room,2013,205.0,41.0,4,2,2015-12-30,0.04,4,1,-6,,Brooklyn,negative availability_365
1683979,UES Jewel-Private Long Term Rental,15150581071,verified,Wendy,Manhattan,Upper East Side,40.77761,-73.94606,United States,US,false,moderate,Private room,2015,578.0,116.0,30,3,2018-09-14,0.04,1,1,-3,"Ideally a person that is respectful of my home , non smokers and no parties",Manhattan,negative availability_365
8752867,Large studio w/ doorman and elevator,82907350015,unconfirmed,Valissa,Manhattan,East Village,40.72215,-73.98496,United States,US,false,flexible,Entire home/apt,2022,317.0,63.0,4,8,2018-10-21,0.21,4,1,-9,- I've lived here over 14  years.  Love it!  But I met a girl and moved to the burbs. You will enjoy everything about location and amenities!,Manhattan,negative availability_365
7151197,CHARM & LOCATION! Private Ensuite Bathroom in UES!,30520548579,verified,Christine,Manhattan,Upper East Side,40.77127,-73.95175,United States,US,true,flexible,Private room,2008,70.0,14.0,7,90,2019-06-28,1.97,4,2,-7,-Quiet hours after 10 pm -Lock the front door when exiting and entering the property,Manhattan,negative availability_365
1378557,Superior @ Box House,17112437857,verified,Murray,Brooklyn,Greenpoint,40.73731,-73.9545,United States,US,false,strict,Private room,2016,232.0,46.0,3,4,2015-12-04,0.05,2,28,-2,"Quiet, residential. No smoking. No pets",Brooklyn,negative availability_365
5523568,"Beautiful, SEXY apartment",27666906601,unconfirmed,Brigitte,Manhattan,NoHo,40.72652,-73.99259,United States,US,true,moderate,Entire home/apt,2004,915.0,183.0,1,0,,,4,1,-1,No smoking please and no running of the washer/dryer after 8:00 P.M.  Thanks No pets ,Manhattan,negative availability_365
7896802,Cozy Studio in Midtown East,654274220,unconfirmed,Eman,Manhattan,Midtown,40.7532,-73.96711,United States,US,false,strict,Entire home/apt,2011,102.0,20.0,1,7,2016-01-27,0.16,2,1,-6,"- cleaning, quiet, friendly, no drug, no smoking,",Manhattan,negative availability_365
3976576,"Heart of Nolita, close to SoHo",14026701886,verified,Aalap,Manhattan,Nolita,40.72241,-73.99592,United States,US,false,strict,Entire home/apt,2017,933.0,187.0,4,3,2015-09-13,0.05,3,1,-5,,Manhattan,negative availability_365
3285649,Private Room + Balcony in Bushwick.,62127095649,verified,Mira,Brooklyn,Williamsburg,40.70585,-73.92698,United States,US,false,moderate,Private room,2014,472.0,94.0,5,6,2019-05-07,0.1,5,2,-2,"Please respect the place as if it was your own. No parties or crazy business.  Pets are not allowed.  Our apartment is also a non-smoking environment.  Our community is very quiet and we have a close relationship with our neighbors. We ask that you respect our neighbor’s privacy and monitor noise levels during the night time. If you need to smoke, please smoke outside the building and dispose of your cigarettes afterward.  We also ask that you keep the place relatively clean when you leave.",Brooklyn,negative availability_365
2537835,CHELSEA BROWNSTONE 1BRM GARDEN APT,19396110221,verified,Tabita,Manhattan,Chelsea,40.74461,-74.00172,United States,US,false,strict,Entire home/apt,2008,716.0,143.0,5,50,2019-06-13,0.91,5,1,-2,The Perfect home stay for clean and responsible person. Home is keep neat and clean at all times. Guest wipe up after themselves after using the kitchen. There is no smoking in home and no pets allowed in home. No overnight guest to keep the stay peaceful and quiet.,Manhattan,negative availability_365
47433749,"Bright, Open, Family Friendly",98300161975,unconfirmed,Stephanie,Queens,Sunnyside,40.74214,-73.92463,United States,US,true,moderate,Entire home/apt,2019,1051.0,210.0,1,0,,,1,1,-9,,Queens,negative availability_365
6540353,Carroll Gardens Retreat,28596740395,verified,Gianni,Brooklyn,Carroll Gardens,40.68167,-73.99276,United States,US,true,moderate,Entire home/apt,2016,52.0,10.0,4,96,2019-05-19,2.02,5,2,-3,The house is kept very clean host does all cleaning making of beds and daily cleaning of home. Absolutely no additional company with out first checking in,Brooklyn,negative availability_365
1461954,Loft Suite @ The Box House Hotel,86014638384,verified,Hawkins,Brooklyn,Greenpoint,40.73857,-73.95435,United States,US,true,flexible,Entire home/apt,2019,659.0,132.0,3,23,2019-04-23,0.26,4,28,-5,,Brooklyn,negative availability_365
48347806,5mn location from Manhattan midtown,28024718547,unconfirmed,Abdoulaye,Queens,Long Island City,40.75166,-73.94028,United States,US,false,strict,Private room,2007,875.0,175.0,1,36,2019-06-04,1.05,1,1,-5,Please respect my home. There are other long term tenants who reside in the building.,Queens,negative availability_365
10189399,Nolita/Soho - Quiet 1 Bedroom in Great Location!,87335699525,verified,Owen,Manhattan,Nolita,40.72271,-73.99518,United States,US,true,moderate,Entire home/apt,2013,78.0,16.0,4,11,2018-05-19,0.29,1,1,-10,,Manhattan,negative availability_365
1264783,CBG# 4Tiny room w/ huge window/AC,87560538920,unconfirmed,Maya,Brooklyn,Park Slope,40.6788,-73.97643,United States,US,true,moderate,Private room,2020,563.0,113.0,,20,2018-08-24,0.21,2,6,-6,"Each of us is working and/or going to school at the moment, so weekday guests are expected to respect a quiet period from 12am to 8am. On weekends, we almost always go out and encourage you to do the same! You're welcome to make noise in your room at a reasonable level, but we prefer that you wrap it up no later than 3am at the absolute latest on weekends.",Brooklyn,negative availability_365
48404693,"Joellen's Place Roomy 1-Queen Bed, Bushwick Apt.",7445397457,unconfirmed,Joellen,Brooklyn,Bushwick,40.69021,-73.92207,United States,US,false,flexible,Private room,2003,969.0,194.0,2,57,2019-07-07,1.52,5,2,-8,"1.CHECK-IN TIME IS AFTER 3 P.M. EST AND CHECK-OUT IS 11 A.M. EST. 2.This is a NON SMOKING boat. 3.We will not rent to vacationing students or singles under 25 years of age  unless accompanied by an adult guardian or parent. 4.DAMAGE WAIVER- A damage waiver of $39 is required. The waiver offers up to $1500 of insurance against accidental damage. You will not be held responsible for damage incurred provided the following provisions are met: (website hidden) intentional damage is done to the boat or its contents.  (website hidden) charges are incurred due to contraband, pets or collection of rents or services rendered during the stay. 3.All debris, rubbish and discards are placed in the properly bagged, and soiled dishes are placed cleaned. 4.All keys are left on the kitchen table and unit is left locked. (website hidden) linens are lost or damaged. (website hidden) Early check-in or late check-out, unless approved in advance. 5.PAYMENT - An advance payment equal to 50% of the total is re",Brooklyn,negative availability_365
8341403,One Bedroom Apartment In Astoria,32349143151,unconfirmed,Emmanuel,Queens,Astoria,40.76047,-73.92288,United States,US,true,strict,Entire home/apt,2022,178.0,36.0,1,0,,,5,1,-10,,Queens,negative availability_365
9073753,COLUMBIA PRESBYTERIAN MED CTR *1 Bedroom* Apt,74704871600,unconfirmed,Juliana,Manhattan,Washington Heights,40.84098,-73.94085,United States,US,true,strict,Entire home/apt,2021,1056.0,211.0,30,7,2018-12-01,0.18,3,34,-6,"1.Check-ins Monday – Friday will preferably only happen between 6pm – 10:30pm because we work full-time. However, exceptions can be made. If you really need to check in at another time we are flexible and can try to coordinate accordingly.   2.We are only renting the bottom floor where the private room and bathroom is. The rest of the house is off limits for short stays. If you are staying for more than 1 week and would like to have access to cooking and other areas of the house please let us know. We are pretty easy going.  3.No smoking, No animals, No house parties.  4.The maximum number of guests allowed in this room is two. (Both have to be registered on the original reservation). Surprise additional guests are not allowed.  5.We are trustworthy, clean and respectful and expect our guests to be the same.  6.This is a calm, quiet neighborhood, so we ask that guests please adjust their volumes accordingly.  7.I ask that guests leave rooms the same way they found them, making sure to ",Manhattan,negative availability_365
9322288,East Village Apt with Balcony,79374042791,unconfirmed,Avir,Manhattan,Gramercy,40.73477,-73.98069,United States,US,false,flexible,Shared room,2021,282.0,56.0,1,0,,,2,1,-5,"Please no smoking or pets. You are welcome to use our cookware, dishes and utensils. We just ask that you are respectful of the things in the apartment. ",Manhattan,negative availability_365
5444590,Studio steps from park & train!,72816007711,unconfirmed,Alexandra,Manhattan,Upper West Side,40.77889,-73.98155,United States,US,true,moderate,Entire home/apt,2007,1114.0,223.0,2,1,2015-05-22,0.02,4,1,-10,"No street shoes in the house, please, but especially not in the bedrooms. We recycle - make sure you do too while you're here. It's single stream so very easy -ask if you're not sure how it works. Check-in and check-out times are flexible all days except Sunday where check-out is by 11 a.m.",Manhattan,negative availability_365
5105477,The TriBeCa Apartment — Spacious Living with View,17797027149,verified,Ross,Manhattan,Tribeca,40.71966,-74.00984,United States,US,true,strict,Entire home/apt,2004,872.0,174.0,1,50,2019-06-30,1.07,4,1,-4,,Manhattan,negative availability_365
48752089,Nolita/Soho - Quiet 1 Bedroom in Great Location!,34823272853,unconfirmed,Owen,Manhattan,Nolita,40.72271,-73.99518,United States,US,true,strict,Entire home/apt,2013,78.0,16.0,4,11,2018-05-19,0.29,1,1,-10,,Manhattan,negative availability_365
47636443,COLUMBIA PRESBYTERIAN MED CTR *1 Bedroom* Apt,77291390976,verified,Juliana,Manhattan,Washington Heights,40.84098,-73.94085,United States,US,false,moderate,Entire home/apt,2021,1056.0,211.0,30,7,2018-12-01,0.18,3,34,-6,"1.Check-ins Monday – Friday will preferably only happen between 6pm – 10:30pm because we work full-time. However, exceptions can be made. If you really need to check in at another time we are flexible and can try to coordinate accordingly.   2.We are only renting the bottom floor where the private room and bathroom is. The rest of the house is off limits for short stays. If you are staying for more than 1 week and would like to have access to cooking and other areas of the house please let us know. We are pretty easy going.  3.No smoking, No animals, No house parties.  4.The maximum number of guests allowed in this room is two. (Both have to be registered on the original reservation). Surprise additional guests are not allowed.  5.We are trustworthy, clean and respectful and expect our guests to be the same.  6.This is a calm, quiet neighborhood, so we ask that guests please adjust their volumes accordingly.  7.I ask that guests leave rooms the same way they found them, making sure to ",Manhattan,negative availability_365
6735315,Cozy Room with private balcony close to La Guardia,67483037200,unconfirmed,Andres And Salina,Queens,East Elmhurst,40.75712,-73.89365,United States,US,false,flexible,Private room,2009,423.0,85.0,2,25,2019-07-06,0.54,3,1,-9,,Queens,negative availability_365
10088880,"Gigantic Apartment, Fun Roommates, Best Location!",47979059151,verified,Ben,Manhattan,Two Bridges,40.71141,-73.99408,United States,US,true,moderate,Private room,2007,192.0,38.0,3,0,,,2,1,-1,,Manhattan,negative availability_365
1457536,Room next to Columbia Uni.,33576348985,unconfirmed,Hunt,Manhattan,Harlem,40.80497,-73.95146,United States,US,false,flexible,Entire home/apt,,946.0,189.0,1,0,,,4,1,-9,"No Smoking,  Respect for other guests and neighbors.  Well behaved children only.  Limit noise after 10pm.  Please do dishes/run dishwasher prior to departure.   Parking is available on Linwood and Gardner streets 24 hours.    No parking is permitted on Centre Place.",Manhattan,negative availability_365
7610158,Sunny Bedroom in Park Slope,87946956073,unconfirmed,Jason,Brooklyn,South Slope,40.66641,-73.99078,United States,US,true,moderate,Private room,2003,1108.0,222.0,3,7,2018-04-01,0.16,5,2,-6,"Please be respectful of our neighbors and keep voices, music, etc at a reasonable volume.  Please be tidy and take good care of our home. No shoes on the area rug, be neat with food and drink.",Brooklyn,negative availability_365
5752221,"Nice, cozy double size bedroom",47403371801,unconfirmed,Martin,Manhattan,Washington Heights,40.83721,-73.93894,United States,US,true,flexible,Private room,2012,864.0,173.0,4,0,,,1,1,-8,"No smoking. No pets. No drugs. No parties. Quiet hours after 9pm.  Tenants' belongings are not covered under our insurance. We recommend that you obtain renter's insurance as we are not responsible for your belongings. We care for this apartment as if it were our own home.  This is a family neighborhood and a quiet/respectful one.  This home was built prior to 1978 and according to MA Lead Law notification, we have to inform our renters that there is a possibility of lead paint.  Kindly do not eat the walls.  Check-in Time: 3:00 PM  Checkout Time: 11:00 AM  To ensure your safe deposit returned on time, please follow your checkout duties: - Wash and put away dishes OR start the dishwasher! - Double bag the trash and we will take it out! - We will strip the sheets and wash the towels! Thank you so much!",Manhattan,negative availability_365
48110317,Sunny Spacious South Slope Studio,69378237828,unconfirmed,Jason,Brooklyn,Sunset Park,40.66248,-73.99667,United States,US,false,strict,Entire home/apt,2018,337.0,67.0,2,3,2017-01-13,0.1,4,1,-7,"No pets or smoking allowed any where on the premises.  Check-in is at 4:00 pm or later and check out is at 11 am.  After hours self check-in is available but MUST be PER-ARRANGED with host in advance. Bag storage is extra as are early check-in and late check out when possible. Guest are expected to be respectful of others in the building, neighbors, and the property.",Brooklyn,negative availability_365
5048590,Full Apt. in PRIME Williamsburg!,46256115189,verified,Brett,Brooklyn,Williamsburg,40.71475,-73.95557,United States,US,false,moderate,Entire home/apt,2014,884.0,177.0,4,1,2015-03-14,0.02,5,1,-9,"Please care for our home as you would your own. This is not a vacation rental, it is our real home :)  Upon your departure please load and run the dishwasher, and take out your garbage and recycling. Instructions will be provided for you.",Brooklyn,negative availability_365
47624293,Sunny & Spacious 1br Lower East Side Apartment,8143571597,unconfirmed,Peter,Manhattan,Chinatown,40.71659,-73.98949,United States,US,true,moderate,Entire home/apt,2018,266.0,53.0,3,92,2019-07-06,2.28,5,1,-5,,Manhattan,negative availability_365
5268406,Doorman buildng studio-East Village,93059606632,verified,Ami,Manhattan,East Village,40.72956,-73.98613,United States,US,false,strict,Entire home/apt,2020,405.0,81.0,5,3,2016-01-20,0.07,1,1,-5,"House Rules 1. Check-in is 4 pm local time. If the unit is ready earlier, we’ll let you know. Check-out is normally 11 am local time, but we’d be happy to extend it as long as we don’t have a cleaning scheduled. Just let us know.  2. All bookings require a security deposit of at least $300, which will be refunded within 7 days of your check-out. 3. For security measures we require all guests to provide proof of identification through ID verification on our own website. In order to check in we'll need a photo of your ID.  4. Our cancellation policy is as shown on our ad and defined by the site you are booking through.  5. Don’t let $300 go up in smoke. There's no smoking allowed in any Flatbook and a $300 fine for breaking this rule.  6. Unfortunately we don’t allow pets in any of our apartments. 7. Unless you’re staying in one of our specialty apartments, we don’t allow parties or excessive noise. 8. If we find the place very messy, we have to charge an extra $40 for every extra hour o",Manhattan,negative availability_365
1786154,Private bedroom in a 2-fam house for solo traveler,2100925850,unconfirmed,Tony,Queens,Sunnyside,40.73607,-73.92439,United States,US,false,strict,Private room,2004,281.0,56.0,3,1,2018-06-04,0.08,1,1,-8,,Queens,negative availability_365
48905077,Comfortable 2 BR in East Village/Cooper Square,66319244844,unconfirmed,Cooper,Manhattan,East Village,40.72627,-73.99145,United States,US,true,moderate,Entire home/apt,2005,335.0,67.0,3,27,2019-04-23,0.76,5,1,-4,No Smoking in the Apartment.  Pretty laid back home here with two cats that have free reign.  Not a huge place so don't party here. Social & Respectful w/ cleaning after ourselves.  Respecting quiet at night.,Manhattan,negative availability_365
2252296,Private RM 15min from the Manhattan,58539205106,unconfirmed,Edward,Queens,Astoria,40.75959,-73.90835,United States,US,false,flexible,Private room,2004,1085.0,217.0,1,136,2019-06-23,1.81,3,2,-6,#NAME?,Queens,negative availability_365
3307741,"Charming studio, great location!!!",39729494029,unconfirmed,Monica,Brooklyn,Williamsburg,40.70666,-73.9506,United States,US,false,moderate,Entire home/apt,2016,994.0,199.0,2,2,2015-04-14,0.03,5,1,-9,Parties and smoking are not allowed under any circumstances and incur significant fees. Pets may be considered with pre-approval and an additional pet fee.,Brooklyn,negative availability_365
47489532,Midtown Manhattan Hideaway,59877688957,unconfirmed,Jase,Manhattan,Hell's Kitchen,40.75577,-73.99466,United States,US,true,strict,Entire home/apt,2022,1036.0,207.0,2,205,2019-06-20,5.83,3,1,-2,"Arrival time can be no later than 10:00PM. No visitors allowed at anytime without prior approval. Overnight guests are only allowed as part of the reservation. Never more than 2 people in this room.  No smoking. 11:00 PM is quiet time while watching private room tv is acceptable. No eating meals in the room. It's too small, you'll see what I'm saying, and there's a nice dining table for that. Small snacks are fine. If you cook and/or uses dishes and utensils then please clean them so someone else can use them. Do not leave anything uncleaned in the sink overnight. Shared areas of the home are expected to be maintained after you use them. There are no room services provided other than normal cleaning. Closet and dresser space is provided for your clothes.",Manhattan,negative availability_365
7486443,The BEST LOCATION in MANHATTAN!,75795584045,unconfirmed,Kira,Manhattan,Gramercy,40.7356,-73.99049,United States,US,true,strict,Entire home/apt,2022,493.0,99.0,1,188,2018-11-20,4.19,2,1,-5,"No smoking in the apartment, in the foyer or outside the building at any time. No pets. No parties.",Manhattan,negative availability_365
3496075,Amazing 1BD! Renovated Col Circle!!,17254058084,unconfirmed,Mike,Manhattan,Hell's Kitchen,40.76745,-73.98489,United States,US,false,strict,Entire home/apt,2008,375.0,75.0,30,8,2018-08-15,0.2,2,52,-5,Kindness and courtesy appreciated. Non-dishwasher safe: pots & pans knives Water filter in the refrigerator Recycling placed between kitchen counter and living room next to the counter,Manhattan,negative availability_365
7674777,"Sunny, Near Times Sq & Central Park",57707303332,verified,Zachary,Manhattan,Hell's Kitchen,40.76646,-73.9929,United States,US,false,strict,Entire home/apt,2007,602.0,120.0,1,0,,,1,2,-4,#NAME?,Manhattan,negative availability_365
1079763,"Sun-drenched, artsy modernist 1 BDRM duplex",83716006050,unconfirmed,Kellan,Brooklyn,Williamsburg,40.71561,-73.94835,United States,US,true,moderate,Entire home/apt,2004,658.0,132.0,,10,,0.1,5,1,-2,Quiet after 11pm.  Other guests sleeping.,Brooklyn,negative availability_365
3969949,Private sunny room in Harlem house w/garden,86683185719,unconfirmed,Nora,Manhattan,Harlem,40.81419,-73.94717,United States,US,false,strict,Private room,2005,626.0,125.0,4,27,2018-10-29,0.46,1,1,-3,"House rules: Guests agree to the following terms and conditions 1.Guest(s) agree to NO PARTIES anywhere on the property. Legal action will be taken for parties that cause damages to the unit, property, reputation, or relationship with building staff or other residents.  2.Smoking of any kind is not permitted in the unit or on the premises.  3.Guests agree to abide by maximum occupancy of unit, and observe quiet hours between 9pm and 9am 4.Guests are responsible for action of ALL GUESTS occupying their unit at all times.  5.Guests agree to return all keys, remotes, and parking passes. Replacement fees may apply for unreturned items 6.Guests understand that onsite building staff (maintenance and concierge) are not affiliated with Jordan or AIRBNB. Please contact me directly for any needed items. 7.Guests understand that no pets are to be in the unit.  8.Guests agree to pay replacement cost for any unreturned items, and $125 per hour fee for unauthorized early checkin or late checkout.  9",Manhattan,negative availability_365
9481350,Cozy Boho Williamsburg Studio,22560663913,verified,Shaye,Brooklyn,Williamsburg,40.71278,-73.949,United States,US,false,flexible,Entire home/apt,2018,823.0,165.0,2,6,2017-10-15,0.15,5,,-3,"--The building has 5 units in total and all other units are occupied by year-round young professionals who work at the local hospitals, law firms, consulting companies and University professors.  Please be mindful of them and act as you would with your year-round neighbors. Please keep quiet, clean and respectful at all hours. --Absolutely NO SMOKING, of any kind, in the apartment or the building's stoop. There is a park with benches across the street if you must have a smoke.",Brooklyn,negative availability_365
9100263,Private room in Midtown East Manhat,37297274867,verified,Johann,Manhattan,Midtown,40.75438,-73.96576,United States,US,true,moderate,Private room,2016,431.0,86.0,4,0,,,1,1,-4,,Manhattan,negative availability_365
8409336,Modern 1-Bedroom Downtown,46127204947,unconfirmed,Jason,Manhattan,Financial District,40.70938,-74.01371,United States,US,true,flexible,Entire home/apt,2005,93.0,19.0,2,0,,,5,1,-3,,Manhattan,negative availability_365
5382180,"Historic, Sunny Prospect Park Apt!",27756455898,verified,Kim,Brooklyn,Prospect-Lefferts Gardens,40.6586,-73.96104,United States,US,true,strict,Private room,2008,952.0,190.0,3,4,2019-01-01,0.22,1,1,-2,Please treat the home like it was your own.  No smoking or pets allowed.,Brooklyn,negative availability_365
10407557,West Chelsea 1 bedroom 2 bathroom outdoor space.,93558553125,verified,Alison,Manhattan,Chelsea,40.74584,-74.00279,United States,US,true,flexible,Entire home/apt,2004,651.0,130.0,14,0,,,5,1,-7,- $20 per extra person. Maximum 2 person for attic room.,Manhattan,negative availability_365
48040175,Hawai memories,32092170444,unconfirmed,Rich,Brooklyn,Cypress Hills,40.68615,-73.87646,United States,US,false,moderate,Private room,2005,571.0,114.0,3,32,2019-06-04,0.81,1,3,-1,,Brooklyn,negative availability_365
7390342,1 Bedroom in the heart of Greenwich Village / SoHo,95553147512,verified,Dan,Manhattan,Greenwich Village,40.72744,-73.99979,United States,US,true,moderate,Entire home/apt,2010,599.0,120.0,3,2,2017-11-25,0.1,3,1,-5,"Please read the house manual along with the directions... You have plenty of liberty to do as you wish within the space. I will most likely exchange keys in person when arriving. If I'm not around, I'll be confirming the steps to exchange the keys. *As a visitor, if requested by the front desk... you might have to check-in at the lobby counter.",Manhattan,negative availability_365
6697206,Bright Comfy Studio!,97992967882,verified,Adrienne,Manhattan,Upper West Side,40.777,-73.97708,United States,US,false,strict,Private room,2012,283.0,57.0,1,8,2017-07-30,0.17,2,1,-3,"We expect guests to be mindful of the neighbors, especially during evening hours.",Manhattan,negative availability_365
10037516,"One BR upper east, walk out to garden",56107517237,unconfirmed,Kyle,Manhattan,Upper East Side,40.77626,-73.94693,United States,US,true,flexible,Private room,2004,798.0,160.0,1,2,2016-06-13,0.05,5,1,-3,,Manhattan,negative availability_365
7188753,1 bedroom in nyc,85696311431,unconfirmed,Denetrias,Manhattan,Hell's Kitchen,40.76366,-73.98849,United States,US,true,flexible,Entire home/apt,2016,665.0,133.0,1,0,,,2,1,-4,,Manhattan,negative availability_365
5643970,Studio Apt With Backyard,77352863939,verified,Danny And June,Brooklyn,Clinton Hill,40.69298,-73.96851,United States,US,true,flexible,Entire home/apt,2011,154.0,31.0,1,179,2019-06-15,3.56,1,2,-2,No Smoking,Brooklyn,negative availability_365
3260795,Cozy Private Room Upper West Side - with Deck!,61253201088,unconfirmed,Ronnie,Manhattan,Upper West Side,40.79827,-73.96881,United States,US,true,moderate,Private room,2011,1106.0,221.0,1,254,2019-06-23,4.02,4,1,-4,"• Check-in time is 3PM. This is a non-smoking apartment  No pets No loud music No Party 21+ guests only, unless accompanied by an adult who is 21+",Manhattan,negative availability_365
48438935,Artist Apartment in Park Slope,96116578872,unconfirmed,Erica,Brooklyn,South Slope,40.6617,-73.98221,United States,US,true,flexible,Private room,2020,116.0,23.0,14,8,2016-09-07,0.21,1,1,-4,,Brooklyn,negative availability_365
6073107,Beautiful Brooklyn Brownstone,68582965292,verified,Megan,Brooklyn,Bedford-Stuyvesant,40.6811,-73.95275,United States,US,true,moderate,Private room,2004,441.0,88.0,1,0,,,2,1,-6,"Use of all of kitchen except gas stove/oven. There is a microwave, sink, plates and all other basic kitchen utensils. No fire or lit candles.",Brooklyn,negative availability_365
4976239,"Small, Comfortable Bedroom w/Private Bathrm for 2",19763354950,unconfirmed,Stephanie,Manhattan,Hell's Kitchen,40.76432,-73.98599,United States,US,false,flexible,Private room,2020,732.0,146.0,2,195,2019-06-28,3.69,5,1,-1,"LAUNDRY - Laundry can be done by the visitor before 10 pm, preferably on weekends. - Please provide your own detergent and fabric conditioner. Keep the machine clean and remember to clean the filter before and after use. - Please ask hosts to teach you how to operate the machines if you are not familiar with it. - Please limit your load and washes as not to overload the machine. - One wash per week will be ideal. HOUSEKEEPING - The bedrooms shall be kept clean and tidy by the visitor. - Please be respectful of others and keep the bathroom clean – do not leave dirty clothes and trash lying around. - Each visitor is responsible for cleaning their own dirty dishes and throwing their own trash in the garbage bin outside. - Please provide your own toiletries such as bath soap, shampoo and toothpaste.  KITCHEN USE  - We are sharing our kitchen and kitchenware stuff. Please make sure to take care of them and make sure you clean, dry and put them back where you found them. If you are cooking, ",Manhattan,negative availability_365
7147330,Sunny Bedroom with a huge window,91256746996,verified,Mariana,Manhattan,Washington Heights,40.84957,-73.93959,United States,US,true,moderate,Private room,2008,793.0,159.0,3,6,2018-02-19,0.13,2,1,-4,"- Maximum number of guests at any time is 2 adults - No cigarette smoking inside - Please do not take food/beverages unless otherwise noted (but you can use any equipment in the kitchen) - Pets may be accepted on a case by case basis for an additional fee (Note that we have one cat and one (large, chill) therapy dog)",Manhattan,negative availability_365
47884978,East Village Apt with Balcony,98756296794,unconfirmed,Avir,Manhattan,Gramercy,40.73477,-73.98069,United States,US,true,strict,Shared room,2021,282.0,56.0,1,0,,,2,1,-5,"Please no smoking or pets. You are welcome to use our cookware, dishes and utensils. We just ask that you are respectful of the things in the apartment. ",Manhattan,negative availability_365
8492733,Studio Apartment,91146276680,verified,Janine,Manhattan,East Village,40.72747,-73.98833,United States,US,false,moderate,Entire home/apt,2004,70.0,14.0,5,2,2016-01-17,0.05,2,1,-1,,Manhattan,negative availability_365
9418940,"Cozy, boho room in heart of Bedstuy",40692591535,unconfirmed,Liz,Brooklyn,Bedford-Stuyvesant,40.6848,-73.93471,United States,US,true,moderate,Private room,2016,803.0,161.0,1,2,2016-05-12,0.05,3,2,-7,,Brooklyn,negative availability_365
3938467,Large Sunny Nicely Furnished Studio,34288083864,unconfirmed,Kim,Manhattan,Washington Heights,40.83818,-73.94303,United States,US,true,strict,Entire home/apt,2003,498.0,100.0,1,0,,,4,1,-8,"No smoking or pets, please.",Manhattan,negative availability_365
48498031,Cozy apartment in Noho/ Soho,65543996034,unconfirmed,Nika,Manhattan,Greenwich Village,40.72617,-73.99658,United States,US,true,moderate,Private room,2016,872.0,174.0,1,2,2016-06-13,0.05,4,1,-9,Please respect and take care of this lovely space. :),Manhattan,negative availability_365
5162364,Private Cozy Room in Crown Heights,34529975693,unconfirmed,Tommy,Brooklyn,Crown Heights,40.67413,-73.95916,United States,US,true,flexible,Private room,2003,884.0,177.0,3,54,2019-01-27,1.18,1,2,-10,"The usual ""social code"": There are three of us altogether in the apartment -- myself and two others, usually housemates, though one of the bedrooms may also be occupied by another guest -- so use of the bathroom should be considerate of others' needs as well.   Quiet is appreciated before 8:00 AM and after 10:00 PM.  You are more than welcome to use the kitchen for preparing food; we would ask only that you leave it in the condition you would wish to find it.  Smoking allowed on deck. *Good communication is essential to ensure everyone is contented.",Brooklyn,negative availability_365
1095227,New York room with a view,95792367490,,Dexter,Staten Island,St. George,40.64524,-74.08088,United States,US,true,strict,Private room,2003,1015.0,203.0,131,166,2019-06-13,1.66,4,1,-1,"Please tell me about who you will be traveling with and your purpose for the trip. I will accept adults traveling with a child over 7 years old. But I do not accept more than 2 guests at a time. So 1 adult and 1 child is fine. Are you traveling for work, visiting friends in this area, or a tourist on vacation? This is a friendly house hold, reasonably quiet. You will have to pass through our part of the house in order to get to the third floor. We expect guests to be reasonably quiet coming in and out before (9AM and after 10PM. Kindly remove your shoes as well.  No smoking. No pets. For safety reasons please do not invite other people to our place without permission. There is a fire ladder under the bed in the bedroom, as a second means of egress.  Please recycle. I will provide a paper bag for you to put your recycled items in. For summer months, there are two AC units provided. PLEASE keep doors and windows closed whenever you are using the AC. Otherwise please shut the AC off, if y",Staten Island,negative availability_365
6896586,Cute East Village 2 Bedroom Apt.,6315352790,unconfirmed,Amy,Manhattan,East Village,40.72504,-73.97905,United States,US,false,flexible,Entire home/apt,2004,381.0,76.0,1,146,2019-06-19,3.14,5,1,-10,,Manhattan,negative availability_365
8228734,Modern sunny Wall St. apartment,86128482758,unconfirmed,David,Manhattan,Financial District,40.70844,-74.0124,United States,US,true,flexible,Entire home/apt,2019,601.0,120.0,3,1,2016-01-01,0.02,5,1,-4,,Manhattan,negative availability_365
4059973,SPACIOUS STUDIO-HIGH END FINISHES,24171747658,unconfirmed,Patricia,Manhattan,Harlem,40.81586,-73.94117,United States,US,true,moderate,Entire home/apt,2022,1083.0,217.0,5,91,2019-06-17,1.63,5,2,-7,"WHEN BOOKING, PLEASE PROVIDE THE FOLLOWING IN YOUR MESSAGE to me:  - 1. Total number of guests (adults, children, babies)? Are there any elderly or children under 18? If so, what are their ages?  - 2. Arrival Date AND Time of Check In? (Check In between 2 pm and 9 pm with some leniency)  - 3. Departure Date (Check out before 12 pm/noon ideally)  - 4. Please tell me a little about yourselves and the purpose of your trip.  - 5. What Other Needs or Special Requests or Extra Options (please read below for additional options and possible related additional fees).  ------  PLEASE NOTE THE FOLLOWING BEFORE REQUESTING A BOOKING:  * I will reply as soon as possible to let you know if my apartment will be available for ALL your needs.  - 1. We are happy to host Friendly, Neat, Low-Maintainence Adults & Well-Behaved Children.  ---- All cookware and utensils in the kitchen are at your disposal. There will be water (brita) and basic condiments provided for you. We ask that you rinse whatever dishes",Manhattan,negative availability_365
10154604,Murray Hill Modern 1 bedroom (B),92323814079,verified,CRNY Monthly Rentals,Manhattan,Midtown,40.74569,-73.98192,United States,US,false,flexible,Entire home/apt,2018,952.0,190.0,30,2,2018-07-03,0.07,1,31,-9,,Manhattan,negative availability_365
6389575,"Charming cozy bedroom, Downtown",16986244531,unconfirmed,Monte,Manhattan,Battery Park City,40.71011,-74.01457,United States,US,true,strict,Private room,2005,362.0,72.0,2,31,2016-06-26,0.65,2,1,-1,No shoes inside the house,Manhattan,negative availability_365
4734332,Well-kept Studio/♥ of Chelsea,47505695676,verified,Ra-Ey,Manhattan,Chelsea,40.74583,-74.00405,United States,US,true,moderate,Entire home/apt,2012,259.0,52.0,3,7,2017-07-12,0.13,1,1,-9,No pets. No smoking.,Manhattan,negative availability_365
7194276,Spacious Room in Hell's Kitchen!!,63726239924,verified,Niki,Manhattan,Hell's Kitchen,40.76443,-73.99219,United States,US,true,strict,Private room,2009,1077.0,215.0,3,17,2017-01-02,0.4,4,2,-7,"Please be mindful that I live in the same building. If you break these rules, I will probably know about it. I have had the rare guests that caused problems, so I do take the rules quite seriously.   All guests must be OVER 21 years old to stay.  No parties and/or visitors. Do not bring your own guests or visitors over. Do not show up with your friends/family that are in the area. The only people allowed in the listing are the guests (2 adults max, including yourself) that are included in your reservation. You can not bring anyone else over, even if it's just for a few minutes. No exceptions, so please don't ask. I'm picky about this rule because I have had college kids try to book this place for parties and gatherings.  Please turn off the AC and lights when you go outside. Please be respectful of the neighbors and the listing. This isn't a place to be rowdy. No smoking anywhere. Please no e-cig/vaping either. No candles, incense or other open flames Please do not move or rearrange th",Manhattan,negative availability_365
2825031,Exposed Brick Wall Bedroom,16173727204,unconfirmed,Eva,Manhattan,SoHo,40.72493,-74.00193,United States,US,true,strict,Private room,2020,978.0,196.0,2,191,2019-06-23,2.81,5,1,-10,#NAME?,Manhattan,negative availability_365
6762930,Floor 35th in the heart of New York,47465392803,verified,Ricardo,Manhattan,Theater District,40.7566,-73.98329,United States,US,false,flexible,Entire home/apt,2019,127.0,25.0,3,109,2019-06-02,2.37,4,1,-9,,Manhattan,negative availability_365
4144475,Spacious room in Bed-Stuy,93770225681,verified,Theodore,Brooklyn,Bedford-Stuyvesant,40.68514,-73.93207,United States,US,true,moderate,Entire home/apt,2022,580.0,116.0,1,0,,,1,2,-3,$1000 refundable security deposit and $150 cleaning fee due at move-in. NO Smoking and NO pets. $100 move in fee charged by the building Check-in after noon and before 7pm. After 7pm $50 fee. No move-ins after midnight. Check-out 11am. ,Brooklyn,negative availability_365
3474535,Cute and cozy in Manhattan,24738559632,unconfirmed,Edmi,Brooklyn,Navy Yard,40.70481,-73.97755,United States,US,true,strict,Entire home/apt,2004,240.0,48.0,2,3,2017-04-22,0.1,1,1,-1,Shoes-off home [tray provided] Respectful Friendly Quiet No smoking of any substance(s) on the property No pets Leave things as they were found Clean up after yourself Reminder: Rest of unit (main kitchen & living room not available to guests) Guests may not have additional guests without clearing them with Celia [or Jonathan].,Brooklyn,negative availability_365
5624639,Forest Hills home shares its breathtaking beauty,22900968678,verified,Nate,Queens,Forest Hills,40.71345,-73.85658,United States,US,false,moderate,Entire home/apt,2016,387.0,77.0,2,44,2019-06-30,0.91,4,1,-10,,Queens,negative availability_365
6173073,Quiet 1 bedroom near Fort Greene Park,61583897669,unconfirmed,Allison,Brooklyn,Fort Greene,40.68726,-73.97616,United States,US,true,moderate,Entire home/apt,2018,1119.0,224.0,1,9,2019-06-15,0.41,5,1,-8,,Brooklyn,negative availability_365
3124930,Cozy Nook in a Unique Loft,67924756761,unconfirmed,Christopher,Brooklyn,Bushwick,40.69856,-73.93162,United States,US,false,moderate,Private room,2007,709.0,142.0,3,52,2018-01-06,0.8,2,1,-4,"We hope you will be nice to the dogs, quiet in your comings and goings and respectful of our Eco, vegetarian ways. Please take off your shoes when you come in and clean up after yourself.",Brooklyn,negative availability_365
9471409,Flat on President - Private Room,86471671244,unconfirmed,Eric,Brooklyn,Park Slope,40.67719,-73.98142,United States,US,true,strict,Private room,2005,61.0,12.0,1,113,2019-06-16,2.87,1,2,-1,"House Rules 1. Check-in is 4 pm local time. If the unit is ready earlier, we’ll let you know. Check-out is normally 11 am local time, but we’d be happy to extend it as long as we don’t have a cleaning scheduled. Just let us know.  2. All bookings require a security deposit of at least $300, which will be refunded within 7 days of your check-out. 3. For security measures we require all guests to provide proof of identification through ID verification on our own website. In order to check in we'll need a photo of your ID.  4. Our cancellation policy is as shown on our ad and defined by the site you are booking through.  5. Don’t let $300 go up in smoke. There's no smoking allowed in any Flatbook and a $300 fine for breaking this rule.  6. Unfortunately we don’t allow pets in any of our apartments. 7. Unless you’re staying in one of our specialty apartments, we don’t allow parties or excessive noise. 8. If we find the place very messy, we have to charge an extra $40 for every extra hour o",Brooklyn,negative availability_365
8995326,Large 3 Br on Central Park North,17191990143,verified,Ian,Manhattan,East Harlem,40.79766,-73.94756,United States,US,false,flexible,Entire home/apt,2010,890.0,178.0,2,5,2017-07-23,0.13,3,1,-8,,Manhattan,negative availability_365
4247203,A Superhost SALE! DELUXE Room!,89219962720,unconfirmed,Veronica,Brooklyn,Bedford-Stuyvesant,40.69724,-73.94914,United States,US,false,flexible,Private room,2009,1129.0,226.0,,351,2019-06-24,6.09,5,4,-5,No cooking Strictly one guest only,Brooklyn,negative availability_365
2941014,Private Furnished Studio Apartment,27121918691,unconfirmed,Jessica,Manhattan,Upper East Side,40.77452,-73.94951,United States,US,false,strict,Entire home/apt,2018,243.0,49.0,30,26,2019-04-21,0.41,3,1,-3,"Please expect to share the apartment with guests having various backgrounds. Be respectful and decent, also enjoy interacting with each other. Please dress descent in the house especially in and out of the shower.",Manhattan,negative availability_365
6565759,Spacious Pre-War in Crown Heights,47077017089,unconfirmed,Emily,Brooklyn,Crown Heights,40.67517,-73.94421,United States,US,false,strict,Private room,2021,436.0,87.0,1,2,2016-07-04,0.04,2,2,-6,Please keep a tidy ship and be respectful of our neighbors. No smoking No additional guests Quiet hours between 10 pm - 10 am,Brooklyn,negative availability_365
1311176,Bright Modern Charming Housebarge,97069047757,verified,Luke,Brooklyn,Sheepshead Bay,40.58422,-73.94079,United States,US,true,moderate,Entire home/apt,2007,441.0,88.0,4,128,2016-11-15,1.34,2,2,-8,"Please plan to check in after 4 PM and check out before 11AM.  No Smoking, No pets Please No parties and quiet hours after 9 pm Clean dishes   We are not responsible for your belongings. Thank You!",Brooklyn,negative availability_365
3980995,In the heart of Park Slope,52809994998,verified,Eylem,Brooklyn,Park Slope,40.67053,-73.98558,United States,US,false,strict,Private room,2008,737.0,147.0,3,4,2016-09-19,0.07,5,1,-4,,Brooklyn,negative availability_365
4452106,Spacious 2 Bedroom + Study,36167730965,unconfirmed,Nick,Brooklyn,Greenpoint,40.73351,-73.95459,United States,US,false,strict,Entire home/apt,2018,673.0,135.0,3,0,,,1,2,-1,,Brooklyn,negative availability_365
48483672,"Quiet, relaxing room in Greenpoint",9096371422,unconfirmed,Johann,Brooklyn,Greenpoint,40.73356,-73.95808,United States,US,false,flexible,Private room,2020,173.0,35.0,1,2,2016-07-26,0.05,4,1,-8,,Brooklyn,negative availability_365
5478832,"Brooklyn Brownstone, 3-Bdr & Garden",80582478844,unconfirmed,Christine,Brooklyn,Bedford-Stuyvesant,40.68537,-73.95402,United States,US,false,strict,Entire home/apt,2010,400.0,80.0,3,10,2018-11-24,0.2,3,1,-5,"House Rules 1. Check-in is 4 pm local time. If the unit is ready earlier, we’ll let you know. Check-out is normally 11 am local time, but we’d be happy to extend it as long as we don’t have a cleaning scheduled. Just let us know.  2. All bookings require a security deposit of at least $300, which will be refunded within 7 days of your check-out. 3. For security measures we require all guests to provide proof of identification through ID verification on our own website. In order to check in we'll need a photo of your ID.  4. Our cancellation policy is as shown on our ad and defined by the site you are booking through.  5. Don’t let $300 go up in smoke. There's no smoking allowed in any Flatbook and a $300 fine for breaking this rule.  6. Unfortunately we don’t allow pets in any of our apartments. 7. Unless you’re staying in one of our specialty apartments, we don’t allow parties or excessive noise. 8. If we find the place very messy, we have to charge an extra $40 for every extra hour o",Brooklyn,negative availability_365
7583095,Charming Gramercy Studio Furnished,53835848005,verified,Samantha,Manhattan,Gramercy,40.73438,-73.98615,United States,US,true,moderate,Entire home/apt,2004,418.0,84.0,21,0,,,4,1,-9,,Manhattan,negative availability_365
9712212,Entire Times Square 1BD Apartment,37131121658,verified,Judy,Manhattan,Hell's Kitchen,40.75657,-73.9942,United States,US,false,moderate,Entire home/apt,2006,1187.0,237.0,3,59,2019-06-28,1.63,3,1,-10,- Please keep volume to a minimum past 11pm - No smoking -No parties or unexpected guests,Manhattan,negative availability_365
1781736,"Jacuzzi Suite, Minutes to Times Sq.",61767468197,verified,Karl & Catherine,Queens,Long Island City,40.74609,-73.94691,United States,US,false,flexible,Private room,2018,861.0,172.0,1,165,2019-06-22,1.99,5,2,-5,"We expect our guests to behave in a respectful manner and try to limit loud sounds and noises (such as music and/or shouting) in the evening. All animals must be well mannered and guests are expected alert us to any animals they may have with them, so that we can clean properly after departure.",Queens,negative availability_365
7624518,Quiet Upper West Side Private Room,25517699787,unconfirmed,Jesse,Manhattan,Upper West Side,40.7915,-73.97197,United States,US,false,moderate,Private room,2011,104.0,21.0,3,0,,,5,1,-1,,Manhattan,negative availability_365
6977774,W Hotel Style 2 BR w/ Private Patio,32137949758,verified,David,Manhattan,East Village,40.72342,-73.98871,United States,US,true,flexible,Entire home/apt,2015,1095.0,219.0,2,1,2015-09-26,0.02,3,1,-4,"Shoes off please Cat can go in or out as he desires, don't worry if you let him out No smoking No drugs or excessive alcohol No pets Please do not light candles We will provide a small basket for your toiletries to bring to and from the bathroom. Please discuss any guests you bring into the household beyond those on the reservation with Orion. No excessive noise and conversations, particularly in the stairwell. Please do not use space in the kitchen unless you have coordinated with Orion or Hannah. Please do not adjust shower head in bath room. We provide eco friendly cleaning  supplies if you want to clean beyond our regular cleaning schedule.  Please do not use bleach, or clorox.",Manhattan,negative availability_365
4299672,"Lux Baby Friendly Apt, Williamsburg, Brooklyn",43384883962,unconfirmed,Mauricio,Brooklyn,Williamsburg,40.71759,-73.95407,United States,US,true,strict,Entire home/apt,2011,834.0,167.0,5,7,2019-02-18,0.12,3,1,-9,,Brooklyn,negative availability_365
5784254,"Sunny, modern 1 bedroom condo",19649254759,verified,Carly,Brooklyn,Prospect Heights,40.67904,-73.967,United States,US,true,flexible,Entire home/apt,2011,596.0,119.0,2,13,2016-07-04,0.27,2,1,-9,,Brooklyn,negative availability_365
8288935,Comfy room in a loft in  Greenpoint/Williamsburg!,83609333305,unconfirmed,Angelina,Brooklyn,Greenpoint,40.73343,-73.95638,United States,US,true,flexible,Private room,2007,307.0,61.0,3,3,2018-01-16,0.1,4,4,-9,"Please remember that this is a residential building. The building rules, apartment occupancy restrictions and the year-round tenants must be respected.",Brooklyn,negative availability_365
3865012,Missy's Place,19557682517,verified,Melissa,Brooklyn,Bedford-Stuyvesant,40.68667,-73.93897,United States,US,false,moderate,Entire home/apt,2006,495.0,99.0,5,105,2019-06-27,1.77,1,1,-3,No smoking please!,Brooklyn,negative availability_365
5098850,"Studio in heart of Cobble Hill, BK",96169904008,unconfirmed,Nick,Brooklyn,Boerum Hill,40.68607,-73.99048,United States,US,false,strict,Entire home/apt,2003,760.0,152.0,10,3,2015-09-28,0.06,1,1,-5,"No rules per say. I just ask that you respect my friendly ""building mates"" with noise levels. Oh, and no smoking or pets please!",Brooklyn,negative availability_365
8245303,Bright 2 Bdrm Apt in Williamsburg,37531683402,unconfirmed,Jonathan,Brooklyn,Williamsburg,40.71569,-73.93735,United States,US,true,moderate,Entire home/apt,2011,1182.0,236.0,7,0,,,2,1,-10,,Brooklyn,negative availability_365
7319096,Gorgeous Director’s Penthouse,38326461360,verified,Julian,Manhattan,East Village,40.72887,-73.98835,United States,US,false,moderate,Entire home/apt,2020,165.0,33.0,1,0,,,4,1,-3,Please be respectful of the space and building!  No loud noises or extra guests beyond 10pm.,Manhattan,negative availability_365
5096641,High rise building. On 5th Avenue.,10375268584,verified,Jonathan,Manhattan,East Harlem,40.79582,-73.9479,United States,US,true,strict,Entire home/apt,2003,437.0,87.0,2,0,,,4,1,-1,"Rules are detailed in the House Manual, which was emailed to you. There is also a printed copy of the house manual in the condo. Summary: - no guests other than those arranged with host. - no parties. - no smoking. - please be respectful of our neighbors. - please follow the check-out list provided. Failure to follow house rules will result in forfeiture of your security deposit.",Manhattan,negative availability_365
1738104,SOHO/VILLAGE CHARMING STUDIO,64578787226,verified,Anna,Manhattan,Greenwich Village,40.72692,-73.99948,United States,US,false,flexible,Entire home/apt,2013,384.0,77.0,30,110,2019-04-02,1.3,4,1,-6,"We need to know your arrival time ALMOST 2 days before your arrival, as we need to plan arrivals and cleaning, so it's to guarantee you that you will find the flat clean and ready at your arrival. - Check out is 10:00am and if you will be late, we can charge a late check out fee (min $25) and any damage that your delay can cause to the incoming guest or to the cleaning service. - Smoking is not allowed as are loud noises after 10pm or before 9am. - Guests are not allowed to have extra guests. - A regular check out cleaning is included in the price but it doesn't mean that we will wash your dishes or pick up the garbage all around the house, so please use the trash bin and clean after using the kitchen, if not we will take pictures and charge you the extra cleaning. - There is no daily cleaning service during your stay or any change of linen/towels if you're staying more than 3 nights we can agree a change of towels (only), just ask us in advance. We're here to do the best for our guest",Manhattan,negative availability_365
2087158,Very Large Private Room on quiet st,65735784853,verified,Douglas,Bronx,Mount Eden,40.84058,-73.91382,United States,US,false,strict,Private room,2003,364.0,73.0,2,291,2019-06-20,3.69,3,1,-9,"Sorry, but no pets or smoking.",Bronx,negative availability_365
8012232,Spacious duplex in Bed Stuy,25463208896,unconfirmed,John,Brooklyn,Bedford-Stuyvesant,40.69616,-73.94737,United States,US,false,flexible,Private room,2006,371.0,74.0,1,2,2016-06-27,0.05,2,1,-5,Check In time :    3 pm Check out time : 12 pm quiet enjoyment No pets Nonsmoking No more than 4 people staying at the apartment unless disclosed and approved Extra person charge $75 per night Please be neat treat it like you would your home,Brooklyn,negative availability_365
8700950,Large Private 2BR Apartment by Park,63559641177,verified,Mark,Brooklyn,Fort Greene,40.68983,-73.97327,United States,US,true,moderate,Entire home/apt,2017,488.0,98.0,1,75,2019-05-11,1.81,1,1,-3,,Brooklyn,negative availability_365
8568398,FAMILY FRIENDLY 3BR DUPLEX,19141825724,unconfirmed,(Email hidden by Airbnb),Brooklyn,Clinton Hill,40.68274,-73.96367,United States,US,false,strict,Entire home/apt,2011,168.0,34.0,1,5,2016-08-23,0.14,5,1,-8,,Brooklyn,negative availability_365
6169759,Sunny East Village Nest,27356069797,verified,Juju,Manhattan,East Village,40.72299,-73.97756,United States,US,true,flexible,Entire home/apt,2016,494.0,99.0,3,9,2019-01-25,0.19,1,1,-4,"Please remember that this is a residential building. The building rules, apartment occupancy restrictions and the year-round tenants must be respected.  Parties, pets and smoking are not allowed under any circumstances and incur significant fees. ",Manhattan,negative availability_365
1836414,Beautiful West Village 1 BR apartment,87472127258,unconfirmed,Jeff,Manhattan,West Village,40.73477,-74.00275,United States,US,false,moderate,Entire home/apt,2007,600.0,120.0,14,37,2019-06-08,0.46,3,1,-3,,Manhattan,negative availability_365
9163778,Charming 1BR Apt in LES Side,23282551101,unconfirmed,J. Ryan,Manhattan,Lower East Side,40.72025,-73.98372,United States,US,true,flexible,Entire home/apt,2005,785.0,157.0,2,3,2016-05-08,0.07,2,1,-9,,Manhattan,negative availability_365
3070252,Sunny and Bright 1BR Factory Loft,97137516114,unconfirmed,Vida,Brooklyn,Greenpoint,40.72599,-73.94172,United States,US,true,flexible,Entire home/apt,2010,146.0,29.0,30,4,2019-04-20,0.09,1,52,-10,"Please care for our home as you would your own. This is not a vacation rental, it is our real home :)  Upon your departure please load and run the dishwasher, and take out your garbage and recycling. Instructions will be provided for you.",Brooklyn,negative availability_365
9101368,Super Cute and Sunny Studio,66232080646,unconfirmed,Hailey,Manhattan,Washington Heights,40.85043,-73.936,United States,US,true,flexible,Entire home/apt,2012,523.0,105.0,4,0,,,1,1,-8,,Manhattan,negative availability_365
7833839,Lovely studio in East Village,37627049605,unconfirmed,Sonja,Manhattan,East Village,40.7229,-73.98414,United States,US,true,flexible,Entire home/apt,2017,1089.0,218.0,3,31,2019-02-16,0.73,2,1,-4,No smoking in the apartment.,Manhattan,negative availability_365
47664058,Super Cute and Sunny Studio,19785448616,verified,Hailey,Manhattan,Washington Heights,40.85043,-73.936,United States,US,false,strict,Entire home/apt,2012,523.0,105.0,4,0,,,1,1,-8,,Manhattan,negative availability_365
7015883,Private Rm in Cozy Williamsburg Apt,26295252055,unconfirmed,Nelly,Brooklyn,Williamsburg,40.71602,-73.94645,United States,US,false,moderate,Private room,2006,248.0,50.0,3,1,2017-10-10,0.05,4,1,-9,"- NO parties or events. -NO smoking inside. You are welcome to smoke outside. -We ask guests to maintain a low noise level after 10pm and be respectful of noise levels during the day. You are welcome to have a few friends over for dinner but no loud music. -NOTHING but toilet paper and human waste in the toilet.  -Hair dyeing are not allowed in the apartment as the wood, furniture and bathroom sink can stain very easily. -All overnight guests must be booked through Airbnb.  Enjoy yourself!  Ask us for anything you may need while you're here! We will do our best to help.",Brooklyn,negative availability_365
3588309,Spacious and Sunny 1BDR Astoria NYC,5445802634,verified,Michelle,Queens,Astoria,40.7631,-73.92262,United States,US,true,strict,Private room,2009,674.0,135.0,3,25,2016-07-30,0.41,5,1,-7,"House Rules 1. Check-in is 4 pm local time. If the unit is ready earlier, we’ll let you know. Check-out is normally 11 am local time, but we’d be happy to extend it as long as we don’t have a cleaning scheduled. Just let us know.  2. All bookings require a security deposit of at least $300, which will be refunded within 7 days of your check-out. 3. For security measures we require all guests to provide proof of identification through ID verification on our own website. In order to check in we'll need a photo of your ID.  4. Our cancellation policy is as shown on our ad and defined by the site you are booking through.  5. Don’t let $300 go up in smoke. There's no smoking allowed in any Flatbook and a $300 fine for breaking this rule.  6. Unfortunately we don’t allow pets in any of our apartments. 7. Unless you’re staying in one of our specialty apartments, we don’t allow parties or excessive noise. 8. If we find the place very messy, we have to charge an extra $40 for every extra hour o",Queens,negative availability_365
48034099,Flat on President - Private Room,89527836633,unconfirmed,Eric,Brooklyn,Park Slope,40.67719,-73.98142,United States,US,true,strict,Private room,2005,61.0,12.0,1,113,2019-06-16,2.87,1,2,-1,"House Rules 1. Check-in is 4 pm local time. If the unit is ready earlier, we’ll let you know. Check-out is normally 11 am local time, but we’d be happy to extend it as long as we don’t have a cleaning scheduled. Just let us know.  2. All bookings require a security deposit of at least $300, which will be refunded within 7 days of your check-out. 3. For security measures we require all guests to provide proof of identification through ID verification on our own website. In order to check in we'll need a photo of your ID.  4. Our cancellation policy is as shown on our ad and defined by the site you are booking through.  5. Don’t let $300 go up in smoke. There's no smoking allowed in any Flatbook and a $300 fine for breaking this rule.  6. Unfortunately we don’t allow pets in any of our apartments. 7. Unless you’re staying in one of our specialty apartments, we don’t allow parties or excessive noise. 8. If we find the place very messy, we have to charge an extra $40 for every extra hour o",Brooklyn,negative availability_365
4548207,"1,200 sq/ft loft +private backyard ",98359935669,unconfirmed,Avi,Manhattan,SoHo,40.72632,-74.00749,United States,US,true,moderate,Entire home/apt,2017,479.0,96.0,3,1,2015-02-16,0.02,4,1,-5,"No smoking, no pets, no parties",Manhattan,negative availability_365
4827670,"DOMINIQUE'S  NYC  cosy,2 bedrm crashPad*Stay here*",58906940688,verified,Vie,Bronx,Eastchester,40.87829,-73.83471,United States,US,true,moderate,Entire home/apt,2022,523.0,105.0,2,11,2019-05-19,0.29,2,13,-5,,Bronx,negative availability_365
8323177,Huge & Beautiful Bedroom - Manhattan,54680346423,verified,Jessica,Manhattan,Harlem,40.82362,-73.95063,United States,US,false,flexible,Private room,2011,335.0,67.0,1,7,2018-04-04,0.23,5,2,-4,"Please just keep your area reasonably clean and pick up after yourself. Nothing special. All the kitchen appliances that are there are available for your use. Just wash your dishes and pick up any trash you have. If something has happened don't feel embarrassed, just let us know and we'll take care of it. Also no smoking and no loud parties. Come, enjoy yourself and have fun.",Manhattan,negative availability_365
6819817,UES Studio Crash Pad,52531516133,verified,Zac,Manhattan,Upper East Side,40.7795,-73.94778,United States,US,true,strict,Entire home/apt,2011,51.0,10.0,7,0,,,2,1,-6,"Please treat my place as your own. Turn off the lights, AC, fan, etc when you leave the apartment, and wash any kitchenware and dishes that you've used. Put used towels on the floor, so that I now they've been used.",Manhattan,negative availability_365
4483588,Uptown Convenience & Comfort,47127252000,verified,Sam,Manhattan,Morningside Heights,40.80549,-73.96393,United States,US,false,strict,Entire home/apt,2012,556.0,111.0,3,10,2018-08-24,0.38,5,1,-8,be respectful Take off your shoes at the door,Manhattan,negative availability_365
38867576,Private Bedroom Living Room w/Exposed Brick,30307202742,verified,Dominique,Manhattan,East Village,40.7263,-73.98432,United States,US,true,moderate,Private room,2016,471.0,94.0,1,2,,,3,2,0,,Manhattan,has reviews but missing last_review
1063746,Beautiful Apartment East Village,95420528585,verified,Penelope,Manhattan,East Village,40.7288,-73.98192,United States,US,true,flexible,Entire home/apt,2007,523.0,105.0,7,12,,0.13,5,1,35,"Guests are expected to be respectful, kind, neat, and reasonably quiet. Loud noise and heavy footsteps do travel from the second floor to the downstairs neighbors, so please be nice and don't stomp or yell.   No open flames and absolutely no smoking. Be respectful of what is in the house. Do not invite over others who are not in the plan. Thank you! ",Manhattan,has reviews but missing last_review
1122842,"Clean & bright 1BR in Cobble Hill, GREAT location!",38579657286,unconfirmed,Baker,Brooklyn,Cobble Hill,40.68926,-73.99386,United States,US,true,strict,Entire home/apt,2021,316.0,63.0,2,222,,2.12,2,1,23,"People live downstairs, so please don't walk around wearing hard shoes, be quiet on the stairway, and quiet down after 11:00. No candles in the apartment. Please carefully make sure the front door clicks shut when you come or go! Thank you!",Brooklyn,has reviews but missing last_review
1187461,"Ft. Greene garden gem, large and convenient",52556929853,unconfirmed,Mason,Brooklyn,Fort Greene,40.68819,-73.97258,United States,US,true,flexible,Entire home/apt,,68.0,14.0,,5,,0.05,4,1,,"Since I live in the apartment, I expect guests to respect the space and be quiet when coming in late.   No entertaining or overnight guests, please.",Brooklyn,has reviews but missing last_review
1080315,"Sunny, Cobble Hill Apartment",82129516523,unconfirmed,Hailey,Brooklyn,Cobble Hill,40.6857,-73.99183,United States,US,false,flexible,Entire home/apt,2017,1109.0,222.0,,4,,0.04,3,1,351,,Brooklyn,has reviews but missing last_review
1188566,East Village Designer's 1-BR APT,73469118246,verified,Crawford,Manhattan,East Village,40.72451,-73.98094,United States,US,true,strict,Entire home/apt,,69.0,14.0,2,33,,0.33,3,1,,Treat our property with respect:  There is no smoking in the loft. Clean up after yourself & turn lights and heating off whenever leaving the space. No Noise after 10 pm.  Guest are not allowed to have other guests come over.,Manhattan,has reviews but missing last_review
1139411,A SpeciaL!! Private Room in NY,59031426800,,Taylor,Staten Island,Tompkinsville,40.63536,-74.08537,United States,US,true,flexible,Private room,2006,725.0,145.0,2,193,,,,6,138,,Staten Island,has reviews but missing last_review
1088047,Great location in Williamsburg,51756716507,unconfirmed,Roman,Brooklyn,Williamsburg,40.71363,-73.96398,,,,,Entire home/apt,2007,1013.0,203.0,6,27,,0.25,3,1,365,,Brooklyn,has reviews but missing last_review
1089152,Luxury Brownstone in Boerum Hill,22525653405,unconfirmed,Owen,Brooklyn,Boerum Hill,40.68559,-73.98094,,,,,Entire home/apt,2006,744.0,149.0,3,23,,0.27,2,1,365,"There is no smoking in or immediately around the building. The building's quiet hours begin at 9pm. After this time it's very important that you not play music loudly, have noisy guests over, etc.",Brooklyn,has reviews but missing last_review
1044415,Little King of Queens,68599531533,unconfirmed,Melanie,,Woodside,40.75038,-73.90334,United States,US,true,flexible,Private room,2012,54.0,11.0,30,25,,0.22,2,1,,No Street Shoes allowed in House. No cooking Keep rooms Neat and Clean,,has reviews but missing last_review
1140516,C Private Room By The Ferry,86997411863,,Murphy,Staten Island,Tompkinsville,40.63518,-74.08546,United States,US,true,flexible,Private room,2022,593.0,119.0,2,177,,,,6,313,#NAME?,Staten Island,has reviews but missing last_review
1081420,FLAT MACDONOUGH GARDEN,64718456383,unconfirmed,Ryan,Brooklyn,Bedford-Stuyvesant,40.68281,-73.93524,United States,US,false,moderate,Entire home/apt,2007,853.0,171.0,,124,,1.72,2,2,16,"The unit is a condo, with another unit upstairs.  Please be considerate of our neighbors, and respect the shared spaces (front porch, backyard) and limit any noise after 10 PM.  Guests are not allowed to use the bbq or smoker during their stay (sorry!).",Brooklyn,has reviews but missing last_review
51499230,Private  suite,47335669596,verified,Irisha,Queens,Fresh Meadows,40.74227,-73.78707,United States,US,true,moderate,Entire home/apt,2008,130.0,26.0,1,26,,,1,3,358,"This is our family home, not a rental that we manage, so we expect you to treat it as you would your own home.",Queens,has reviews but missing last_review
1086943,Private Bdrm/Bathrm. New! Elevator!,80380133240,unconfirmed,Audrey,Manhattan,East Harlem,40.79295,-73.93997,United States,US,true,moderate,Private room,2022,370.0,74.0,2,34,,0.32,5,1,365,"No smoking, No animals—we already have enough! No house parties. The maximum number of guests allowed in this room is two. Additional guests are not allowed unless they're just stopping in for a brief visit—still, please do clear it with me first.  I am trustworthy, clean and respectful and I expect my guests to be the same.  This is a calm, quiet neighborhood, so we ask that guests please adjust their decibels accordingly.  I ask that guests leave rooms the same way  they found them, making sure to clean up after cooking, to take hair out of the drains, and to put trash in trashcans.  Please  make yourself at home and feel free to use all my kitchen stuff, though I do have to play kitchen Nazi with a few items that require special cleaning (wok! cast iron frying pan!).  No pets allowed. No smoking. No storage permitted outside of rented room, outside of basket for toiletries in bathroom that I'll  point out to you.  Guests will please keep perishables in the college-size refrigerator ",Manhattan,has reviews but missing last_review
1037788,Your Heaven in Hells Kitchen,20543275700,verified,Melissa,Manhattan,Hell's Kitchen,40.75979,-73.99119,United States,US,false,strict,Private room,2013,646.0,129.0,30,191,,1.65,1,1,,,Manhattan,has reviews but missing last_review
1188013,Williamsburg penthouse with private roof cabana,46039496364,verified,Anderson,Brooklyn,Williamsburg,40.7205,-73.96015,United States,US,true,flexible,Entire home/apt,,933.0,187.0,30,8,,0.11,5,1,,,Brooklyn,has reviews but missing last_review
1189118,Superior @ Box House,81366061994,verified,Allen,Brooklyn,Greenpoint,40.73813,-73.95394,United States,US,false,strict,Private room,,1034.0,207.0,3,13,,0.14,5,28,,Please treat my home with the same love and care you would give your own home.,Brooklyn,has reviews but missing last_review
1080867,Fully Furnished Basement Apartment,57811865410,unconfirmed,Dominik,Queens,Flushing,40.74028,-73.83168,United States,US,true,strict,Private room,2018,606.0,121.0,,1,,0.01,4,1,365,"- NO parties or events. -NO smoking inside. You are welcome to smoke outside. -We ask guests to maintain a low noise level after 10pm and be respectful of noise levels during the day. You are welcome to have a few friends over for dinner but no loud music. -NOTHING but toilet paper and human waste in the toilet.  -Hair dyeing are not allowed in the apartment as the wood, furniture and bathroom sink can stain very easily. -All overnight guests must be booked through Airbnb.  Enjoy yourself!  Ask us for anything you may need while you're here! We will do our best to help.",Queens,has reviews but missing last_review
55523840,Stylish & dreamy brooklyn loft,25233846702,verified,Iva,Brooklyn,Bedford-Stuyvesant,40.67895,-73.93641,United States,US,true,moderate,Entire home/apt,2003,308.0,62.0,3,11,,,5,2,179,- Please clean tools after you use kitchen - Please keep quite after 11pm,Brooklyn,has reviews but missing last_review
1088599,Light and Airy Upper East Side 1 BDR apartment,30351473270,unconfirmed,Kellan,Manhattan,Upper East Side,40.77711,-73.9527,,,,,Entire home/apt,2004,464.0,93.0,4,126,,1.16,1,2,280,,Manhattan,has reviews but missing last_review
1186909,Brooklyn Cove Studio Apt w/ Garden!!,77105495927,verified,Hawkins,Brooklyn,Bushwick,40.68949,-73.91708,United States,US,true,moderate,Entire home/apt,,824.0,165.0,,228,,2.27,1,1,,,Brooklyn,has reviews but missing last_review
51498677,Beautiful Sunlit Retreat in Manhattan,2317212823,unconfirmed,BeautifulHarlem,Manhattan,Harlem,40.81961,-73.94583,United States,US,false,strict,Entire home/apt,2012,268.0,54.0,2,145,,,2,2,127,"No pets No Smoking indoors Please be respectful of my neighbors both inside and outside my home. This means limiting noise after hours, avoiding playing loud music, etc. Please clean up and take out the trash when you leave",Manhattan,has reviews but missing last_review
38867024,Small studio in the heart of hells kitchen,22325371342,unconfirmed,Micipsa,Manhattan,Hell's Kitchen,40.76366,-73.99096,United States,US,false,strict,Entire home/apt,2003,394.0,79.0,2,65,,,4,1,59,,Manhattan,has reviews but missing last_review
1078658,Huge Private  Floor at The Waverly,6534696854,verified,Adrian,Brooklyn,Clinton Hill,40.6863,-73.96765,United States,US,true,flexible,Private room,2012,490.0,98.0,,84,,0.77,2,3,365,,Brooklyn,has reviews but missing last_review
1122290,Elegant NYC Pad,49921339869,unconfirmed,Bennett,Queens,Ditmars Steinway,40.77185,-73.90502,United States,US,true,moderate,Entire home/apt,2016,1133.0,227.0,2,17,,0.16,3,1,336,"Earlier than 1pm check-in may be an option, will accommodate when possible.   Mutual civility and respect make life simple.  I tend to turn in by 10pm - so this not a great location for very  late night check-ins.  Not a good situation for coming and going into the small hours. Quiet after 10pm.",Queens,has reviews but missing last_review
55523287,NY Style by the Metro and St. john's University.,71618038009,verified,Natalie,Queens,Jamaica Estates,40.71959,-73.78849,United States,US,false,moderate,Private room,2008,253.0,51.0,1,6,,,3,1,65,"1. No damage to the house or furniture 2. No Smoking, No Pets, No Drugs 3. No more sleepover people then you booked 4. Keep quiet after 11:00 PM 5. Be respectful to neighbors 6. Keep the kitchen clean after used 7. Keep the bathroom clean after used 8. Return “Parking Permit"" before check out 9. Check-in: 3PM, Check-out: 11:00AM",Queens,has reviews but missing last_review
1087495,"Sunny, clean 1 bdrm in W. Village",75987317883,verified,James,Manhattan,West Village,40.73226,-74.00401,,,,,Entire home/apt,2018,738.0,148.0,45,134,,1.24,3,1,365,,Manhattan,has reviews but missing last_review
1051595,Sunny room+Pvte office in huge loft,12884105458,,Albert,,Bushwick,40.70032,-73.9383,United States,US,false,moderate,Private room,2012,728.0,146.0,4,24,,0.28,5,1,,"To enjoy, relax, feel safe and cozy. Also, keep the place clean and quiet in the evening.",,has reviews but missing last_review
1138859,BROWNSTONE SUNDRENCHED BEAUTY,49595827306,,Richardson,,Bushwick,40.688,-73.9171,United States,US,true,moderate,Entire home/apt,2022,1028.0,206.0,3,111,,2.13,,1,150,"Please review the terms of this rental agreement. Enclosed is our rental contract and rules. Please read carefully. If you have any questions please don't hesitate to contact me before submitting your payment. By submitting your deposit you agree to these terms, and the fee and dates outlined in the booking email. Please make sure that you have provided us with a cell phone for the primary contact as well as the EXACT number of occupants. Our rates are based on 2 person occupancy. We charge $25 per person, per night for additional persons.  The unit is located at 256 Amory St. #1, Jamaica Plain, MA If you need directions don’t hesitate to call Christine at (PHONE NUMBER HIDDEN). Your confirmation is as follows: Check-in: after 3pm EST (No early check-in please)  Check-out: by 10 am EST (No late check-outs please) Pre-arrival info will be emailed to you before check in. By submitting my deposit, I agree to all terms and conditions of this agreement RENTAL RULES AND REGULATIONS  Arthouse",,has reviews but missing last_review
55524392,Mikey's,32783889524,unconfirmed,Michael,Manhattan,West Village,40.73659,-74.00495,United States,US,false,strict,Entire home/apt,2014,1144.0,229.0,3,8,,0.83,4,1,83,,Manhattan,has reviews but missing last_review
1121737,City Room - Private & Comfy Bedroom,38264908739,verified,Morrison,Manhattan,Harlem,40.81219,-73.94499,United States,US,true,strict,Private room,2010,220.0,44.0,1,192,,1.84,5,5,137,"Check-in time can sometimes be flexible and we can provide advice for luggage storage if needed. No smokers please. Please do not spray perfumes, colognes or after-shaves as Nina has allergies.  Thanks for understanding. No eating in the bedroom.  Enjoy your stay!",Manhattan,has reviews but missing last_review
1057118,loft bed - near transportation-15min to times sq,71312861184,unconfirmed,Edgar,Manhattan,Harlem,40.82279,-73.95139,United States,,,flexible,Private room,2013,913.0,183.0,,11,,0.87,,3,201,Smoke-free house.,Manhattan,has reviews but missing last_review
1047177,Entire 2 Bedroom - Large & Sunny,54627928830,verified,Edgar,Manhattan,Lower East Side,40.71851,-73.98892,United States,US,false,moderate,Entire home/apt,2017,909.0,182.0,5,70,,0.62,4,1,,No smoking. We kindly ask for taxis or other rides to call and not use a horn as this is a quiet neighborhood.,Manhattan,has reviews but missing last_review
