id,name,host_id,host_identity_verified,host_name,neighbourhood_group,neighbourhood,lat,long,country,country_code,instant_bookable,cancellation_policy,room_type,construction_year,price,service_fee,minimum_nights,number_of_reviews,last_review,reviews_per_month,review_rate_number,calculated_host_listings_count,availability_365,house_rules,license,neighbourhood_group_clean,is_duplicate_listing
6026161,Upper East Side 2 bedroom- close to Hospitals-,65193709566,verified,Juliana,Manhattan,Upper East Side,40.76222,-73.9603,United States,US,false,moderate,Entire home/apt,2008,105.0,21.0,30,2,2019-06-08,0.21,3,34,157,,,Manhattan,true
6026714,Close to East Side Hospitals- Modern 2 Bedroom Apt,31072202372,verified,Juliana,Manhattan,Upper East Side,40.76249,-73.96217,United States,US,false,moderate,Entire home/apt,2008,285.0,57.0,30,6,2019-01-31,0.14,3,34,67,"The quieter the better, but otherwise make yourself at home!! Be as messy as you want - I have the place professionally cleaned when you leave, so towels, sheets, etc can all be left as-is, its no bother to me!",,Manhattan,true
6027266,ACADIA Spacious 2 Bedroom Apt - Close to Hospitals,95854111798,verified,Juliana,Manhattan,Upper East Side,40.76021,-73.96157,United States,US,false,moderate,Entire home/apt,2014,586.0,117.0,30,10,2018-11-18,0.22,5,34,211,No Smoking No Pets,,Manhattan,true
6027818,*ENCHANTMENT* Upper East Side 2 bedroom- Sunny!,73401481508,unconfirmed,Juliana,Manhattan,Upper East Side,40.76244,-73.96031,United States,US,true,moderate,Entire home/apt,2006,539.0,108.0,30,9,2018-09-30,0.2,5,34,411,Please treat it as it were your own home and be respectful of the neighbors!,,Manhattan,true
6028371,*JAMES* Amazing Spacious 2 Bedroom- Bright!,37678424985,verified,Juliana,Manhattan,Upper East Side,40.76035,-73.96133,United States,US,false,flexible,Entire home/apt,2021,806.0,161.0,30,8,2019-06-11,0.27,4,34,411,"Be courteous and respectful to people in the house. We like to keep it clean and tidy, so your help in keeping your areas clean is much appreciated.",,Manhattan,true
6028923,Large Private Upper West Side Room,48515749618,verified,Maxwell,Manhattan,Upper West Side,40.78567,-73.97665,United States,US,false,flexible,Private room,2020,479.0,96.0,1,7,2015-09-26,0.14,3,1,215,,,Manhattan,true
6029475,*ODYSSEY* Sunny 1 Bedroom Apt- Bright & Cheery!,50618412686,unconfirmed,Juliana,Manhattan,Upper West Side,40.78181,-73.98466,United States,US,true,strict,Entire home/apt,2017,424.0,85.0,30,10,2019-04-01,0.26,3,34,129," The property may be used only as a residence, not for any other purposes, commercial or otherwise (including filming).  You may not have packages sent to you during your stay.  Beacon Hill is a very quiet neighborhood, please keep the noise to a minimum and avoid playing loud music or making loud noises. If any noise complaints are received, I will assess a $100 fee from the deposit for each complaint.  If inviting anybody over, please keep daytime occupancy to five people maximum. NO unregistered overnight guests are allowed.  If you rearrange the furniture, please return everything to its original state before leaving.  If bringing pets, please ensure that they are potty trained.  Any pet stains left in the space will result in an additional $200 cleaning fee will be assessed from the deposit.  No smoking. If any smoking occurs in the space, I will assess a $300 fee from the deposit.  No illegal downloading. Do not use the internet to access, stream, or otherwise download any illega",,Manhattan,true
6030028,*WINDSONG* Serene 1 BR in Townhouse near Park,60449613505,unconfirmed,Juliana,Manhattan,Upper West Side,40.78289,-73.98477,United States,US,true,strict,Entire home/apt,2020,967.0,193.0,30,17,2019-06-17,0.38,4,34,164,No Smoking No Pets,,Manhattan,true
6030580,"2BR Cozy, Large & Central Apartment",45918690207,unconfirmed,Philippe,Manhattan,Midtown,40.74462,-73.98272,United States,US,true,strict,Entire home/apt,2022,419.0,84.0,2,0,,,3,1,351,,,Manhattan,true
6031132,Nice room in a super nice apartment,14162979052,unconfirmed,Terry,Brooklyn,Williamsburg,40.71591,-73.9417,United States,US,false,strict,Private room,2008,878.0,176.0,7,2,2015-08-16,0.04,3,1,367,"Please remove your shoes as you enter the apartment. Please respect my neighbors and honor my home – no parties, no ""guests"", no drugs, no orgies, no pets, no beer pong, no dinosaurs.",,Brooklyn,true
6031684,Nice 1 BR Apartment at Central Park,17703723142,verified,Drew,Manhattan,East Harlem,40.7984,-73.94777,United States,US,true,flexible,Entire home/apt,2007,577.0,115.0,4,4,2015-09-08,0.08,5,1,198,"This is a ""no smoking"" building. Xfinity (Comcast wirelss service) is available direct from service provider: (URL HIDDEN) $2.95 hourly pass* $7.95 daily pass $19.95 weekly pass $54.95 monthly pass",,Manhattan,true
6032237,Spacious one bedroom with en-suite,47582779362,verified,Rawan,Brooklyn,Clinton Hill,40.69489,-73.96496,United States,US,true,flexible,Private room,2003,927.0,185.0,7,12,2017-06-25,0.25,3,1,37,No Smoking.  No pets except by special arrangement.   Please keep reasonably quiet when in the apartment/building--this is a quiet and densely populated neighborhood. Please DO NOT leave trash on the street.  Separate recycling. Contact me if trash needs to be removed during your stay.,,Brooklyn,true
6032789,Beautiful Large Private 1 Bd w/ Mediation Space,4126615799,unconfirmed,Neelam,Brooklyn,Flatbush,40.63488,-73.96546,United States,US,true,flexible,Entire home/apt,2003,1007.0,201.0,3,0,,,2,1,306,"NO PETS, NO SMOKING permitted! ",,Brooklyn,true
6033341,Bed-stuy belle,9271077128,unconfirmed,Gaby,Brooklyn,Bedford-Stuyvesant,40.6936,-73.94653,United States,US,false,strict,Private room,2003,561.0,112.0,1,1,2015-07-11,0.02,3,1,130,I would rather than you not have lots of people over (and honestly the space isn't set up for/big enough for that anyway) and ask that you respect that space :),,Brooklyn,true
6033894,Private bedroom w/ roofdeck NO CLEANING FEE,49077627127,unconfirmed,Ryan,Manhattan,East Village,40.72297,-73.97973,United States,US,false,flexible,Private room,2019,1033.0,207.0,3,12,2019-04-29,0.26,5,4,103,Check In time :    3 pm Check out time : 12 pm quiet enjoyment No pets Nonsmoking No more than 4 people staying at the apartment unless disclosed and approved Extra person charge $75 per night Please be neat treat it like you would your home,,Manhattan,true
6034446,Book Now & Save: Spend July in New York City!,3016524636,unconfirmed,Lou,Queens,Astoria,40.76583,-73.91086,United States,US,false,flexible,Private room,2011,1116.0,223.0,1,108,2019-06-06,2.23,1,4,225,,,Queens,true
6034998,"Penthouse Apt w/private roofdeck, NO cleaning fee",71002819580,unconfirmed,Ryan,Manhattan,East Village,40.72403,-73.97783,United States,US,false,strict,Entire home/apt,2012,160.0,32.0,2,1,2017-11-26,0.05,2,4,43,,,Manhattan,true
6035551,Large bedroom in Astoria/LIC area,68337898917,verified,Felicia,Queens,Long Island City,40.75328,-73.92244,United States,US,true,moderate,Private room,2003,1135.0,227.0,1,5,2015-07-28,0.1,3,1,369,,,Queens,true
6036103,Prime Williamsburg Location,2262501486,verified,Robert,Brooklyn,Williamsburg,40.7196,-73.95599,United States,US,true,moderate,Entire home/apt,2008,1056.0,211.0,1,6,2016-08-28,0.13,5,1,269,- Respect your neighbors and the living space - Check out by 11am - Check in between 3pm & 7pm,,Brooklyn,true
6036655,"Private Room, Bath & Terrace on UWS",2500204289,verified,Zack,Manhattan,Upper West Side,40.80016,-73.96448,United States,US,false,flexible,Private room,2017,417.0,83.0,2,24,2018-06-22,0.5,1,1,375,"I have no doubt you will be respectful of the space but there are a few things we ask of you: 1. No smoking 2. The speakers aren't working so please don't try to reassemble them 3. Please no makeup on the towels (unfortunately, stained towels have to be replaced with a charge) 4. No parties (in an old building, the walls are thin so we need to be respectful of the neighbors) 5. Please try to clean up after yourself (old food in the fridge, etc.)",,Manhattan,true
6037207,"1BR with Roof, Balcony, best 'hood!",7565053705,unconfirmed,Peter,Brooklyn,Greenpoint,40.73006,-73.95694,United States,US,false,moderate,Entire home/apt,2012,495.0,99.0,1,1,2015-07-03,0.02,2,1,70,,,Brooklyn,true
6037760,"Large room, cozy, 15min Manhattan",48153865319,verified,Hana,Brooklyn,Clinton Hill,40.68409,-73.96531,United States,US,true,strict,Private room,2005,819.0,164.0,1,1,2015-07-03,0.02,1,1,211,Please no parties. I ask that people be conscious of the white carpet and white leather couches.,,Brooklyn,true
6038312,Cozy apt in lively Carroll Gardens,74801691296,unconfirmed,Carlotta,Brooklyn,Carroll Gardens,40.68151,-73.99285,United States,US,false,moderate,Entire home/apt,2013,782.0,156.0,5,3,2016-12-27,0.06,3,1,250,"WHEN BOOKING, PLEASE PROVIDE THE FOLLOWING IN YOUR MESSAGE to me:  - 1. Total number of guests (adults, children, babies)? Are there any elderly or children under 18? If so, what are their ages?  - 2. Arrival Date AND Time of Check In? (Check In between 2 pm and 9 pm with some leniency)  - 3. Departure Date (Check out before 12 pm/noon ideally)  - 4. Please tell me a little about yourselves and the purpose of your trip.  - 5. What Other Needs or Special Requests or Extra Options (please read below for additional options and possible related additional fees).  ------  PLEASE NOTE THE FOLLOWING BEFORE REQUESTING A BOOKING:  * I will reply as soon as possible to let you know if my apartment will be available for ALL your needs.  - 1. We are happy to host Friendly, Neat, Low-Maintainence Adults & Well-Behaved Children.  ---- All cookware and utensils in the kitchen are at your disposal. There will be water (brita) and basic condiments provided for you. We ask that you rinse whatever dishes",,Brooklyn,true
6038864,Private Room in Very Convenient Location,51428772796,unconfirmed,Sarah,Manhattan,Harlem,40.81398,-73.95213,United States,US,true,strict,Private room,2011,456.0,91.0,1,142,2019-06-21,4.22,2,1,1,No parties. No loud music or noise late at night. No guests in the apartment. No smoking.,,Manhattan,true
6039417,Room for rent shared bathroom,6634910359,verified,Eudelia,Brooklyn,Bedford-Stuyvesant,40.68682,-73.92019,United States,US,false,flexible,Private room,2009,557.0,111.0,1,0,,,5,1,111,No Smoking.  No pets except by special arrangement.   Please keep reasonably quiet when in the apartment/building--this is a quiet and densely populated neighborhood. Please DO NOT leave trash on the street.  Separate recycling. Contact me if trash needs to be removed during your stay. The maple & cherry furniture is made in Boston.  Please be nice to it (wipe & dry with sponge any food..don't drip hot wax..).  Also say what you like about it in your review (-:  if you like it follow @treeturn on instagram!,,Brooklyn,true
6039969,*SKYTRAIN* Studio Loft Apartment - Great Space!,15776313211,unconfirmed,Juliana,Manhattan,Upper West Side,40.78201,-73.98379,United States,US,false,strict,Entire home/apt,2009,110.0,22.0,30,9,2019-04-30,0.24,1,34,253,"No pet, No smoking - Quite hours : 9pm - 8am ",,Manhattan,true
6040521,*TERRA GARDEN* 1 Bedroom Garden Apartment,67984530373,verified,Juliana,Manhattan,Upper West Side,40.7818,-73.98483,United States,US,true,flexible,Entire home/apt,2009,196.0,39.0,30,7,2018-10-31,0.19,3,34,22,"No smoking please, no pets to protect our hardwood floors. Children under 18 to be supervised at all times. Each bedroom accommodates 2 people",,Manhattan,true
6041074,Cozy Brooklyn Room W/ Skylight,91539236462,unconfirmed,Laramie,Brooklyn,Bushwick,40.69054,-73.91446,United States,US,false,strict,Private room,2018,686.0,137.0,13,20,2019-06-26,0.41,5,8,101,,,Brooklyn,true
6041626,Great for a family of 4!,37756282469,unconfirmed,Kobi,Manhattan,Washington Heights,40.85183,-73.94022,United States,US,false,moderate,Entire home/apt,2022,1113.0,223.0,1,0,,,1,1,112,"- 1.Guest(s) agree to NO PARTIES anywhere on the property. Legal action will be taken for parties that cause damages to the unit, property, reputation, or relationship with building staff or other residents.  2.Smoking of any kind is not permitted in the unit or on the premises. Fee for smoking will be 10 times your total reservation cost. For example, your total reservation cost is $350. Fee for smoking on premises will be $3,500. 3.Guests agree to abide by maximum occupancy of unit, and observe quiet hours between 9pm and 9am  4.Guests are responsible for action of ALL GUESTS occupying their unit at all times.  5.Guests agree to return all keys, remotes. Replacement fees may apply for unreturned items  6.Guests understand that onsite building staff (maintenance and concierge) are not affiliated with AIRBNB. Please contact me directly for any needed items.  7.Guests understand that no pets are to be in the unit.  8.Guests agree to pay replacement cost for any unreturned items, and $14",,Manhattan,true
6042178,"Perfect for Cat, Book, Park Lovers!",17949645201,verified,Laura,Brooklyn,Flatbush,40.65371,-73.95623,United States,US,true,flexible,Entire home/apt,2012,400.0,80.0,2,12,2015-12-19,0.25,1,1,0,No smoking in the unit or in the building (strict).  There will be a $450 fine for smoking in the unit or in the building. No open flame. No pets. Please respect your neighbors and keep the noise down after 10pm.   There is a $50 fee for lost keys.,,Brooklyn,true
6042730,Private Room in large 2 bedroom apt,69315612330,verified,David,Queens,Forest Hills,40.724,-73.84962,United States,US,true,flexible,Private room,2005,1006.0,201.0,3,1,2015-08-31,0.02,1,1,215,#NAME?,,Queens,true
6043283,A Perfect Midtown Studio (24/hr Doorman),71688182742,unconfirmed,Matt,Manhattan,Midtown,40.7544,-73.97345,United States,US,true,moderate,Entire home/apt,2009,388.0,78.0,2,25,2018-11-19,0.51,3,1,342,#NAME?,,Manhattan,true
6043835,Cozy Gem in Harlem Close to ALL!,88482498445,unconfirmed,Maritza,Manhattan,East Harlem,40.79243,-73.93952,United States,US,false,moderate,Entire home/apt,2021,260.0,52.0,2,1,2015-08-13,0.02,1,1,279,"Sorry, but no pets or smoking.",,Manhattan,true
6044387,Spanish Harlem with terrace.,17669809925,unconfirmed,Ingrid,Manhattan,East Harlem,40.79229,-73.94962,United States,US,true,moderate,Private room,2004,291.0,58.0,2,142,2018-12-16,3.05,3,1,414,,,Manhattan,true
6044940,3BR Gramercy Apt in heart of NYC,59749079462,verified,Alissa,Manhattan,Kips Bay,40.73912,-73.9825,United States,US,false,strict,Entire home/apt,2007,427.0,85.0,1,0,,,5,1,368,"We only ask that you have a ton of fun, and that you leave our place exactly how you found it when you got there :)",,Manhattan,true
6045492,NO LONGER AVAILABLE,38729751923,verified,Dominque,Manhattan,Harlem,40.81161,-73.94306,United States,US,false,flexible,Shared room,2016,406.0,81.0,1,0,,,4,1,281,,,Manhattan,true
6046044,"Discount! Mins to SOHO -Cozy, Good Sized Bedroom",93968287670,verified,Kandee,Manhattan,Lower East Side,40.71947,-73.99327,United States,US,true,flexible,Private room,2005,562.0,112.0,1,2,2016-09-23,0.04,4,3,368,Please respect our neighbors and keep noise to a minimum.,,Manhattan,true
6046597,Tranquility On Riverside,22278210133,verified,Byron,Manhattan,Harlem,40.82416,-73.95306,United States,US,true,strict,Private room,2011,1185.0,237.0,1,11,2019-05-29,0.25,4,3,286,"• Check-in time is 4PM. • No parties or events • Not suitable for pets • No smoking No parties, no outside visitors and no overnight quests without prior approval Do not engage in illegal activities anywhere on the property Please do not leave out any food that will attract uninvited pests Please no smoking   We trust you will be a courteous guest.  Please feel free to write us with any questions or requests.",,Manhattan,true
6047149,A Serene NYC Skyline Room w Breakfast!,37978937670,verified,Ota,Brooklyn,Bushwick,40.69347,-73.90703,United States,US,false,moderate,Private room,2007,780.0,156.0,30,2,2018-07-06,0.04,5,6,421,NO Smoking. No Pets.,,Brooklyn,true
6047701,Big 1 Bedroom Brooklyn Ditmas Park,44533854808,unconfirmed,Mel,Brooklyn,Flatbush,40.63504,-73.96603,United States,US,false,flexible,Private room,2005,577.0,115.0,3,173,2019-06-25,3.52,3,1,392,No Smoking No Pets,,Brooklyn,true
6048253,"Beautiful Cute Studio, Fort Greene",87127860355,unconfirmed,Jessica,Brooklyn,Fort Greene,40.6873,-73.97225,United States,US,true,moderate,Entire home/apt,2008,386.0,77.0,2,1,2015-08-24,0.02,1,1,388,Don't disturb neighbors. Don't break things or leave a mess. Enjoy.,,Brooklyn,true
6048806,1 Bedroom in Prime Williamsburg,85335405136,unconfirmed,,Brooklyn,Williamsburg,40.71838,-73.9563,United States,US,false,strict,Entire home/apt,2013,971.0,194.0,1,0,,,3,1,373,"Please enjoy your stay in my home and note the following house rules: - NO smoking anywhere in the apartment or building -Trash can be left in front of the building anytime after 5pm on Sunday or Thursday nights.  All trash must be in a white trash bag (bags line the kitchen trash can and extras are under the counter to the left of the stove) -NO pets - Please do not eat any food from the refridgerator or cabinets (you may help yourself to cooking basics like salt, pepper, oil, etc) -Please clean any dishes that you use (or load them into the dish washer) -Please be respectful of our neighbors in the building -Please remove your shoes when you enter the apartment",,Brooklyn,true
6049358,Huge Loft - Heart of Williamsburg,83359846384,unconfirmed,Gabriel,Brooklyn,Williamsburg,40.7166,-73.96379,United States,US,false,moderate,Entire home/apt,2021,518.0,104.0,2,0,,,3,1,412,#NAME?,,Brooklyn,true
6049910,The Most Efficient Efficiency Ever,45601026524,unconfirmed,Greg,Brooklyn,Williamsburg,40.70458,-73.94095,United States,US,false,strict,Entire home/apt,2012,719.0,144.0,2,15,2019-07-01,0.31,2,1,210,NO Smoking.  NO Pets.,,Brooklyn,true
6050463,Beautiful apartment in awesome Clinton Hill!,18401849962,unconfirmed,Xristina&Keith,Brooklyn,Bedford-Stuyvesant,40.69213,-73.95869,United States,US,true,moderate,Entire home/apt,2011,61.0,12.0,15,5,2019-05-20,0.26,4,1,421,"No smoking. No pets. Children under 18 to be supervised at all times. More than 6 people can be accommodated if communicated in advance.  Please be respectful on the roof - quiet time after 10pm would be greatly appreciated.  This is a historic Victorian on three levels.  There is no elevator in the building or inside so please note if you have mobility issues.  Please strip all beds, except for mattress cover and place in 3rd floor bathroom along with all dirty/wet towels.  Please wash and put away all dishes.  If necessary, make sure the dishwasher is loaded and started before you leave.  Laundry is in the basement, if locked, please use the front door key.  Please ALWAYS leave your keys before you leave.  Lock the door on your way out by turning the button on the inside lock. Please ensure all trash is put in the designated recycle and landfill trash barrels.  There are extra bags in the kitchen closet.",,Brooklyn,true
6051015,Manhattan at its best! Trendy area,94766740970,verified,Enrica,Manhattan,Harlem,40.80418,-73.95513,United States,US,false,flexible,Private room,2018,845.0,169.0,1,3,2015-08-21,0.06,3,1,387,No smoking. No party. Clean.,,Manhattan,true
6051567,Perfect UES; steps from Park Ave,5115705370,unconfirmed,Robert,Manhattan,Upper East Side,40.76425,-73.96811,United States,US,true,moderate,Entire home/apt,2020,276.0,55.0,7,26,2019-06-30,0.54,2,1,55,No Smoking No Pets,,Manhattan,true
6052120,Must Love Dogs / Bushwick Brooklyn,22301937174,unconfirmed,Ange,Brooklyn,Bushwick,40.68802,-73.91474,United States,US,false,flexible,Private room,2013,833.0,167.0,2,4,2019-06-01,0.19,5,1,407,"Don't make noise in apt after 10pm. keep doors locked after you leave apt, wash dishes within 24 hrs. No smoking, please. I only ask that you treat my home as you would treat your own! When leaving the apartment, please always lock the top lock on the door. Please shut off all the lights, AC unit, TV, etc. before you leave. If you open windows, please close and lock them before you leave the apartment. Please take your shoes off inside apartment  Please stack the dishes in the dish rack to the left of the sink.",,Brooklyn,true
6052672,Sunny studio in the Upper East Side,16962195392,verified,Allie,Manhattan,Upper East Side,40.77138,-73.94809,United States,US,true,moderate,Entire home/apt,2019,492.0,98.0,14,2,2017-09-16,0.06,5,1,350,"Please Note: This unit was just renovated last year and it comfortably accommodates 6 guests, but up to 8 guests are permitted (two guests in each bedroom, 1 guest on each twin bed, and 1 guest on the available queen size air mattress). Please request an air mattress (if needed) when making a reservation. No smoking, no pets, no parties, and must be 25 years old to book.   For check-out, please ensure: -  All plates and cups are left in the sink or dishwasher -  All trash is left in the kitchen trash can or bagged and left next to the trash can (additional bags are under the sink) -  All windows are closed and locked -  If used, the air mattresses are deflated and put away (please leave used linens for the air mattresses on the floor) -  If furniture was moved during your stay, please return to its original location Please be mindful to our neighbors in the building; quiet hours after 10pm. Please be considerate of our next guests who will be staying after you, if something is broken o",,Manhattan,true
6053224,15 min walk to Prospect Park!,7531683987,verified,Keith,Brooklyn,Prospect-Lefferts Gardens,40.65887,-73.94882,United States,US,true,flexible,Private room,2013,1123.0,225.0,6,1,2015-09-17,0.02,5,1,15,,,Brooklyn,true
6053776,Near Columbia University,16956698846,unconfirmed,Tao,Manhattan,Morningside Heights,40.81514,-73.95954,United States,US,false,strict,Private room,2018,316.0,63.0,1,0,,,2,1,374,Please respect the quiet in the building. Very small dogs with kennels allowed. Condo does not have a crib and is not baby-proof.,,Manhattan,true
6054329,Studio with East River View,8859277259,verified,Markus,Manhattan,East Harlem,40.78551,-73.94167,United States,US,true,moderate,Entire home/apt,2021,82.0,16.0,3,4,2016-06-15,0.1,3,1,206,#NAME?,,Manhattan,true
6054881,Charming UWS 1-bedroom w/loft,1922380296,verified,Louise,Manhattan,Upper West Side,40.77828,-73.9764,United States,US,false,moderate,Entire home/apt,2006,955.0,191.0,3,1,2017-03-20,0.04,5,1,217,#NAME?,,Manhattan,true
6055433,Whole Apartment - Beautiful Sunny Studio,2128045740,verified,Doug,Brooklyn,Crown Heights,40.67627,-73.94775,United States,US,true,strict,Entire home/apt,2021,1014.0,203.0,4,5,2018-07-23,0.1,3,1,116,,,Brooklyn,true
6055986,Furnished room in Astoria apartment,19867591692,verified,Kathrine,Queens,Astoria,40.7681,-73.91651,United States,US,false,strict,Private room,2006,212.0,42.0,100,2,2016-02-13,0.04,3,1,233,"The studio is located in a smoke-free, no pets building. Kindly refrain from smoking any substances on the premises, and please leave your fur-babies with a sitter.",,Queens,true
6056538,Luxury Apt 10mins Manhattan,89164246109,verified,Joo,Queens,Long Island City,40.74406,-73.94504,United States,US,true,flexible,Entire home/apt,2019,541.0,108.0,4,4,2015-10-17,0.09,4,1,380,"No smoking permitted, no pets.",,Queens,true
6057090,Cozy & Zen Manhattan Soho Studio,37765401458,verified,Yann,Manhattan,SoHo,40.72745,-74.0027,United States,US,true,flexible,Entire home/apt,2020,1093.0,219.0,6,61,2019-06-07,1.27,5,1,105,"This is a non-smoking building. Absolutely no smoking of any kind is permitted. Please respect that this is a quiet, peaceful building; please keep the volume of voice and television at a reasonable level. No pets, please.",,Manhattan,true
6057643,Warm Cozy Manhattan Studio,94897916568,unconfirmed,Patricia,Manhattan,Midtown,40.74379,-73.98795,United States,US,false,moderate,Entire home/apt,2006,1175.0,235.0,3,22,2019-06-21,0.45,4,1,150,,,Manhattan,true
6058195,Chelsea Square Apartment,64827430601,verified,Curtis,Manhattan,Chelsea,40.74613,-74.00468,United States,US,true,flexible,Entire home/apt,2009,1022.0,204.0,1,0,,,3,1,118,,,Manhattan,true
6058747,Four stops to Manhattan!,38360876748,verified,Donna,Brooklyn,Crown Heights,40.67259,-73.95831,United States,US,false,moderate,Private room,2011,1177.0,235.0,2,155,2019-06-22,3.17,5,1,130,"Building is quite, so that's the expectation.",,Brooklyn,true
6059299,Upper East Side - 1 Bedroom Queen,28301379386,verified,Dani,Manhattan,Upper East Side,40.77734,-73.95779,United States,US,false,moderate,Shared room,2011,151.0,30.0,7,0,,,4,1,188,"Please Note: This unit was just renovated in May 2015 and it comfortably accommodates 4 guests, but up to 5 guests are permitted if you so desire (two guests in each bedroom and 1 guest on the available air mattress). Please request an air mattress (if needed) when making a reservation. No smoking, no pets, no parties, and must be 25 years old to book.   For check-out, please ensure: -  All plates and cups are left in the sink or dishwasher -  All trash is left in the kitchen trash can or bagged and left next to the trash can (additional bags are under the sink) -  All windows are closed and locked -  If used, the air mattresses are deflated and put away (please leave used linens for the air mattresses on the floor) -  If furniture was moved during your stay, please return to its original location Please be mindful to our neighbors in the building; quiet hours after 10pm. Please be considerate of our next guests who will be staying after you, if something is broken or needs fixing, ple",,Manhattan,true
6059852,Gorgeous Garden Apt Steps To Park,70340369734,unconfirmed,Steve,Brooklyn,Prospect-Lefferts Gardens,40.65703,-73.95964,United States,US,false,flexible,Entire home/apt,2018,1176.0,235.0,1,2,2015-08-10,0.04,4,1,113,"Absolutely no smoking, indoors or outdoors. No pets.",,Brooklyn,true
6060404,Relaxing bedroom in 6br apartment,61210811059,unconfirmed,John,Brooklyn,Bushwick,40.69034,-73.91666,United States,US,true,strict,Private room,2021,70.0,14.0,1,1,2015-07-28,0.02,1,1,73,"Overall please treat the apartment as you would you own home, Keeping it as clean and tidy as you found it.  Please clean up before checking out. Any major clean-up service required may be deducted from the deposit.  No Loud / Large Parties. Quiet hours are 11pm till 9am Please include the number of people who will be staying before you reserve this apartment. No extra guests other than the maximum 2 allowed who booked  All smoking should be done outside, as this is a smoke free environment.",,Brooklyn,true
6060956,W.B. Spacious Contemporary Living 3,79954723919,unconfirmed,Glender,Brooklyn,Bushwick,40.6969,-73.93435,United States,US,false,moderate,Private room,2005,995.0,199.0,2,46,2019-05-07,0.94,2,3,373,,,Brooklyn,true
6061509,Cozy Bedroom in Renovated Harlem Apartment,75674201040,unconfirmed,Delesia,Manhattan,Harlem,40.81435,-73.94588,United States,US,false,strict,Private room,2015,323.0,65.0,2,1,2016-07-20,0.03,3,1,106,,,Manhattan,true
6062061,Giant Sunny East Williamsburg LOFT!,51245234505,verified,Kim,Brooklyn,Williamsburg,40.71351,-73.92999,United States,US,true,strict,Entire home/apt,2018,821.0,164.0,4,40,2019-06-20,0.83,3,1,93,,,Brooklyn,true
6062613,Beautiful convenient Brooklyn loft,50136759897,verified,Linda,Brooklyn,Williamsburg,40.70711,-73.95136,United States,US,true,strict,Entire home/apt,2011,446.0,89.0,3,5,2016-12-14,0.11,5,1,201,"No smoking, please.",,Brooklyn,true
6063166,Private room in sunny apt.,25472067516,unconfirmed,Simona,Brooklyn,Williamsburg,40.71688,-73.94162,United States,US,false,strict,Private room,2014,573.0,115.0,2,18,2019-05-20,0.37,4,1,192,,,Brooklyn,true
6063718,Mid Century Beauty In East Village,30197349609,verified,Wendy,Manhattan,East Village,40.72795,-73.98503,United States,US,false,flexible,Entire home/apt,2011,590.0,118.0,5,0,,,5,1,103,,,Manhattan,true
6064270,Nice and Cozy Room,6402191466,verified,Melissa,Manhattan,East Village,40.72294,-73.9857,United States,US,true,flexible,Private room,2006,271.0,54.0,1,0,,,4,1,237,,,Manhattan,true
6064822,♡Private Rm/Women's Safe Art Home♡,27646270360,unconfirmed,Sarah,Brooklyn,Bedford-Stuyvesant,40.68411,-73.93208,United States,US,false,flexible,Private room,2021,618.0,124.0,1,4,2015-10-07,0.08,3,3,38,No Smoking No Pets,,Brooklyn,true
6065375,Loft rental off of Graham!,24747380997,unconfirmed,Frances,Brooklyn,Williamsburg,40.71303,-73.94063,United States,US,false,strict,Entire home/apt,2014,942.0,188.0,7,2,2016-08-23,0.04,2,1,374,,,Brooklyn,true
6065927,LG Bright Apartment,10408461200,verified,Katie,Manhattan,Morningside Heights,40.80481,-73.96375,United States,US,false,strict,Private room,2008,129.0,26.0,21,4,2018-01-06,0.09,4,1,313,#NAME?,,Manhattan,true
6066479,"Safe,quiet,cozy,Washington Hts Apt",92398842230,verified,Lynn,Manhattan,Washington Heights,40.84454,-73.94188,United States,US,true,flexible,Private room,2020,412.0,82.0,1,0,,,4,1,44,,,Manhattan,true
6067032,Charming One Bedroom in UES!,68483693139,unconfirmed,Mira,Manhattan,Upper East Side,40.7688,-73.9535,United States,US,false,flexible,Private room,2020,743.0,149.0,1,0,,,3,1,92,No pets. No smoking. Please :),,Manhattan,true
6067584,Near Central Park & Grand Central,78730248999,unconfirmed,Steve,Manhattan,Midtown,40.7587,-73.96705,United States,US,true,flexible,Private room,2017,853.0,171.0,2,17,2019-04-28,0.55,4,1,348,Please know you will be living with others and must be courteous and respectful.,,Manhattan,true
6068136,Best Location near Columbia U,3895711649,verified,Mifan,Manhattan,Morningside Heights,40.80395,-73.96531,United States,US,true,moderate,Private room,2014,234.0,47.0,3,3,2015-08-17,0.06,1,2,65,,,Manhattan,true
6068689,Sunny - Large Two Bedroom,82828865010,verified,Be,Manhattan,Upper East Side,40.78402,-73.94974,United States,US,true,flexible,Entire home/apt,2008,673.0,135.0,2,94,2019-06-23,2.16,1,1,384,No pets. No smoking. Please :),,Manhattan,true
6069241,LIGHTFILLED ONE BEDROOM LOFT,2203652135,unconfirmed,Sarah,Brooklyn,Bedford-Stuyvesant,40.69039,-73.95947,United States,US,false,strict,Entire home/apt,2008,1086.0,217.0,2,4,2017-10-29,0.08,1,1,142,,,Brooklyn,true
6069793,"Custom Designed Cozy Garden Apt,",7756381071,unconfirmed,Jean&  Toney,Brooklyn,Canarsie,40.64574,-73.90781,United States,US,false,flexible,Entire home/apt,2004,203.0,41.0,7,0,,,4,3,95,"- Absolutely no smoking in, on or near the property, not suitable for children under 16 years of age.",,Brooklyn,true
6070345,Beautiful Private Room,47602000155,verified,Christina,Brooklyn,East New York,40.6724,-73.88118,United States,US,false,moderate,Private room,2009,533.0,107.0,20,29,2019-03-30,0.59,4,3,309,No pets. No smoking. Please :),,Brooklyn,true
6070898,Sublet entire apt in Brooklyn,83573592009,unconfirmed,Laszlo Jakab,Brooklyn,Brooklyn Heights,40.69382,-73.99334,United States,US,true,moderate,Entire home/apt,2004,557.0,111.0,7,1,2015-06-29,0.02,4,1,299,No smoking in the unit or in the building (strict).  There will be a $450 fine for smoking in the unit or in the building. No open flame. No pets. Please respect your neighbors and keep the noise down after 10pm.   There is a $50 fee for lost keys.  NO CHECK IN AFTER 11PM -the doorman leaves at 11pm so I can not get you keys after this time.,,Brooklyn,true
6071450,Our beautiful apt in Fort Greene,24905918838,unconfirmed,Rebecca,Brooklyn,Fort Greene,40.69276,-73.97061,United States,US,true,strict,Entire home/apt,2013,679.0,136.0,3,3,2019-06-30,0.06,2,1,92,,,Brooklyn,true
6072002,Charming & Modern One Bedroom in BK,84262071868,unconfirmed,Israel,Brooklyn,Clinton Hill,40.68524,-73.9607,United States,US,false,moderate,Entire home/apt,2020,893.0,179.0,3,125,2019-06-25,2.6,2,1,133,No Smoking.  No pets except by special arrangement.   Please keep reasonably quiet when in the apartment/building--this is a quiet and densely populated neighborhood. Please DO NOT leave trash on the street.  Separate recycling. Contact me if trash needs to be removed during your stay.,,Brooklyn,true
6072555,Prime West Village w/Outdoor Patio,90853100801,unconfirmed,Drew,Manhattan,West Village,40.73669,-74.00375,United States,US,false,moderate,Entire home/apt,2006,1098.0,220.0,3,5,2016-05-15,0.1,5,1,364,,,Manhattan,true
6073107,Beautiful Brooklyn Brownstone,68582965292,verified,Megan,Brooklyn,Bedford-Stuyvesant,40.6811,-73.95275,United States,US,true,moderate,Private room,2004,441.0,88.0,1,0,,,2,1,-6,"Use of all of kitchen except gas stove/oven. There is a microwave, sink, plates and all other basic kitchen utensils. No fire or lit candles.",,Brooklyn,true
6073659,Airy Living Room | 15 min. to GC,9598659400,verified,Sarah,Queens,Sunnyside,40.74439,-73.92163,United States,US,false,moderate,Shared room,2021,690.0,138.0,1,1,2015-06-28,0.02,5,2,326,"Please remember that this is a residential building. The building rules, apartment occupancy restrictions, and the year-round tenants must be respected. There is no smoking allowed in the apartments and significant fees will take place if occurs.",,Queens,true
6074212,NO FEE RENTAL *Lease Takeover Modern Apt Downtown,60627453207,verified,Monica,Manhattan,Financial District,40.70809,-74.0017,United States,US,true,strict,Entire home/apt,2008,856.0,171.0,1,0,,,3,1,286,"Please don't fiddle around with my stuff or annoy the neighbors.  I don't charge a cleaning fee, please strip the bed of the sheets and leave all used towels in the bath tub. Thanks.",,Manhattan,true
6074764,1 bdr in the heart of Harlem,31012769204,verified,Jonathan,Manhattan,Harlem,40.81054,-73.94447,United States,US,true,flexible,Private room,2016,816.0,163.0,1,0,,,3,1,161,Absolutely no smoking in or around apartment. This includes entry way and entire Anderson Place lane. Unfortunately we are not allowed to accept children under 16.,,Manhattan,true
6075316,Large 1Br Apt + Balcony in LES!,59240106692,unconfirmed,Elena,Manhattan,Lower East Side,40.72115,-73.98308,United States,US,false,strict,Entire home/apt,2008,162.0,32.0,5,1,2015-09-16,0.02,2,1,133,,,Manhattan,true
6075868,Clean & Cozy- Private Room by Park and Subway!,33983881137,verified,Jayanthi,Brooklyn,Flatbush,40.65452,-73.9596,United States,US,false,flexible,Private room,2020,605.0,121.0,2,55,2018-06-14,1.12,5,1,192,,,Brooklyn,true
6076421,BROWNSTONE DUPLEX HUGE 1 BEDROOM,22326090286,unconfirmed,Irving,Brooklyn,Bedford-Stuyvesant,40.68302,-73.94232,United States,US,false,moderate,Entire home/apt,2017,866.0,173.0,5,25,2019-06-03,0.53,3,2,301,NO Smoking.,,Brooklyn,true
6076973,Amazing room in uptown Manhattan,95831271296,unconfirmed,Boris,Manhattan,Washington Heights,40.85008,-73.94277,United States,US,true,strict,Private room,2014,705.0,141.0,2,95,2019-07-06,1.96,3,1,234,No Smoking Allowed.  Cats Welcome With Fee.,,Manhattan,true
6077525,Comfy room close to Columbia,83121548580,unconfirmed,Francisco,Manhattan,Morningside Heights,40.81142,-73.95978,United States,US,true,strict,Private room,2016,440.0,88.0,4,5,2018-01-02,0.1,1,1,290,"House Rules 1. Check-in is 4 pm local time. If the unit is ready earlier, we’ll let you know. Check-out is normally 11 am local time, but we’d be happy to extend it as long as we don’t have a cleaning scheduled. Just let us know.  2. All bookings require a security deposit of at least $300, which will be refunded within 7 days of your check-out. 3. For security measures we require all guests to provide proof of identification through ID verification on our own website. In order to check in we'll need a photo of your ID.  4. Our cancellation policy is as shown on our ad and defined by the site you are booking through.  5. Don’t let $300 go up in smoke. There's no smoking allowed in any Flatbook and a $300 fine for breaking this rule.  6. Unfortunately we don’t allow pets in any of our apartments. 7. Unless you’re staying in one of our specialty apartments, we don’t allow parties or excessive noise. 8. If we find the place very messy, we have to charge an extra $40 for every extra hour o",,Manhattan,true
6078078,Furnished Bedroom in 2 Bedroom apt.,43698780331,verified,Etkin,Queens,Long Island City,40.756,-73.9205,United States,US,true,flexible,Private room,2021,1049.0,210.0,7,0,,,4,1,34,,,Queens,true
6078630,"Elegant 1BR, Private Bath in Brownstone",37385825013,verified,Emily And Joel,Brooklyn,Park Slope,40.6688,-73.97865,United States,US,false,flexible,Private room,2013,985.0,197.0,1,184,2019-02-10,3.86,4,4,407,NO Smoking,,Brooklyn,true
6079182,park slope duplex with yard,18572370488,verified,Liz,Brooklyn,Park Slope,40.67792,-73.98035,United States,US,true,moderate,Private room,2015,696.0,139.0,1,0,,,3,1,129,,,Brooklyn,true
6079735,Sunny 1BR on UES.,12171515616,verified,Vitaly,Manhattan,Upper East Side,40.77098,-73.95034,United States,US,true,flexible,Entire home/apt,2011,816.0,163.0,1,76,2019-06-23,1.61,2,1,79,,,Manhattan,true
6080287,Bright spacious 1BR w high ceilings,39863828636,verified,James,Manhattan,Upper West Side,40.7855,-73.97642,United States,US,true,strict,Entire home/apt,2015,636.0,127.0,1,0,,,3,1,380,,,Manhattan,true
6080839,2BR apt. in converted church with large terrace,38845651458,verified,Annika,Brooklyn,Cobble Hill,40.68836,-73.99763,United States,US,true,flexible,Entire home/apt,2016,797.0,159.0,6,6,2018-10-27,0.13,5,1,89,,,Brooklyn,true
6081391,Couch or space in shared apartment,95400690951,unconfirmed,Lisa,Manhattan,East Village,40.72815,-73.97598,United States,US,true,flexible,Shared room,2014,220.0,44.0,1,0,,,2,1,175,No Smoking No Pets No Parties No Loud Music,,Manhattan,true
6081944,NYC Chauncey 2 .20 min to manhattan,26326930315,verified,Michael,Brooklyn,Bedford-Stuyvesant,40.68237,-73.91977,United States,US,false,flexible,Private room,2021,602.0,120.0,1,123,2019-03-17,2.95,2,4,200,NO Smoking Pets Allowed with a $375 non refundable pet fee.,,Brooklyn,true
6082496,Quiet Bushwick Bedroom,70937504498,verified,Stonie,Brooklyn,Bushwick,40.69289,-73.92312,United States,US,true,moderate,Private room,2016,524.0,105.0,1,3,2017-01-11,0.06,2,1,225,,,Brooklyn,true
6083048,Gigantic Private Brooklyn Apartment,55330806381,verified,Nikki,Brooklyn,Greenpoint,40.72442,-73.93957,United States,US,false,moderate,Entire home/apt,2015,694.0,139.0,10,2,2016-07-06,0.04,1,1,33,,,Brooklyn,true
6083601,Sunny & Spacious near Central Park,41624631525,verified,Guida,Manhattan,East Harlem,40.79674,-73.94449,United States,US,true,moderate,Private room,2016,177.0,35.0,5,4,2016-01-06,0.08,1,1,323,,,Manhattan,true
6084153,Alexander's 2BR Luxury Quarters,32736284559,verified,Juan,Brooklyn,Bedford-Stuyvesant,40.6874,-73.9383,United States,US,true,strict,Entire home/apt,2009,294.0,59.0,3,123,2019-06-26,2.53,4,1,203,,,Brooklyn,true
6084705,"Near LGA, Citifield, US Open Tennis",97606085736,verified,Carmen,Queens,East Elmhurst,40.76578,-73.86424,United States,US,false,strict,Private room,2013,609.0,122.0,1,209,2019-06-11,4.38,3,1,270,"House Rules 1. Check-in is 4 pm local time. If the unit is ready earlier, we’ll let you know. Check-out is normally 11 am local time, but we’d be happy to extend it as long as we don’t have a cleaning scheduled. Just let us know.  2. All bookings require a security deposit of at least $300, which will be refunded within 7 days of your check-out. 3. For security measures we require all guests to provide proof of identification through ID verification on our own website. In order to check in we'll need a photo of your ID.  4. Our cancellation policy is as shown on our ad and defined by the site you are booking through.  5. Don’t let $300 go up in smoke. There's no smoking allowed in any Flatbook and a $300 fine for breaking this rule.  6. Unfortunately we don’t allow pets in any of our apartments. 7. Unless you’re staying in one of our specialty apartments, we don’t allow parties or excessive noise. 8. If we find the place very messy, we have to charge an extra $40 for every extra hour o",,Queens,true
6085258,Bright Bedroom in Bustling Bed Stuy Brooklyn,17339949163,unconfirmed,Amber,Brooklyn,Bedford-Stuyvesant,40.68742,-73.92825,United States,US,false,flexible,Private room,2022,77.0,15.0,2,34,2019-07-01,0.7,5,3,299,"It is a residential building so all of the residential building rules apply and must be fallow. I have zero tolerance for parties, noise and smoking.",,Brooklyn,true
6085810,Private room in the best part of BK,4746552394,verified,Brad,Brooklyn,Crown Heights,40.66743,-73.94712,United States,US,false,flexible,Private room,2011,516.0,103.0,7,49,2019-06-01,1.01,2,1,425,No Smoking. Pets Allowed with fee.,,Brooklyn,true
6086362,1 BR apartment sublet.,15723384490,verified,Tassili,Manhattan,Harlem,40.80594,-73.95363,United States,US,true,flexible,Entire home/apt,2011,247.0,49.0,5,0,,,2,1,327,* No smoking indoors.  * No pets  * No loud/large parties.  * Please clean up before checking out. Any major clean-up service required may be deducted from the deposit.  * Guests staying longer than one week are responsible for keeping the space tidy. We provide cleaning supplies.  * Additional guests permitted for an extra charge per person per night (see price table).,,Manhattan,true
6086914,2 block walk from the beach in NYC,70051719594,verified,Vladimir,Queens,Arverne,40.5927,-73.7899,United States,US,false,strict,Entire home/apt,2010,566.0,113.0,2,89,2019-05-26,1.82,2,1,394,,,Queens,true
6087467,Williamsburg family home -3 bedroom,23540078751,verified,Lou,Brooklyn,Williamsburg,40.71558,-73.93926,United States,US,false,strict,Entire home/apt,2011,643.0,129.0,5,4,2016-03-27,0.08,5,1,157,* No smoking indoors.  * No pets  * No loud/large parties.  * Please clean up before checking out. Any major clean-up service required may be deducted from the deposit.  * Guests staying longer than one week are responsible for keeping the space tidy. We provide cleaning supplies.  * Additional guests permitted for an extra charge per person per night (see price table).,,Brooklyn,true
6088019,Patio Oasis in Upper East Side,41141109074,verified,Margaret,Manhattan,Upper East Side,40.77703,-73.94773,United States,US,true,strict,Entire home/apt,2003,208.0,42.0,4,8,2016-08-08,0.17,5,1,159,"- NO SMOKING (You'll have to do that outside if you smoke) - Please keep the house like you found it - Please don't leave a mess - Please don't leave things dirty. - If you use the bathroom, clean or wipe things down  - If you use the kitchen, please clean dishes and wipe things down as well - No guest allowed - you can meet friends at other venues - Shoes off in the apartment - please leave by the door. If you would like please bring some slippers. - Please keep things quiet after 10pm - If you smoke, you must go outside! NO smoking inside! (the full security deposit will be withheld if a guest smokes in the house) - If you cook, please turn the fan on. - Please use your common sense, and if you are not sure, ask... - Remember, this is my house - so please treat it with respect.",,Manhattan,true
6088571,Adorable One-Bed in Williamsburg!,20914678851,verified,Taylor,Brooklyn,Williamsburg,40.71687,-73.94656,United States,US,false,strict,Entire home/apt,2005,388.0,78.0,1,66,2019-06-16,1.35,2,1,352,"• Check-in time is 2PM. Check-out time is 11am (Unless discussed)  • Not suitable for pets • No smoking Keep it clean. No smoking Voices kept low in the hallways If neighbors come by due to noise complaints/partying please turn it down. Beer Pong must be played with water in the play cups. (This is a cardinal rule, if violated will result in a negative review) Please be courteous to all the neighbors and practice common sense. If there are additional guests after midnight they will count towards the extra guest fee. Cost of Damages: Lost Key ($250) Additional Cleaning Needed includes, sticky floors, excess trash, stained walls, etc($50/hr)",,Brooklyn,true
6089124,"Loft Space for Events, Meetings & Shoots",85557432222,unconfirmed,Kalin,Manhattan,Flatiron District,40.74068,-73.98999,United States,US,true,flexible,Entire home/apt,2016,618.0,124.0,1,177,2019-06-29,3.78,4,1,410,Keep the apartment clean and damage free please.,,Manhattan,true
6089676,Lrg room 1 block from Prospect Park,74549151787,unconfirmed,Dave,Brooklyn,Flatbush,40.65231,-73.96189,United States,US,false,flexible,Private room,2006,306.0,61.0,3,0,,,1,1,200,"House Rules 1. Check-in is 4 pm local time. If the unit is ready earlier, we’ll let you know. Check-out is normally 11 am local time, but we’d be happy to extend it as long as we don’t have a cleaning scheduled. Just let us know.  2. All bookings require a security deposit of at least $300, which will be refunded within 7 days of your check-out. 3. For security measures we require all guests to provide proof of identification through ID verification on our own website. In order to check in we'll need a photo of your ID.  4. Our cancellation policy is as shown on our ad and defined by the site you are booking through.  5. Don’t let $300 go up in smoke. There's no smoking allowed in any Flatbook and a $300 fine for breaking this rule.  6. Unfortunately we don’t allow pets in any of our apartments. 7. Unless you’re staying in one of our specialty apartments, we don’t allow parties or excessive noise. 8. If we find the place very messy, we have to charge an extra $40 for every extra hour o",,Brooklyn,true
6090228,Wonderful artists' loft in Brooklyn,9184535139,unconfirmed,Daniel,Brooklyn,Crown Heights,40.66673,-73.96127,United States,US,true,moderate,Entire home/apt,2003,250.0,50.0,1,0,,,1,1,276,#NAME?,,Brooklyn,true
6090781,Columbus Ave Apt 1 block from Park,50908010324,verified,Lawrence,Manhattan,Upper West Side,40.77408,-73.98181,United States,US,false,strict,Entire home/apt,2005,1139.0,228.0,5,17,2019-01-04,0.35,5,1,134,#NAME?,,Manhattan,true
6091333,3BR/1 Ba in TriBeCa w/ outdoor deck,53266862889,unconfirmed,Nick,Manhattan,Tribeca,40.71845,-74.01183,United States,US,false,moderate,Entire home/apt,2016,787.0,157.0,1,0,,,2,1,177,"Guests should treat my home as if it were their own. While my valuables are locked and kept away, I do ask that guests respect my private closet space and the items located within. Please, no smoking.",,Manhattan,true
6091885,"Welcoming, Clean, Cheap on St Marks",33188605074,verified,Felipe,Manhattan,East Village,40.72826,-73.98422,United States,US,true,strict,Private room,2017,1099.0,220.0,1,8,2015-09-06,0.16,4,2,152,* No smoking indoors.  * No pets  * No loud/large parties.  * Please clean up before checking out. Any major clean-up service required may be deducted from the deposit.  * Guests staying longer than one week are responsible for keeping the space tidy. We provide cleaning supplies.  * Additional guests permitted for an extra charge per person per night (see price table).,,Manhattan,true
6092437,Spare room in Williamsburg,12312296767,verified,Krik,Brooklyn,Williamsburg,40.70862,-73.94651,United States,US,false,flexible,Private room,2003,844.0,169.0,1,0,,,3,1,227,No Smoking No Parties or Events of any kind Please take out your shoes when you arrive. Remember you are not a tenant you are a Guest of the Host.,,Brooklyn,true
6092990,Best Location near Columbia U,77864383453,unconfirmed,Mifan,Manhattan,Morningside Heights,40.8046,-73.96545,United States,US,true,moderate,Private room,2016,837.0,167.0,1,1,2015-07-06,0.02,2,2,395,"House rules: Guests agree to the following terms and conditions 1.Guest(s) agree to NO PARTIES anywhere on the property. Legal action will be taken for parties that cause damages to the unit, property, reputation, or relationship with building staff or other residents.  2.Smoking of any kind is not permitted in the unit or on the premises.  3.Guests agree to abide by maximum occupancy of unit, and observe quiet hours between 9pm and 9am 4.Guests are responsible for action of ALL GUESTS occupying their unit at all times.  5.Guests agree to return all keys, remotes, and parking passes. Replacement fees may apply for unreturned items 6.Guests understand that onsite building staff (maintenance and concierge) are not affiliated with Jordan or AIRBNB. Please contact me directly for any needed items. 7.Guests understand that no pets are to be in the unit.  8.Guests agree to pay replacement cost for any unreturned items, and $125 per hour fee for unauthorized early checkin or late checkout.  11",,Manhattan,true
6093542,"Comfy, bright room in Brooklyn",69050334417,unconfirmed,Megan,Brooklyn,Park Slope,40.67505,-73.98045,United States,US,true,moderate,Private room,2009,988.0,198.0,3,0,,,5,1,342,,,Brooklyn,true
6094094,Big Studio-One Stop from Midtown,11160591270,unconfirmed,Christopher,Queens,Long Island City,40.74989,-73.93777,United States,US,true,strict,Entire home/apt,2015,546.0,109.0,2,5,2015-10-11,0.1,3,1,386,,,Queens,true
6094647,585 sf Luxury Studio,68170633372,unconfirmed,Rebecca,Manhattan,Upper West Side,40.76807,-73.98342,United States,US,false,flexible,Entire home/apt,2010,1032.0,206.0,1,0,,,3,1,69,,,Manhattan,true
13969892,Private Room in Sunny Williamsburg location,81435132988,verified,Dana,Brooklyn,Williamsburg,40.7084,-73.9551,United States,US,true,strict,Private room,2012,270.0,54.0,2,3,2017-07-24,0.12,2,1,0,"No smoking permitted, no pets.",,Brooklyn,true
13970445,Hamptons-esque Brooklyn Condo,92780269224,verified,Lindsay,Brooklyn,Prospect-Lefferts Gardens,40.65704,-73.95757,United States,US,true,flexible,Entire home/apt,2013,88.0,18.0,1,1,2017-06-22,0.04,1,1,0,"This is a non-smoking building. Absolutely no smoking of any kind is permitted. Please respect that this is a quiet, peaceful building; please keep the volume of voice and television at a reasonable level. No pets, please.",,Brooklyn,true
13970997,Sunny Spacious 2 bedroom condo,63177292896,unconfirmed,Michelle,Brooklyn,Canarsie,40.62986,-73.90638,United States,US,true,moderate,Private room,2012,658.0,132.0,2,45,2019-06-30,1.78,4,1,41,,,Brooklyn,true
13971549,"Parks, Marina and New York skyline in one place.",66351767512,unconfirmed,Ari,Manhattan,Battery Park City,40.71588,-74.01691,United States,US,true,strict,Entire home/apt,2018,519.0,104.0,4,0,,,4,1,0,,,Manhattan,true
13972102,Central Manhattan Apt,61758503744,verified,Peter,Manhattan,Kips Bay,40.74214,-73.98048,United States,US,false,strict,Private room,2022,917.0,183.0,7,1,2018-12-22,0.15,2,1,332,"Building is quite, so that's the expectation.",,Manhattan,true
13972654,Large Private 1 Bedroom Apt in Hell's Kitchen Area,74894750586,unconfirmed,Justin,Manhattan,Hell's Kitchen,40.76619,-73.98987,United States,US,true,strict,Entire home/apt,2020,601.0,120.0,3,17,2019-05-11,0.67,2,1,5,"Please Note: This unit was just renovated in May 2015 and it comfortably accommodates 4 guests, but up to 5 guests are permitted if you so desire (two guests in each bedroom and 1 guest on the available air mattress). Please request an air mattress (if needed) when making a reservation. No smoking, no pets, no parties, and must be 25 years old to book.   For check-out, please ensure: -  All plates and cups are left in the sink or dishwasher -  All trash is left in the kitchen trash can or bagged and left next to the trash can (additional bags are under the sink) -  All windows are closed and locked -  If used, the air mattresses are deflated and put away (please leave used linens for the air mattresses on the floor) -  If furniture was moved during your stay, please return to its original location Please be mindful to our neighbors in the building; quiet hours after 10pm. Please be considerate of our next guests who will be staying after you, if something is broken or needs fixing, ple",,Manhattan,true
13973206,4 Bed 3.5 Bath in Manhattan,21062689096,unconfirmed,Abcstay,Manhattan,West Village,40.73983,-74.00586,United States,US,true,flexible,Entire home/apt,2016,889.0,178.0,30,6,2018-01-19,0.24,4,1,0,"Absolutely no smoking, indoors or outdoors. No pets.",,Manhattan,true
13973758,Comfy Queen Size Bed Near Prospect Park!,21195593487,unconfirmed,Lisanne,Brooklyn,Prospect-Lefferts Gardens,40.65871,-73.95263,United States,US,false,flexible,Private room,2018,571.0,114.0,2,15,2019-06-12,0.59,1,1,251,"Overall please treat the apartment as you would you own home, Keeping it as clean and tidy as you found it.  Please clean up before checking out. Any major clean-up service required may be deducted from the deposit.  No Loud / Large Parties. Quiet hours are 11pm till 9am Please include the number of people who will be staying before you reserve this apartment. No extra guests other than the maximum 2 allowed who booked  All smoking should be done outside, as this is a smoke free environment.",,Brooklyn,true
13974311,Private Cabin in New-York City (Chelsea Dictrict),73515783230,unconfirmed,Maria,Manhattan,Chelsea,40.74806,-73.99665,United States,US,false,strict,Private room,2012,206.0,41.0,,77,2019-06-20,3.84,2,5,310,,,Manhattan,true
13974863,Private Room in Lower East Side Apartment,651454903,unconfirmed,Maddy,Manhattan,Lower East Side,40.7231,-73.9927,United States,US,false,moderate,Private room,2010,689.0,138.0,,0,,,1,1,0,,,Manhattan,true
13975415,"Spacious, Quiet, Cozy Art-Filled Chelsea Apartment",95188733152,unconfirmed,George,Manhattan,Chelsea,40.74183,-73.99878,United States,US,false,flexible,Entire home/apt,2003,626.0,125.0,,10,2019-06-23,0.72,1,1,104,,,Manhattan,true
13975968,Furnished Studio on Upper East Side,23765993225,verified,Jarid,Manhattan,Upper East Side,40.77138,-73.95353,United States,US,false,strict,Entire home/apt,2006,353.0,71.0,,0,,,4,1,0,"No smoking, please.",,Manhattan,true
13976520,Entire apartment 2 beds/2baths with Rooftop !,65863488278,verified,Sandra,Manhattan,Harlem,40.80545,-73.95489,United States,US,true,strict,Private room,2021,226.0,45.0,,3,2017-12-31,0.12,3,1,0,,,Manhattan,true
13977072,King size room in foodie heaven!,3470529701,unconfirmed,Michael,Queens,Astoria,40.77084,-73.92601,United States,US,true,flexible,Private room,2017,484.0,97.0,,0,,,1,1,0,,,Queens,true
13977625,Large  private room in a nice apartment,49747569066,unconfirmed,Miriam,Manhattan,Harlem,40.82634,-73.95061,United States,US,true,flexible,Private room,2021,125.0,25.0,,18,2019-01-06,0.75,5,1,179,,,Manhattan,true
13978177,2bed Williamsburg Loft w Roof Access + City Views,2151054051,unconfirmed,Ashley,Brooklyn,Williamsburg,40.72059,-73.95847,United States,US,true,moderate,Entire home/apt,2016,538.0,108.0,,42,2018-11-04,1.71,1,1,0,No Smoking No Pets,,Brooklyn,true
13978729,"Great and Cozy 2 BR in Glendale ,Queens NY",43769109717,verified,Joanna,Queens,Glendale,40.70388,-73.88012,United States,US,false,strict,Entire home/apt,2017,291.0,58.0,,117,2019-06-30,5.33,1,1,3,,,Queens,true
13979281,spacious 2 beds in the LES w garden,538762830,unconfirmed,Alessandra,Manhattan,Lower East Side,40.71284,-73.99066,United States,US,false,flexible,Entire home/apt,2007,609.0,122.0,2,0,,,4,2,0,#NAME?,,Manhattan,true
13979834,Private bedroom with balcony in Williamsburg,34685474931,verified,Nolwenn,Brooklyn,Williamsburg,40.70866,-73.95003,United States,US,true,strict,Private room,2005,546.0,109.0,7,1,2017-06-24,0.04,4,1,0,,,Brooklyn,true
13980386,2 bedroom family luxury modern,98402835539,verified,Hilary,Manhattan,Upper West Side,40.77565,-73.98684,United States,US,true,moderate,Entire home/apt,2021,333.0,67.0,6,0,,,4,1,105,No pets. No smoking. Please :),,Manhattan,true
13980938,Perfect Williamsburg room!,48449921074,verified,Martijn,Brooklyn,Williamsburg,40.71099,-73.95267,United States,US,false,moderate,Private room,2008,1080.0,216.0,14,1,2018-09-20,0.1,5,1,0,Please know you will be living with others and must be courteous and respectful.,,Brooklyn,true
13981491,Nice apartment near Lincoln Center,51250096002,verified,Yuhua,Manhattan,Upper West Side,40.77317,-73.98729,United States,US,false,moderate,Entire home/apt,2022,852.0,170.0,30,0,,,1,1,117,,,Manhattan,true
13982043,HUGE ROOM WITH PRIVATE KITCHEN- Manhattan -,73692071415,unconfirmed,Yifat,Manhattan,Murray Hill,40.74736,-73.97838,United States,US,false,moderate,Private room,2019,168.0,34.0,10,0,,,3,1,19,No pets. No smoking. Please :),,Manhattan,true
20295937,Sunny and Bright Room,58602183003,unconfirmed,Claudina,Brooklyn,Bedford-Stuyvesant,40.69321,-73.93686,United States,US,true,moderate,Private room,2022,667.0,133.0,2,2,2019-05-18,0.97,2,5,342,No smoking and illegal drug use. Please Minimize noise after 1030pm No guests,,Brooklyn,true
20296489,Cozy Brooklyn Room with private bathroom,78648228960,unconfirmed,Peach,Brooklyn,Bedford-Stuyvesant,40.68891,-73.95164,United States,US,true,strict,Private room,2006,386.0,77.0,1,1,2018-08-20,0.09,4,1,0,,,Brooklyn,true
20297041,Fam-Friendly Brooklyn Brownstone w. Vintage charm,1570276266,unconfirmed,Ashley,Brooklyn,Bedford-Stuyvesant,40.68398,-73.93464,United States,US,true,moderate,Entire home/apt,2019,979.0,196.0,2,6,2019-06-27,2.02,4,1,0,No smoking  Ask about additional fee for pets,,Brooklyn,true
20297593,Huge Apartment Midtown Manhattan Empire State Bldg,5273160321,verified,Mohit,Manhattan,Kips Bay,40.74462,-73.97838,United States,US,true,strict,Entire home/apt,2021,92.0,18.0,3,4,2019-03-25,0.53,5,1,0,Respectful and with great attitudes,,Manhattan,true
20298146,Beach-side basement media room,23930476334,verified,Dawid,Staten Island,New Dorp Beach,40.56629,-74.10331,United States,US,true,flexible,Private room,2008,900.0,180.0,2,18,2019-06-07,1.67,4,1,178,We love our home and enjoy sharing it with others. We hope you'll treat it as with as much care as we do. Our neighbors are friendly and quiet. We hope you'll fit right in.,,Staten Island,true
20298698,Apartment in the Heart of Manhattan,91480098254,unconfirmed,Meryl,Manhattan,Hell's Kitchen,40.75597,-73.9955,United States,US,false,moderate,Entire home/apt,2013,694.0,139.0,14,15,2019-07-01,1.8,3,1,0,Shoes must be removed after entering the house. The cats are strictly indoor. No smoking,,Manhattan,true
20299250,Place for sleeping and exploring NYC,70282969021,unconfirmed,Linda,Manhattan,Harlem,40.82005,-73.93949,United States,US,false,flexible,Private room,2021,1114.0,223.0,1,21,2019-06-17,1.94,2,2,58,- $20 per extra person. Maximum 2 person for attic room.,,Manhattan,true
20299803,New York Apartment,6752440226,verified,Mansi,Manhattan,Nolita,40.72194,-73.99557,United States,US,true,flexible,Private room,2015,1062.0,212.0,1,9,2018-10-20,0.85,2,1,179,- 1 floor,,Manhattan,true
20300355,both world getting to the city and safe place,12188903696,verified,Nathan,Bronx,Parkchester,40.8358,-73.85833,United States,US,true,strict,Shared room,2008,359.0,72.0,2,4,2018-11-25,0.39,5,2,0,1. No pets allowed.  2. No Children under the age of 10 allowed.  3. No smoking inside the house. You may smoke outside.  4. No wearing shoes inside the house. We will give you slippers for you to wear.  5. Quiet time starts at 11pm,,Bronx,true
20300907,"Charming Chelsea Bungalow w/
Large Outdoor Terrace",36641817695,unconfirmed,Francesca,Manhattan,Chelsea,40.74557,-73.99871,United States,US,true,flexible,Entire home/apt,2010,985.0,197.0,2,14,2019-05-26,1.51,5,1,28,This listing is located in a residential area and so all the regular rules of living in a residential area apply.  Please be kind to the neighbors - we know and love them!  Please keep BBQs/outside activity to a minimum after 9 or 10PM.,,Manhattan,true
20301460,Sunny Large 1BR w/balcony,17311586096,unconfirmed,Richard,Queens,Bayside,40.76189,-73.77349,United States,US,false,flexible,Entire home/apt,2006,538.0,108.0,2,7,2019-07-05,0.9,4,1,41,"1. You must be 25 years of age to rent this home and provide proof of age, if requested. 2. This is a non-smoking home. Any evidence of smoking in and around the property will result in forfeiture of your security deposit. 3. The home has a maximum occupancy of six people. Renters who exceed the occupancy limit and or falsify information at the time of reservation are subject to eviction. 4. Well-behaved dogs are allowed with written owner permission at time of booking, additional fee and security deposit required 5. House parties are strictly prohibited and are grounds for immediate eviction. 6. Illegal substances are strictly prohibited and are grounds for immediate eviction. 7. When you arrive, the home will be clean and we request that you leave it in good order. We will provide you with a detailed check-in and check-out procedures, as well as the code for the keyless entry lock, several days prior to your arrival. 8. Any exception to the rules here must be approved in writing in a",,Queens,true
20302012,Gorgeous 3BR Home Bear JFK & only 25min to NYC,9995186139,unconfirmed,Bryant,Queens,Laurelton,40.67563,-73.74713,United States,US,true,strict,Entire home/apt,2006,263.0,53.0,2,6,2019-06-15,0.97,2,2,317,We love our home and enjoy sharing it with others. We hope you'll treat it as with as much care as we do. Our neighbors are friendly and quiet. We hope you'll fit right in.,,Queens,true
20302564,Beautiful 4 Bdrm Home - 25 min from Manhattan,7705781159,unconfirmed,Bryant,Queens,Laurelton,40.67525,-73.74625,United States,US,false,flexible,Entire home/apt,2008,205.0,41.0,2,6,2019-06-24,0.92,4,2,321,"No parties, no smoking.",,Queens,true
20303116,"Chic, Spacious Upper West Side Studio",80993501214,unconfirmed,Abbey,Manhattan,Upper West Side,40.78348,-73.98383,United States,US,false,moderate,Entire home/apt,2007,368.0,74.0,2,18,2019-06-21,1.74,5,1,1,Two guest maximum and no pets please. No smoking or candles.,,Manhattan,true
20303669,Brooklyn Private Apartment,27593217400,verified,Maria,Brooklyn,Borough Park,40.6448,-73.99524,United States,US,true,moderate,Entire home/apt,2017,385.0,77.0,2,5,2019-01-04,0.52,4,1,3,"I expect guest to respect that this is my personal home, I live here, and to fully respect the space and my belongings as you would your own.  This is not a hotel and the space does not feel like a hotel or rental that other guests are constantly moving in and out of. Please do not light candles in the house or anything that would be a fire hazard.  Please clean up after yourself.  No smoking in the house No pets please Please be respectful of my belongings and do not move anything around. When using the firepit, please use caution. If plants look like they could use a little water, feel free to give them a little!",,Brooklyn,true
20304221,Beautiful Historic Townhouse w/ Backyard(Duplex),51940635152,unconfirmed,Laurence,Manhattan,Harlem,40.80722,-73.9491,United States,US,true,strict,Entire home/apt,2006,730.0,146.0,3,31,2019-07-03,3.07,2,1,358,,,Manhattan,true
20304773,Spacious 2BR with Private Patio in Lower East Side,56222707109,unconfirmed,Adam,Manhattan,Lower East Side,40.71586,-73.98908,United States,US,false,flexible,Entire home/apt,2021,133.0,27.0,4,16,2019-05-18,1.46,4,1,56,,,Manhattan,true
20305326,Studio Apartment in historic Sugar Hill townhouse,76800663749,unconfirmed,Paula,Manhattan,Harlem,40.82862,-73.93832,United States,US,true,strict,Entire home/apt,2009,1000.0,200.0,2,23,2019-07-01,2.24,3,2,16,-We do not allow pets because we already have a small dog in the house but he is very friendly! -Please make sure to close the back door when you are coming in and out.,,Manhattan,true
20305878,Beautiful room in a newly renovated apartment!,10458506259,unconfirmed,Olga,Manhattan,Upper West Side,40.7956,-73.97219,United States,US,false,moderate,Private room,2014,644.0,129.0,1,31,2019-06-24,3.0,4,3,112,"Please be aware, check in is NO earlier than 6pm on weekdays. We can make no exceptions. Weekends are more flexible.",,Manhattan,true
20306430,Williamsburg Studio- Steps Away from Lorimer L,18055428564,verified,Emily,Brooklyn,Williamsburg,40.71094,-73.95026,United States,US,false,moderate,Entire home/apt,2005,631.0,126.0,2,20,2019-06-06,2.0,4,1,0,,,Brooklyn,true
20306983,Room with a View,31070626058,verified,Anny,Bronx,Kingsbridge,40.88354,-73.89061,United States,US,false,moderate,Private room,2006,459.0,92.0,3,0,,,3,1,89,"Please no loud noise after 10pm as others do live here Check in after 3pm Check out at 11am Would appreciate it if you removed linens from bed post stay (not a requirement, just as a courtesy) NO SMOKING in room We do have an indoor porch if you're a smoker outside apartment",,Bronx,true
20307535,"Comfy, Beautiful Apt with Breakfast Included",83382332065,verified,Deborah/Aston,Brooklyn,East New York,40.67661,-73.87488,United States,US,false,strict,Entire home/apt,2010,887.0,177.0,2,43,2019-07-05,4.13,2,1,95,"This apartment is located on a third floor, no elevator. Guest must be considered and respectful with the noise level. No stumping or running please.",,Brooklyn,true
20308087,Harlem Gem,97528248465,unconfirmed,Erica,Manhattan,East Harlem,40.80147,-73.94432,United States,US,true,moderate,Entire home/apt,2020,813.0,163.0,3,2,2018-12-10,0.19,3,1,0,"We ask that you are respectful of the space you are staying in. Please take off your shoes when you enter to help keep the space clean. Space heaters are available for use but should not be left on if you leave. The space is thickly insulated and sound proof so it retains heat very well. If you use the kitchen, please clean up after yourself. This is not a party house so please be respectful at late hours by not making tons of noise outside.",,Manhattan,true
20308639,Pleasant Place 5 mins away from JFK Airport,2746865489,unconfirmed,Paula,Queens,Springfield Gardens,40.66333,-73.7661,United States,US,true,moderate,Private room,2010,435.0,87.0,14,12,2019-05-19,1.14,5,1,341,"Enjoy our home and please leave it clean & tidy like you found it :) Thank you for not smoking. Sorry, no pets even though we love them. We have nice respectful neighbors so no loud music or parties. Hanging out & music are fine just keep others in mind :)  Thank you!",,Queens,true
20309192,Great Room Great Price,77045342277,verified,Carmen,Staten Island,Port Richmond,40.63577,-74.13113,United States,US,true,flexible,Private room,2019,441.0,88.0,1,17,2018-12-15,1.55,3,1,0,#NAME?,,Staten Island,true
20309744,Cozy Brooklyn Apartment,51604923776,unconfirmed,Ace,Brooklyn,Bushwick,40.7015,-73.93566,United States,US,false,moderate,Entire home/apt,2010,625.0,125.0,7,5,2018-10-31,0.53,2,1,0,No Smoking. No Pets. Enjoy a morning cup of coffee as you sit on the shady porch. Like use of the kitchen area.,,Brooklyn,true
20310296,Bay Ridge Bklyn entire spacious Basement Apartment,11166169459,verified,Alkhadher,Brooklyn,Bay Ridge,40.63895,-74.02599,United States,US,true,strict,Entire home/apt,2007,830.0,166.0,2,24,2019-07-05,2.26,3,1,130,be respectful Take off your shoes at the door,,Brooklyn,true
20310849,Newly Renovated Brooklyn Brownstone - Private,53279156991,unconfirmed,Chantal,Brooklyn,Bedford-Stuyvesant,40.68737,-73.93478,United States,US,false,flexible,Entire home/apt,2007,924.0,185.0,1,68,2019-07-03,6.26,3,1,261,,,Brooklyn,true
20311401,Bushwick Retreat (for dog lovers only),68606311115,verified,Nada,Brooklyn,Bushwick,40.69098,-73.92128,United States,US,true,moderate,Private room,2006,430.0,86.0,1,14,2019-06-30,1.38,4,1,81,,,Brooklyn,true
20311953,Gorgeous 1 Bedroom on the Park,1822651645,verified,Woods,Brooklyn,Fort Greene,40.69028,-73.97484,United States,US,true,strict,Entire home/apt,2012,937.0,187.0,3,16,2019-06-24,1.63,5,1,0,No smoking.  No guests without previous discussion with host.,,Brooklyn,true
20312506,New York Hotel,43361788253,unconfirmed,Christine,Manhattan,Midtown,40.75355,-73.97352,United States,US,false,flexible,Private room,2022,618.0,124.0,7,3,2019-05-30,1.23,5,1,184,No smoking  Respect to others,,Manhattan,true
20313058,Awesome Private Room Big Windows,72493468101,unconfirmed,Dee Daisy And Peter,Brooklyn,Bedford-Stuyvesant,40.69085,-73.95079,United States,US,false,moderate,Private room,2011,186.0,37.0,30,27,2019-06-06,2.7,2,4,319,"Smoking allowed outside, on grounds, pets under 10 lb sitting available additional charge and events possibly  pre aproved by owners,",,Brooklyn,true
20313610,Beautiful Private Room Big Windows,46772147010,unconfirmed,Dee Daisy And Peter,Brooklyn,Bedford-Stuyvesant,40.69025,-73.95042,United States,US,false,moderate,Private room,2021,755.0,151.0,30,11,2019-04-18,1.02,3,4,361,"Smoking: Absolutely no smoking indoors. If you need to smoke please do it on the porch and dispose of cigarette butts in the ashtrays provided. Additional Guests: Please do not arrive with more guests than are booked to stay nor invite visitors at any time. Children: The apartment is not suitable for children under the age of 12. Pets: We will graciously host friendly, well mannered, house trained dogs that are 50 pounds or less. We cannot accommodate cats or other pets. Facilities: Guests are expected to leave spaces clean and tidy after each use. Kitchen use is restricted to light use only: Kettle/Coffee, Microwave, and Refrigerator. Please take this into consideration when planning your stay. Quiqet Time: Please be aware that this is also our home.  Quiet time is from 11pm to 6am.",,Brooklyn,true
20314162,Sunny room with roof deck in Brooklyn,90923569098,verified,Aaron,Brooklyn,Bedford-Stuyvesant,40.69199,-73.9435,United States,US,false,flexible,Private room,2004,1153.0,231.0,2,2,2018-09-09,0.19,4,2,0,This bedroom is available for a female guest only.  As a guest you will not be able to bring any friends/acquaintance during your stay. Cannot make loud noises inside or outside the house.,,Brooklyn,true
20314715,Brooklyn Private Room 20 min to Manhattan,54354773255,verified,Dee Daisy And Peter,Brooklyn,Bedford-Stuyvesant,40.69088,-73.95018,United States,US,false,flexible,Private room,2011,84.0,17.0,30,30,2019-06-04,2.84,4,4,365,"Note #1: Just be a good neighbor and respect your space and others. Note #2: Unit is second floor of building, Senior Citizens & Disabled may find difficult going upstairs.",,Brooklyn,true
20315267,Warm and Friendly Bronx Home,65091720734,verified,Harriet,Bronx,Baychester,40.87886,-73.84301,United States,US,false,moderate,Private room,2011,825.0,165.0,3,9,2019-06-11,0.87,5,2,311,,,Bronx,true
20315819,Best Apt in Queens! 3 people! Metro and everything,8660948582,verified,Qiongyao,Queens,Elmhurst,40.73543,-73.87522,United States,US,false,moderate,Private room,2021,347.0,69.0,1,2,2018-08-25,0.18,3,1,33,"In order to provide a  healthy, comfortable and safe environment the following rules must be respected and adhered to throughout your entire stay. Most of what follows is common sense or common courtesy. The rules serve to protect you as a guest by helping ensure the environment you find here is the one that we intended to create. Please keep in mind:  You will be sharing common areas with other guests or residents, and thus the cleanliness of the common areas is far more dependent upon all guests cleaning up after themselves, than it is upon my once a week cleaning. Most guests do very well in keeping common areas clean! House rules: Please do not drag luggage up the front stairs. Please leave things as they are in your room: do not remove pictures from walls, don't move furniture around, and do not remove mattress protector from the mattress. Also, it should not be necessary to say, but since some guests have done this, I must add: please do not take any of my personal possessions ou",,Queens,true
20316372,Park Avenue Haven,46677962999,verified,Anna,Manhattan,East Harlem,40.78954,-73.95076,United States,US,false,flexible,Private room,2004,362.0,72.0,1,35,2019-07-05,3.9,4,1,90,Respectful attitude would be asked. Respect would be returned!,,Manhattan,true
20316924,NEWLY RENOVATED Studio #8,63405539422,verified,Karen,Manhattan,Lower East Side,40.72264,-73.9912,United States,US,true,flexible,Entire home/apt,2022,1162.0,232.0,30,2,2019-06-01,0.77,2,9,302,,,Manhattan,true
20317476,Beautiful new apartment located in Bushwick,50222559550,unconfirmed,Manon,Brooklyn,Bushwick,40.70398,-73.92168,United States,US,false,moderate,Private room,2017,683.0,137.0,7,3,2018-10-08,0.29,3,1,0,"In order to provide a  healthy, comfortable and safe environment, the following are the rules of my house. It is your responsibility to not only read these rules once, but to be aware of and follow all of them throughout your stay at my home. Most of what follows is common sense or common courtesy. The rules serve to protect you as a guest by helping ensure that the environment you find here is the one that I intended to create. Please keep in mind:  You will be sharing common areas with other guests or residents, and thus the cleanliness of the common areas is far more dependent upon all guests cleaning up after themselves, than it is upon my once a week cleaning. Most guests do very well in keeping common areas clean! House rules: Please do not drag luggage up the front stairs. Please leave things as they are in your room: do not remove pictures from walls, don't move furniture around, and do not remove mattress protector from the mattress. Also, it should not be necessary to say, bu",,Brooklyn,true
20318029,Simplicity,91966235764,verified,Adriana,Manhattan,Washington Heights,40.85711,-73.93004,United States,US,false,flexible,Private room,2014,626.0,125.0,2,4,2019-06-15,1.67,3,2,58,No Smoking  No unregistered guest No pets  When it rain or snow please remove shoes at the door,,Manhattan,true
20318581,Williamsburg Proper,64547943472,verified,Anika,Brooklyn,Williamsburg,40.71532,-73.96209,United States,US,false,strict,Private room,2012,460.0,92.0,3,29,2019-06-28,3.19,5,3,61,"Enjoy our home and please leave it clean & tidy like you found it :) Thank you for not smoking. Sorry, no pets even though we love them. We have nice respectful neighbors so no loud music or parties.  Hanging out & music are fine just keep others in mind :) Thank you!",,Brooklyn,true
20319133,Spacious & cozy 1BR opposite Prospect Park Lake,55893567219,verified,Sultan,Brooklyn,Prospect-Lefferts Gardens,40.65661,-73.96065,United States,US,false,strict,Entire home/apt,2012,247.0,49.0,2,6,2019-04-21,0.58,5,1,0,"No Smoking, no pets, no parties and anyone coming to visit would need to be known beforehand. Along with any issue of the other amenities of the house other than the room you will be renting.",,Brooklyn,true
20319685,Spacious bedroom suite in Brooklyn brownstone,1936378712,verified,Jeff,Brooklyn,Crown Heights,40.67754,-73.94824,United States,US,true,strict,Private room,2007,544.0,109.0,1,52,2019-06-15,4.92,5,1,0,"House Rules This is a Non-Smoking, pet free home; and  our guests must use the outdoors if they wish to smoke.  Additionally, I love my home and my neighbors are great, so I also ask our guests to be respectful of both and treat my home as well as their own.  Enjoy your stay while here in Boston -  a great city!!",,Brooklyn,true
20320238,"Entire 1BR Apt, Spacious, Light, 10 mins to LGA",27288689852,verified,Sean,Queens,Astoria,40.76969,-73.92197,United States,US,true,strict,Entire home/apt,2020,495.0,99.0,2,11,2018-12-16,1.07,3,1,0,,,Queens,true
20320790,"Stylish, Artsy & Comfortable Stay Near the Ocean.",36120291279,verified,Polina,Brooklyn,Sheepshead Bay,40.59446,-73.94289,United States,US,true,flexible,Entire home/apt,2012,723.0,145.0,2,1,2019-05-20,0.59,4,1,36,,,Brooklyn,true
20321342,Charm & style galore in Boerum Hill 2BR duplex,82955222855,verified,Theresa,Brooklyn,Boerum Hill,40.68783,-73.98695,United States,US,false,moderate,Entire home/apt,2009,1178.0,236.0,2,31,2019-07-02,2.99,2,1,25,#NAME?,,Brooklyn,true
20321895,Bedroom in Luxury Waterfront Apt with Views & Pool,38093722550,verified,Henry,Brooklyn,Williamsburg,40.71739,-73.96244,United States,US,false,strict,Private room,2010,719.0,144.0,1,33,2019-06-21,3.24,4,2,11,"Available Upon Arrival - Looking for nice, neat, non smoking, responsible, and independent person(s).",,Brooklyn,true
20322447,"Be Our Guest! Live, Love Bed-Stuy",1216584980,verified,Jaran,Brooklyn,Bedford-Stuyvesant,40.68387,-73.94162,United States,US,false,strict,Entire home/apt,2005,404.0,81.0,3,44,2019-07-06,4.14,5,3,252,Available Upon Arrival,,Brooklyn,true
20322999,"Williamsburg Loft - Spacious, Sky-High Ceilings",32108646910,verified,Jay,Brooklyn,Williamsburg,40.71095,-73.95171,United States,US,false,moderate,Private room,2005,946.0,189.0,60,0,,,5,2,157,Have fun and be respectful of  others Pets are allowed after discussion as long as they are well trained and picked up after.,,Brooklyn,true
20323552,"Brooklyn /Private Bedroom & bathroom,  3 Guests",23714118150,unconfirmed,Candia,Brooklyn,Crown Heights,40.66678,-73.96148,United States,US,false,flexible,Private room,2019,421.0,84.0,3,19,2019-07-05,4.96,4,2,41,"No smoking, no pets. Use of kitchen is limited to breakfast with a continental breakfast provided and use of coffee maker, toaster and hot water.. We cannot allow cooking.  You may store drinks and snacks in the refrigerator.",,Brooklyn,true
20324104,Entire apartment in the heart of west village,885280047,unconfirmed,Josue,Manhattan,West Village,40.73397,-74.00168,United States,US,true,strict,Entire home/apt,2005,599.0,120.0,2,0,,,5,1,0,"No smoking or drug use.  No parties.  No guests other than those specified in your booking. No moving of furniture without asking Turn lights off when not in use No food in rooms, food can be stored in kitchen area Front door stays unlocked until 9pm, after ring doorbell or call host ((PHONE NUMBER HIDDEN) or (PHONE NUMBER HIDDEN)) Kitchen is not for use Check-out time no later than 11am Host's food is off limits only what is serve and put out for breakfast!",,Manhattan,true
20324656,Luxury apartment in New York City,85362825657,verified,Shumin,Queens,Long Island City,40.75118,-73.93646,United States,US,false,flexible,Private room,2017,453.0,91.0,1,0,,,3,1,0,"No smoking or drug use.  No parties.  No guests other than those specified in your booking. No moving of furniture without asking Turn lights off when not in use No food in rooms, food can be stored in kitchen area Front door stays unlocked until 9pm, after ring doorbell or call host ((PHONE NUMBER HIDDEN) or (PHONE NUMBER HIDDEN)) Kitchen not for use Check-out time no later than 11am Host's food is off limits only what is serve and put out for breakfast!",,Queens,true
20325208,9mins to LGA; 28mins to JFK (4),3663901230,verified,Omar,Queens,Woodside,40.75391,-73.90256,United States,US,false,moderate,Private room,2012,83.0,17.0,2,23,2019-06-10,2.15,5,5,156,"No smoking or drug use.  No parties.  No drinking of alcohol in room""p No guests other than those specified in your booking. No moving of furniture without asking Turn lights off when not in use No food in rooms, food can be stored in kitchen area Kitchen not in use Check-out time no later than 11am Host's food is off limits only what is serve and put out for breakfast!",,Queens,true
20325761,Beautiful shared place in Manhattan,74206827069,verified,Abraham,Manhattan,East Harlem,40.79884,-73.9424,United States,US,false,moderate,Shared room,2021,708.0,142.0,2,25,2019-05-09,2.31,5,9,12,,,Manhattan,true
20326313,Spacious room in awesome Bushwick townhouse,31263630543,unconfirmed,Sebastien,Brooklyn,Bushwick,40.69194,-73.92352,United States,US,true,moderate,Private room,2006,550.0,110.0,3,1,2018-08-29,0.1,3,1,0,,,Brooklyn,true
20326865,Luxurious Apartment in the best Location,90685746688,unconfirmed,Carlos,Manhattan,Hell's Kitchen,40.76209,-73.99875,United States,US,true,flexible,Entire home/apt,2022,1129.0,226.0,2,12,2019-06-03,1.14,3,2,2,,,Manhattan,true
20327418,Cozy shared place by Central Park Manhattan,55343836310,unconfirmed,Abraham,Manhattan,East Harlem,40.80033,-73.94201,United States,US,true,flexible,Shared room,2015,283.0,57.0,2,60,2019-06-22,5.54,2,9,109,,,Manhattan,true
20327970,The luxury East New York,30396802642,verified,Corie,Brooklyn,East New York,40.66526,-73.8937,United States,US,false,flexible,Entire home/apt,2022,356.0,71.0,2,34,2019-06-04,3.59,3,2,273,,,Brooklyn,true
20328522,Beautiful cozy apt in Manhattan,37184272193,verified,Abraham,Manhattan,East Harlem,40.80033,-73.941,United States,US,false,flexible,Shared room,2012,731.0,146.0,2,28,2019-06-10,2.58,5,9,120,Please no smoking or drugs. No parties.,,Manhattan,true
20329075,☆ Secret Hideaway - Blocks from Times Square!,81558036123,verified,Louis,Manhattan,Hell's Kitchen,40.75658,-73.99568,United States,US,false,flexible,Private room,2016,63.0,13.0,1,41,2019-06-18,3.8,5,3,64,Please be respectful and courteous of other house guests.   Please keep all common areas clean after each use i.e. kitchen and bathroom. No smoking  No pets No parties No back yard access,,Manhattan,true
20329627,Welcome to the Secret Oasis in Williamsburg,16435464870,verified,Astrid,Brooklyn,Williamsburg,40.70908,-73.95006,United States,US,true,strict,Private room,2017,409.0,82.0,1,32,2019-06-17,3.19,3,1,30,Absolutely NO smoking NOR use of drugs.  And NO shoes in the house! You will be requested to take off your shoes at the entrance.   Please Bring a positive attitude and fun spirit!,,Brooklyn,true
20330179,Spacious home in quiet Forest Hills,58492558239,verified,Sumeet,Queens,Forest Hills,40.71799,-73.85695,United States,US,true,strict,Entire home/apt,2022,1108.0,222.0,1,0,,,4,1,0,,,Queens,true
20330731,☆ Manhattan's Retreat - Blocks from Times Square!,46042736282,verified,Louis,Manhattan,Hell's Kitchen,40.75655,-73.99535,United States,US,true,strict,Private room,2020,793.0,159.0,1,44,2019-07-04,4.07,5,3,36,"We don't allow smoking, drug use, excessive parties, or loud music out of respect for our neighbors.  Please treat our home like your own! ",,Manhattan,true
20331284,☆ 2 Bedroom Apartment - Minutes from Times Square!,68697232838,unconfirmed,Louis,Manhattan,Hell's Kitchen,40.75611,-73.9937,United States,US,false,moderate,Entire home/apt,2018,771.0,154.0,1,41,2019-07-01,4.73,5,3,30,#NAME?,,Manhattan,true
20331836,Entire New York Apartment. 2 bedrooms,66117850807,verified,Ley,Manhattan,Upper East Side,40.76938,-73.95212,United States,US,true,moderate,Entire home/apt,2021,260.0,52.0,2,8,2019-06-19,1.06,5,3,62,"Quiet hours are 10 PM to 6 AM.  No smoking, even outside.  No pets.  We already have one.",,Manhattan,true
20332388,Gorgeous bright spacious loft apt in Brooklyn,40091809669,unconfirmed,Susan,Brooklyn,Bushwick,40.69815,-73.92841,United States,US,true,moderate,Entire home/apt,2017,62.0,12.0,1,2,2018-12-23,0.19,4,1,0,,,Brooklyn,true
20332941,"Modern 3Beds/2bedroom Apartment, 5min TIME SQUARE.",78498987532,verified,Ryan,Manhattan,Hell's Kitchen,40.76457,-73.98766,United States,US,true,moderate,Entire home/apt,2010,396.0,79.0,1,18,2019-06-25,1.67,5,2,55,"No smoking or drug use.  No parties.  No guests other than those specified in your booking. No moving of furniture without asking Turn lights off when not in use No food in rooms, food can be stored in kitchen area Front door stays unlocked until 9pm, after ring doorbell or call host (phone number hidden) or (phone number hidden)) Kitchen not for use Check-out time no later than 11am Host's food is off limits only what is serve and put out for breakfast!",,Manhattan,true
20333493,NYC NARNIA ROOM Walking Distance to Central Park!,89628730730,unconfirmed,Hajah,Manhattan,East Harlem,40.79709,-73.93586,United States,US,true,strict,Private room,2012,254.0,51.0,3,8,2019-04-22,0.85,2,3,95,"Please be respectful, Thank you !",,Manhattan,true
20334045,Private Bedroom in Upper East Side,176369804,unconfirmed,Samet,Manhattan,Upper East Side,40.76517,-73.95669,United States,US,false,flexible,Private room,2018,326.0,65.0,1,7,2018-12-12,0.74,5,5,0,"Please be respectful, Thank you !",,Manhattan,true
20334598,"Bedroom in Brooklyn Apt, close to Prospect Park!",13247353615,unconfirmed,Luz Carime,Brooklyn,Flatbush,40.64815,-73.96862,United States,US,true,flexible,Private room,2006,1161.0,232.0,2,3,2018-11-06,0.32,4,1,0,,,Brooklyn,true
20335150,sofa Bed And Breakfast,22421720525,verified,Peter,Queens,Maspeth,40.72514,-73.89845,United States,US,true,moderate,Shared room,2007,132.0,26.0,1,0,,,5,1,245,,,Queens,true
20335702,Bright and Spacious Apt in the Heart of Manhattan,24316667740,verified,Mk,Manhattan,Midtown,40.74264,-73.98361,United States,US,false,strict,Entire home/apt,2017,333.0,67.0,3,14,2019-06-17,1.33,3,1,3,,,Manhattan,true
20336254,Private Bedroom Free parking 10 min to Manhattan,36616343325,verified,Rojé,Queens,Long Island City,40.73674,-73.92973,United States,US,false,strict,Private room,2006,962.0,192.0,1,91,2019-06-30,8.56,3,2,0,No Smoking No Pets,,Queens,true
20336807,West Village dream location room,84062754764,unconfirmed,Catarina,Manhattan,West Village,40.73202,-74.00348,United States,US,true,flexible,Private room,2014,740.0,148.0,2,2,2019-06-30,0.21,5,3,56,,,Manhattan,true
20337359,Spacious Room in the heart of Manhattan,32741381728,unconfirmed,Mariluz,Manhattan,Midtown,40.74863,-73.98291,United States,US,false,moderate,Private room,2012,632.0,126.0,1,59,2019-06-21,6.04,4,3,0,,,Manhattan,true
20337911,Brooklyn Bedroom for two friends sharing!!,74955228356,verified,Eibhlin,Brooklyn,Bedford-Stuyvesant,40.68925,-73.92805,United States,US,false,moderate,Private room,2018,279.0,56.0,30,3,2019-05-16,0.36,2,5,216,"respecfull, consideret.and loving",,Brooklyn,true
20338464,Comfortable Place with Dimple,29854052016,verified,Harriet,Bronx,Baychester,40.8773,-73.84329,United States,US,true,flexible,Private room,2004,288.0,58.0,3,12,2019-06-14,1.2,3,2,356,,,Bronx,true
20339016,"Spacious, Quiet Apt- Heart of West Village",64354356081,unconfirmed,Teen,Manhattan,West Village,40.73223,-74.00499,United States,US,false,flexible,Entire home/apt,2017,330.0,66.0,2,9,2019-04-28,0.87,2,1,41,,,Manhattan,true
20339568,LARGE Private Room next to the Empire State,69920462398,verified,Mariluz,Manhattan,Midtown,40.74906,-73.98454,United States,US,true,moderate,Private room,2004,513.0,103.0,1,70,2019-06-16,7.24,3,3,0,,,Manhattan,true
20340121,Cozy corner near Empire State Building,40725508872,verified,Mariluz,Manhattan,Midtown,40.74858,-73.98341,United States,US,true,moderate,Shared room,2010,152.0,30.0,1,112,2019-06-13,10.77,5,3,0,I would appreciate quest to show respect to the house,,Manhattan,true
20340673,Luxurious Apartment!! Located on 5th Avenue!,78730595133,unconfirmed,Samuel,Manhattan,Midtown,40.74616,-73.98641,United States,US,true,strict,Entire home/apt,2012,645.0,129.0,1,1,2019-04-02,0.31,4,1,270,"- - NO PETS!  NO SMOKING ON PREMISES!  NO PARTY! No ""DRUGS""! - Keep the Place Clean at All Times! - Do Not Ask the ""Neighbors"" for anything.  Ask Me!-  - No Neighbors Interaction! - No ""Drugs"" Please!!! - No Noise! A printed house rule will be provided. Please be respectful to others when all rooms are booked.  10 AM Check-out and Check-in is between 12 PM (noon) - 3 PM.   Late check in after 8 pm is $50, lock out is $50. Respect yourself, Respect others, clean up after yourself.  No Smoking/drinking in apt.  Thank You! Location Rules: The ""Exact Address Location Is Not Stockton St.  It Is 2 Streets Away.  It Is Not Disclosed For Security Reasons"" And Is Given Out 24 Hours Prior to Check-in.  If This Is a Problem for You, Please STOP Here And Contact Other Hosts for Your Stay.   This Is a Part Of My House Rules.",,Manhattan,true
20341225,"Bright, airy west village retreat!Great location!",50358760342,unconfirmed,Amit,Manhattan,West Village,40.73384,-74.00011,United States,US,false,strict,Entire home/apt,2019,466.0,93.0,3,7,2019-01-01,0.7,2,1,0,"Nothing out of the ordinary...the basic considerations...being reasonably neat and tidy.   Please leave shoes in the entranceway.   NO SMOKING in apartment or deck. Kitchen is available for breakfast only;   I stock the breakfast essentials...coffee, tea, milk, cream, juice, cereal, bread, jelly, and often other items as well.  You may use the fridge for beverages and light snacks all day, but no cooking, frying baking of any meal, and no dinner in the house.   You may store items in the fridge. I'm insensitive to noise, so there is no need to tip-toe.  Plus we are 2 floors apart, you likely won't be hearing me either. I do request that guest be tidy and clean, i.e. dishes not left overnight, etc.  I do have a housekeeper a couple of times a month to handle the big stuff.",,Manhattan,true
20341777,Christina’s home,89461531863,verified,Christina,Bronx,Bronxdale,40.8546,-73.86785,United States,US,true,moderate,Private room,2003,124.0,25.0,1,24,2019-06-27,2.24,4,1,163,"For non-smokers only, quiet, respectful, persons.",,Bronx,true
20342330,"Clean Cozy Room, Queens-5 min walk to subway (R/M)",86549670696,verified,Bei,Queens,Rego Park,40.72678,-73.86218,United States,US,true,moderate,Private room,2018,268.0,54.0,2,25,2019-06-22,2.37,5,3,38,,,Queens,true
20342882,*NYC Central Park* Entire Floor with Great Privacy,15675388930,unconfirmed,Yu,Manhattan,Upper West Side,40.79689,-73.96289,United States,US,false,strict,Entire home/apt,2008,392.0,78.0,3,32,2019-06-22,3.07,3,1,96,The Perfect home stay for clean and responsible person. Home is keep neat and clean at all times. Guest wipe up after themselves after using the kitchen. There is no smoking in home and no pets allowed in home. No overnight guest to keep the stay peaceful and quiet.,,Manhattan,true
20343434,Hell’s Kitchen Apartment,41672437747,unconfirmed,Bryan,Manhattan,Hell's Kitchen,40.76315,-73.99235,United States,US,true,flexible,Entire home/apt,2010,397.0,79.0,1,29,2019-04-01,2.79,2,1,0,"No drinking, no smoking, no parties, no pets, no drugs, no girlfriends or boyfriends moving in. Looking for a quiet, studious, clean person who is looking for a comfortable and affordable place to stay during the school year.  House is open to both sexes. No children please.",,Manhattan,true
20343987,Perfect location two bedroom beautifully furnished,32502622332,verified,Brik,Manhattan,SoHo,40.72725,-74.00128,United States,US,false,flexible,Entire home/apt,2019,1172.0,234.0,2,38,2019-07-01,4.49,2,1,267,,,Manhattan,true
20344539,Cosy Manor on Menahan,2825302502,unconfirmed,Salar,Brooklyn,Bushwick,40.69546,-73.91477,United States,US,false,flexible,Private room,2020,624.0,125.0,7,0,,,3,1,40,"Check-in is 2:00 pm, and checkout 11:00 am. You may bring bags in before check in time or leave it to pick up later. Let me know to arrange it. After reservation please send me your arrival and departure time for logistics Help yourself coffee or tea anytime NO shoes to the second floor  Keep the volume low before 8am and after 10pm Close the doors gently No shower after  11:30pm No laundry after  before 9am and after 8pm Keep the kitchen in a decent condition after your use Close the shower curtain well, no hair in the tub, no water around the sink on the sink there is a sponge you can use it to dry Turn off the light when you leave the room Trash out from the room  BLUE BOX recycling  Please respect this rules. Full refunded of security deposit in this case",,Brooklyn,true
20345091,Perfect NYC Hell’s Kitchen Duplex Apartment!,60984463763,verified,Ashley,Manhattan,Hell's Kitchen,40.76398,-73.99087,United States,US,false,flexible,Entire home/apt,2014,1136.0,227.0,2,1,2019-04-21,0.38,3,1,9,"- I like to keep a quiet house. Please keep all noise low, especially in the morning and late at night. - Please take your shoes off before entering the apartment. - Always bolt the apartment door when entering or exiting. - If I am away when you check out, please put the keys in the lockbox and remember to set the code to 0000. - I don't charge for cleaning or extra people. Kindly return the favor by keeping the place clean. - No smoking indoors. - You may make use of food and beverages only if they are explicitly shared. If you have any questions, please ask.",,Manhattan,true
20345644,Huge Industrial Chic Williamsburg 1 Bdrm w/rooftop,39311001873,verified,Rachel,Brooklyn,Williamsburg,40.72018,-73.9573,United States,US,false,flexible,Entire home/apt,2018,640.0,128.0,1,20,2019-06-09,1.89,5,1,44,I except guest to be respectful of my home and follow my house rules.,,Brooklyn,true
20346196,Entire Garden apartment in Brownstone,66900355678,unconfirmed,Evelyn,Brooklyn,Carroll Gardens,40.67982,-74.00038,United States,US,true,strict,Entire home/apt,2008,995.0,199.0,2,25,2019-06-19,2.42,3,1,17,,,Brooklyn,true
20346748,Midtown Studio,12127798047,verified,Laura,Manhattan,Midtown,40.74752,-73.98679,United States,US,false,strict,Entire home/apt,2022,625.0,125.0,3,28,2019-07-01,2.71,2,1,333,No smoking No Loud Music No Bad Word,,Manhattan,true
20347300,Apartment for transient guest!,70782070307,verified,Linda,Manhattan,Harlem,40.81942,-73.94068,United States,US,true,flexible,Private room,2009,731.0,146.0,1,14,2019-06-22,1.34,3,2,128,,,Manhattan,true
20347853,★☆Sunnyside☆-Locals' favorite neighbor for living-,150519910,verified,Haruhisa,Queens,Sunnyside,40.73998,-73.92619,United States,US,false,flexible,Private room,2006,995.0,199.0,29,1,2018-10-11,0.11,3,5,0,"NO PETS.  NO SMOKING.  NO PARTIES.  No recreational drugs.  No open flames.  No excess noise after 10:00 pm.  Avoid disturbing neighbors.   NO PETS.  If a pet is found on the premise, a pet surcharge of $300 will be applied. You will be asked to leave immediately and will forfeit your security deposit if an animal is on the property without permission of owner. NO SMOKING PLEASE.  A $500 cleaning fee will be deducted from your deposit if smoking occurs in the unit. This is a NO PARTY house. Parties, loud get-togethers, or gatherings are not allowed because of neighbor issues, and possible damage to property. If a party, loud gathering, or loud disturbance does occur, or if neighbors or other guests call for a loud disturbance, you will forfeit your security deposit and will be evicted immediately. Please Note:  Guests must provide their own toiletries/cleaning supplies/paper products.  We will have a starter kit of toiletries and cleaning supplies at the house, but you will need to rep",,Queens,true
20348405,Unique Apartment in Park Slope,37212511536,verified,Boer,Brooklyn,Park Slope,40.6779,-73.97991,United States,US,true,strict,Private room,2009,803.0,161.0,1,1,2018-09-09,0.1,5,1,276,Please be respectful of the neighbors after 9 pm. Treat the home as you would your own.,,Brooklyn,true
20348957,"Private Room Midtown Park Avenue, Steal!",64363941672,unconfirmed,Isabel,Manhattan,Midtown,40.74631,-73.98502,United States,US,false,flexible,Private room,2016,443.0,89.0,1,53,2019-06-24,7.61,4,2,5,"Check-in is 2:00 pm, and checkout 11:00 am. You may bring bags in before check in time or leave it to pick up later. Let me know to arrange it. After reservation please send me your arrival and departure time for logistics Help yourself coffee or tea anytime NO shoes to the second floor  Keep the volume low before 8am and after 10pm Close the doors gently No shower after  11:30pm No laundry after  before 9am and after 8pm Keep the kitchen in a decent condition after your use Close the shower curtain well, no hair in the tub, no water around the sink on the sink there is a sponge you can use it to dry Turn off the light when you leave the room Trash out from the room  BLUE BOX recycling  Please respect this rules. Full refunded of security despoit in this case",,Manhattan,true
20349510,"Private house in Queens, 10 minutes from JFK.",24293396260,unconfirmed,Angie,Queens,Jamaica,40.68479,-73.77606,United States,US,true,strict,Entire home/apt,2004,512.0,102.0,1,2,2018-10-28,0.22,2,1,0,There are no towels included,,Queens,true
20350062,"Queens Apt (bedroom w balcony), close to subway",5638228560,verified,Rafa' S,Queens,Elmhurst,40.73603,-73.87845,United States,US,false,strict,Private room,2007,907.0,181.0,2,25,2019-07-07,2.31,3,2,177,"Check-in is 2:00 pm, and checkout 11:00 am. You may bring bags in before check in time or leave it to pick up later. Let me know to arrange it. After reservation please send me your arrival and departure time for logistics Help yourself coffee or tea anytime NO shoes to the second floor  Keep the volume low before 8am and after 10pm Close the doors gently No shower after  11:30pm No laundry after  before 9am and after 8pm Keep the kitchen in a decent condition after your use Close the shower curtain well, no hair in the tub, no water around the sink on the sink there is a sponge you can use it to dry Turn off the light when you leave the room Trash out from the room  BLUE BOX recycling  Please respect this rules. Full refunded of security deposit in this case",,Queens,true
20350614,Sonder | 116 John | Sun-Filled 2BR + Gym,52111041287,unconfirmed,Sonder,Manhattan,Financial District,40.70628,-74.00654,United States,US,false,moderate,Entire home/apt,2008,1114.0,223.0,29,0,,,3,96,304,"I'm pretty easy going, but I expect my guests to be considerate of, me, my space, and my neighbors.  This is a non smoking/ drug free space.  No excessive noise. please keep place clean. clean any dishes you might use.  I prefer that my guests not bring any extra guests that are not on the reservation into the house unless otherwise discussed with me before hand.  Thank you. My dog Wonder is very friendly and gets along well with people and other animals.  Unfortunately though, I can not accommodate other pets at the moment.",,Manhattan,true
20351167,Best of both world  city and safety easy to get,36597165587,verified,Nathan,Bronx,Parkchester,40.83581,-73.85864,United States,US,false,flexible,Private room,2004,1014.0,203.0,2,3,2018-12-02,0.29,2,2,0,"NO PETS!  NO SMOKING ON PREMISES! NO PARTY! A printed house rule will be provided. Please be respectful to others when all rooms are booked. 10 AM Check-out and Check-in is between 12 PM (noon) - 3 PM.   Late check in after 8 pm is $50, lock out is $50. Respect yourself, Respect others, clean up after yourself.  No Smoking/drinking in apt.  Thank You! Location Rules: The ""Exact Address Location Is Not Disclosed For Security Reasons"" And Is Given Out 24 Hours Prior to Check-in.  If This Is a Problem for You, Please STOP Here And Contact Other Hosts for Your Stay.   This Is a Part Of My House Rules.",,Bronx,true
20351719,"SPACIOUS & CHARMING w/garden 4BR 
walk 2 train",42892230272,unconfirmed,Elaine,Brooklyn,Bedford-Stuyvesant,40.69138,-73.93217,United States,US,false,strict,Entire home/apt,2003,147.0,29.0,1,5,2019-01-01,0.49,5,2,5,,,Brooklyn,true
20352271,Private room in trendy Williamsburg,51386896065,verified,Kandi,Brooklyn,Williamsburg,40.7098,-73.9418,United States,US,false,moderate,Private room,2004,1151.0,230.0,2,6,2019-01-02,0.66,5,3,173,,,Brooklyn,true
20352823,Williamsburg nest with private bathroom,74307187066,unconfirmed,Kandi,Brooklyn,Williamsburg,40.70755,-73.94377,United States,US,false,strict,Private room,2012,495.0,99.0,2,22,2019-06-29,2.25,5,3,173,"- - NO PETS!  NO SMOKING ON PREMISES! NO PARTY! A printed house rule will be provided. Please be respectful to others when all rooms are booked. 10 AM Check-out and Check-in is between 12 PM (noon) - 3 PM.   Late check in after 8 pm is $50, lock out is $50. Respect yourself, Respect others, clean up after yourself.  No Smoking/drinking in apt.  Thank You!  Location Rules: The ""Exact Address Location Is Not Disclosed For Security Reasons"" And Is Given Out 24 Hours Prior to Check-in.  If This Is a Problem for You, Please STOP Here And Contact Other Hosts for Your Stay.   This Is a Part Of My House Rules.",,Brooklyn,true
20353376,Lovely place for traveler,12759207323,unconfirmed,Anchor,Brooklyn,Bedford-Stuyvesant,40.69089,-73.93912,United States,US,false,flexible,Shared room,2011,703.0,141.0,1,33,2019-06-23,3.08,5,17,85,,,Brooklyn,true
20353928,Sonder | Madison Ave | Airy 1BR + Gym,33133139138,verified,Sonder,Manhattan,Midtown,40.7469,-73.98438,United States,US,false,moderate,Entire home/apt,2022,85.0,17.0,29,0,,,5,96,305,,,Manhattan,true
20354480,Room 4 -Sunny Cozy Room in Historic Victorian Home,34670412313,unconfirmed,Elizabeth,Brooklyn,Flatbush,40.64408,-73.96979,United States,US,false,moderate,Private room,2017,1196.0,239.0,2,28,2019-06-23,2.64,4,6,68,"Nothing out of the ordinary...the basic considerations...being reasonably neat and tidy.   Please leave shoes in the entranceway.   NO SMOKING in apartment or deck. Kitchen is available for breakfast only;   I stock the breakfast essentials...coffee, tea, milk, cream, juice, cereal, bread, jelly, and often other items as well.  You may use the fridge for beverages and light snacks all day, but no cooking, frying baking of any meal, and no dinner in the house.   You may store items in the fridge. I'm insensitive to noise, so there is no need to tip-toe.  Plus we are 2 floors apart, you likely won't be hearing me either. I do request that guest be tidy and clean, i.e. dishes not left overnight, etc.  I do have a housekeeper a couple of times a month to handle the big stuff.",,Brooklyn,true
20355033,Large Williamsburg room with private deck,31679309514,unconfirmed,Kandi,Brooklyn,Williamsburg,40.70936,-73.9437,United States,US,false,flexible,Private room,2004,1170.0,234.0,2,16,2019-02-24,1.55,3,3,215,"•Parties or Gatherings are not permitted. •Please be courteous to the neighbors and keep noise levels low, especially between the hours of 10pm-10am. •Absolutely no smoking in the apartment. Smoking only on the back porch •Overnight guests are not permitted unless included on the initial reservation. •Please help us conserve energy by turning off lights, small appliances, lamps, etc. when not being used.  •Please store recyclables separately. •Pets are not permitted at any time. •If you need flexibility around the specified check in or check out times, let us know in advance.",,Brooklyn,true
20355585,Artistic Loft w Fireplace & Manhattan Skyline,49767751906,verified,Sruthi,Brooklyn,Columbia St,40.68388,-74.00484,United States,US,false,flexible,Entire home/apt,2003,1107.0,221.0,2,11,2019-07-02,1.24,4,2,120,,,Brooklyn,true
20356137,"Beautiful, New Williamsburg apartment.",59354246910,unconfirmed,Matthew,Brooklyn,Williamsburg,40.71652,-73.94809,United States,US,true,flexible,Private room,2018,545.0,109.0,1,16,2019-06-09,1.55,5,1,85,NO SMOKING ON PREMISES! NO PARTY! A printed house rule will be provided. Please be respectful to others when both rooms are booked. Non-registered guest may not stay overnight  11AM check-out (FIRM) and check-in time is between 3-9PM. No check-in later than 9PM.,,Brooklyn,true
20356690,Sonder | Madison Ave | Relaxed 1BR + Gym,25235811711,unconfirmed,Sonder,Manhattan,Midtown,40.74681,-73.98488,United States,US,false,moderate,Entire home/apt,2019,669.0,134.0,29,0,,,2,96,327,,,Manhattan,true
20357242,Sonder | Madison Ave | Restful 1BR + Gym,33273643946,unconfirmed,Sonder,Manhattan,Midtown,40.74576,-73.98339,United States,US,true,strict,Entire home/apt,2022,339.0,68.0,29,0,,,2,96,326,"•Smoking is allowed outside the house.  •Sorry, not pets - my Boston Terrier prefers 2 legged visitors.  •Please take shoes off in the living room. •Do not flush anything down toilet except toilet paper •Please maintain a reasonable volume •Please respect the property •Do not purchase anything on cable Check out is at 11am on the last day of your reservation unless discussed during the booking process.  Thank you!",,Manhattan,true
20357794,Bushwick Art collective bedroom A,34624290123,verified,Adam,Brooklyn,Bushwick,40.70563,-73.91853,United States,US,false,moderate,Private room,2018,341.0,68.0,2,6,2019-05-31,0.58,2,3,89,"Check-in is 2:00 pm, and checkout 11:00 am. You may bring bags in before check in time or leave it to pick up later. Let me know to arrange it. After reservation please send me your arrival and departure time for logistics Help yourself coffee or tea anytime NO shoes to the second floor  Keep the volume low before 8am and after 10pm Close the doors gently No shower after  11:30pm No laundry after  before 9am and after 8pm Keep the kitchen in a decent condition after your use Close the shower curtain well, no hair in the tub, no water around the sink on the sink there is a sponge you can use it to dry Turn off the light when you leave the room Trash out from the room  BLUE BOX recycling  Please respect this rules. Full refunded of security deposit in this case",,Brooklyn,true
20358346,Bushwick Art collective bedroom B,50855420993,verified,Adam,Brooklyn,Bushwick,40.7052,-73.91888,United States,US,false,flexible,Private room,2015,1095.0,219.0,2,14,2019-07-01,1.32,2,3,87,No smoking in the house. No pets.,,Brooklyn,true
20358899,Bright Studio near park,68916307505,verified,Azia,Brooklyn,Flatbush,40.65258,-73.96343,United States,US,true,moderate,Entire home/apt,2011,408.0,82.0,3,11,2019-06-05,1.23,2,1,165,"Check-in is 2:00 pm, and checkout 11:00 am. You may bring bags in before check in time or leave it to pick up later. Let me know to arrange it. After reservation please send me your arrival and departure time for logistics Help yourself coffee or tea anytime NO shoes to the second floor  Keep the volume low before 8am and after 10pm Close the doors gently No shower after  11:30pm No laundry after  before 9am and after 8pm Keep the kitchen in a decent condition after your use Close the shower curtain well, no hair in the tub, no water around the sink on the sink there is a sponge you can use it to dry Turn off the light when you leave the room Trash out from the room  BLUE BOX recycling  Please respect this rules. Full refunded of security deposit in this case   .",,Brooklyn,true
20359451,Good vibes a block from the J,93047175291,unconfirmed,Layla,Brooklyn,Bedford-Stuyvesant,40.69331,-73.93031,United States,US,false,flexible,Private room,2004,306.0,61.0,1,1,2018-12-03,0.14,3,2,0,Please respect our home .,,Brooklyn,true
20360003,Spacious Harlem Home,56321235999,verified,Gordon,Manhattan,Harlem,40.80597,-73.95348,United States,US,true,strict,Entire home/apt,2013,694.0,139.0,3,2,2018-12-31,0.24,4,1,16,"- - NO PETS!  NO SMOKING ON PREMISES!  NO PARTY! No ""DRUGS""! - Keep the Place Clean at All Times! - Do Not Ask the ""Neighbors"" for anything.  Ask Me!-  - No Neighbors Interaction! - No ""Drugs"" Please!!! - No Noise! A printed house rule will be provided. Please be respectful to others when all rooms are booked.  10 AM Check-out and Check-in is between 12 PM (noon) - 3 PM.   Late check in after 8 pm is $50, lock out is $50. Respect yourself, Respect others, clean up after yourself.  No Smoking/drinking in apt.  Thank You! Location Rules: The ""Exact Address Location Is Not Stockton St.  It Is 2 Streets Away.  It Is Not Disclosed For Security Reasons"" And Is Given Out 24 Hours Prior to Check-in.  If This Is a Problem for You, Please STOP Here And Contact Other Hosts for Your Stay.   This Is a Part Of My House Rules.",,Manhattan,true
20360556,Adorable Boho Room in Great Location,30905517111,unconfirmed,Eleanor,Brooklyn,Williamsburg,40.71315,-73.94993,United States,US,false,flexible,Private room,2011,257.0,51.0,3,12,2019-07-01,1.34,2,1,0,,,Brooklyn,true
20361108,Beautiful cozy apt by Central Park,38736079204,unconfirmed,Abraham,Manhattan,East Harlem,40.79832,-73.94214,United States,US,false,moderate,Shared room,2016,485.0,97.0,2,35,2019-05-28,3.23,4,9,9,"- - NO PETS!  NO SMOKING ON PREMISES!  NO PARTY! No ""DRUGS""! - Keep the Place Clean at All Times! - Do Not Ask the ""Neighbors"" for anything.  Ask Me!-  - No Neighbors Interaction! - No ""Drugs"" Please!!! - No Noise! A printed house rule will be provided. Please be respectful to others when all rooms are booked.  10 AM Check-out and Check-in is between 12PM (noon) - 3 PM.   Late check in after 8 pm is $50, lock out is $50. Respect yourself, Respect others, clean up after yourself.  No Smoking/drinking in apt.  Thank You! Location Rules: The ""Exact Address Location Is Not Stockton St.  It Is 2 Streets Away.  It Is Not Disclosed For Security Reasons"" And Is Given Out 24 Hours Prior to Check-in.  If This Is a Problem for You, Please STOP Here And Contact Other Hosts for Your Stay.   This Is a Part Of My House Rules.",,Manhattan,true
20361660,Clean cozy overnight bed in Manhattan,75311493516,unconfirmed,Abraham,Manhattan,East Harlem,40.79873,-73.94052,United States,US,true,flexible,Shared room,2003,192.0,38.0,2,51,2019-06-09,4.71,2,9,5,"We have a no shoes policy in the house, please leave your shoes in the entryway when you enter. We will be sharing the bathroom with you and typically use the bathroom from 7 to 7.30 AM. Please come talk to us so that we can assure no-one is waiting.",,Manhattan,true
20362213,Overnight place in East Side Manhattan,58298666408,verified,Abraham,Manhattan,East Harlem,40.799,-73.94107,United States,US,true,flexible,Shared room,2005,1006.0,201.0,2,23,2019-06-30,2.12,2,9,10,NO SMOKING ON PREMISES! NO PARTY! A printed house rule will be provided. Please be respectful to others when both rooms are booked.  Non-registered guest may not stay overnight.  11AM check-out (firm) and check-in time is between 3-9PM. No check-in later than 9PM.,,Manhattan,true
20362765,Beautiful overnight bed by Central park,5349497594,verified,Abraham,Manhattan,East Harlem,40.79861,-73.94116,United States,US,true,flexible,Shared room,2011,1160.0,232.0,2,62,2019-06-30,5.81,4,9,3,,,Manhattan,true
20363317,Home Away from Home: Crystalline dreams,45011936001,unconfirmed,J-,Brooklyn,Bushwick,40.70397,-73.91801,United States,US,true,moderate,Private room,2006,1179.0,236.0,3,8,2019-02-16,0.76,4,4,104,,,Brooklyn,true
20363869,Upper East Side 2 Room Studio Retreat,76001069822,unconfirmed,Nicholas,Manhattan,Upper East Side,40.76856,-73.95367,United States,US,true,strict,Entire home/apt,2018,82.0,16.0,10,3,2018-09-16,0.29,4,1,17,"NO PETS!  NO SMOKING ON PREMISES!  NO PARTY! A printed house rule will be provided. Please be respectful to others when all rooms are booked. 10 AM Check-out and Check-in is between 12 PM (noon) - 3 PM.   Late check in after 8 pm is $50, lock out is $50. Respect yourself, Respect others, clean up after yourself.  No Smoking/drinking in apt.  Thank You Location Rules: The ""Exact Address Location Is Not Disclosed For Security Reasons"" And Is Given Out 24 Hours Prior to Check-in.  If This Is a Problem for You, Please STOP Here And Contact Other Hosts for Your Stay.   This Is a Part Of My House Rules.",,Manhattan,true
20364422,Center of West Village: Unique 1 Bedroom,14682259389,unconfirmed,Lo,Manhattan,West Village,40.73271,-74.00207,United States,US,true,flexible,Entire home/apt,2012,79.0,16.0,2,10,2019-07-01,0.92,2,1,48,"Check-in is 2:00 pm, and checkout 11:00 am (the bedrooms please, you leave your bags to pick up later or bring them early). After reservation please send me your arrival and departure time for logistics Help yourself morning coffee or tea with a toast  (website hidden) shoes to the second floor  2.Keep the volume low before 8am and after 10pm 3.Close the doors gently (website hidden) shower after  11pm (website hidden) Laundry after  before 9am and after 8pm 6.Keep the kitchen and  bathroom in decent condition after you 7.Close the shower curtain well (important) (website hidden) water around the sink (under the sink there is a sponge you can use it to dry) 9.Turn off the light when you leave the room 10.Trash out from the room  BLUE BOX recycling  11.Leave the key in the room THANK YOU PS: sorry, I need to be more strict about leaving the bathroom, kitchen neat, and lights. If you leave the lights on and the bathroom is water on the floor or around the sink, the security deposit will ",,Manhattan,true
20364974,Near LGA and JFK Airport Cozy Basement Room,27696810738,verified,Jimmy,Queens,East Elmhurst,40.76019,-73.88405,United States,US,true,flexible,Private room,2022,1072.0,214.0,1,92,2019-07-01,8.87,2,4,344,"NO PETS!  NO SMOKING ON PREMISES!  NO PARTY! No ""DRUGS""! A printed house rule will be provided. Please be respectful to others when all rooms are booked. 10 AM Check-out and Check-in is between 12 PM (noon) - 3 PM.   Late check in after 8 pm is $50, lock out is $50. Respect yourself, Respect others, clean up after yourself.  No Smoking/drinking in apt.  Thank You! Location Rules: The ""Exact Address Location Is Not Stockton St.  It Is 2 Streets Away.  It Is Not Disclosed For Security Reasons"" And Is Given Out 24 Hours Prior to Check-in.  If This Is a Problem for You, Please STOP Here And Contact Other Hosts for Your Stay.   This Is a Part Of My House Rules.",,Queens,true
20365526,"Bright, Beautiful + Adorable in S. Williamsburg",81628870828,unconfirmed,Heidi,Brooklyn,Williamsburg,40.70878,-73.96061,United States,US,true,strict,Entire home/apt,2011,589.0,118.0,1,13,2018-10-01,1.22,4,2,0,The Golden Rule,,Brooklyn,true
20366079,Living Room sofa Bed in Chelsea,63234218406,verified,Luis,Manhattan,Chelsea,40.74186,-73.99769,United States,US,true,moderate,Shared room,2004,1144.0,229.0,2,22,2019-06-23,2.19,3,4,365,Please no smokers or pets. ,,Manhattan,true
20366631,Beautiful Duplex steps from Subway,38877087869,unconfirmed,Joao,Brooklyn,Bushwick,40.68164,-73.9039,United States,US,true,flexible,Entire home/apt,2017,389.0,78.0,6,0,,,2,3,156,,,Brooklyn,true
20367183,Sonder | Madison Ave | Modern 1BR + Gym,94899572175,verified,Sonder,Manhattan,Midtown,40.74705,-73.98268,United States,US,false,flexible,Entire home/apt,2007,1000.0,200.0,29,0,,,2,96,328,I'll guide you with everything upon check-in,,Manhattan,true
20367736,Relaxing Stay in Brooklyn,79390720219,unconfirmed,Ry,Brooklyn,Crown Heights,40.67268,-73.96108,United States,US,false,flexible,Entire home/apt,2019,838.0,168.0,1,9,2019-06-30,0.99,3,1,364,"Please treat our house as you would treat your own (assuming that it is good).  Please clean up after yourself.  Kindly remove your shoes by the door, slippers are welcome (if they have not been treading the outdoors).  If you use the kitchen, please wipe down the stove and counter-tops and clean the dishes in the sink to prevent critters from visiting you at night.  Laundry is available free of charge just next to the kitchen, we have a washer and dryer.  Clean bedding will be provided for you when you check in, and cleaned after you check out.   We will not be responsible for personal accidents or sickness, we would ask you to clean up after yourself.  If you plan a lengthy stay, we can wash your sheets once a week.  If you'd like additional washing, please wash your sheets along with your other laundry.  A key will be provided to you for your bedroom should you want to lock anything up.",,Brooklyn,true
20368288,"Large 1 bed, 1.5 bath on the Upper East Side",88745236558,verified,Danielle,Manhattan,Upper East Side,40.76537,-73.9638,United States,US,true,moderate,Entire home/apt,2003,568.0,114.0,3,2,2019-06-16,0.21,5,1,343,"We have ample off-street parking but if you have a car let us know and we will be in touch with you about parking. Please be careful not to drive or walk in the driveway for 233 Savin Hill Avenue. Check in time is 2 PM, check out time is 10 AM.  Guests who arrive early can drop off their luggage after 10 AM. We are unable to accommodate arrivals earlier than 10 AM.  Guests who need to stay after the check out time are welcome to use the common area on the first floor for luggage storage. NO SMOKING in the house or anywhere on the property. No Pets.",,Manhattan,true
20368840,Sonder | Madison Ave | Lively 1BR + Gym,23161290505,verified,Sonder,Manhattan,Midtown,40.74658,-73.98298,United States,US,false,strict,Entire home/apt,2015,775.0,155.0,29,0,,,4,96,325,"We have ample off-street parking but if you have a car let us know and we will be in touch with you about parking. Please be careful not to drive or walk in the driveway for 233 Savin Hill Avenue. Check in time is 2 PM, check out time is 10 AM.  Guests who arrive early can drop off their luggage after 10 AM. We are unable to accommodate arrivals earlier than 10 AM.  Guests who need to stay after the check out time are welcome to use the common area on the first floor for luggage storage. NO SMOKING in the house or anywhere on the property. No Pets.",,Manhattan,true
20369392,Large sunny pvt room 10 mins from Times sq. 63F3,30141909228,unconfirmed,John,Manhattan,Hell's Kitchen,40.75393,-73.99633,United States,US,false,flexible,Private room,2010,357.0,71.0,1,2,2018-11-02,0.23,3,47,361,Our home is a smoke-free environment.  We expect everyone to act as responsible adults and respect our home.,,Manhattan,true
20369945,Brooklyn Flavor,3444787526,verified,Bev,Brooklyn,Bedford-Stuyvesant,40.68529,-73.92936,United States,US,true,flexible,Private room,2007,741.0,148.0,3,22,2019-07-03,3.13,4,3,94,"No smoking, please No pets",,Brooklyn,true
20370497,Lovely 1BR in Sutton Place by Sonder,71983028797,verified,Sonder,Manhattan,Midtown,40.75452,-73.96256,United States,US,true,flexible,Entire home/apt,2016,679.0,136.0,29,0,,,2,96,206,This is a shared space so guests should be respectful of the space and other persons.,,Manhattan,true
20371049,Fort Greene Parlor,60594010888,verified,Maeve,Brooklyn,Fort Greene,40.68634,-73.97091,United States,US,false,flexible,Entire home/apt,2004,407.0,81.0,2,4,2019-04-18,0.39,3,2,12,Clean up after your mess please.,,Brooklyn,true
20371602,Salt Shack - A Houseboat in the Rockaways!,26322577918,verified,Justin,Queens,Arverne,40.59391,-73.78824,United States,US,true,strict,Entire home/apt,2003,1141.0,228.0,2,22,2019-07-01,2.04,2,1,118,No Smoking and No Pets,,Queens,true
20372154,Private room in East Harlem,39881982493,verified,Richie,Manhattan,East Harlem,40.79409,-73.94007,United States,US,false,flexible,Private room,2009,990.0,198.0,2,2,2019-06-10,0.24,2,2,67,"NO SMOKING, please stop smoking a block away so as not to bring smoke-filled lungs into the house, I'm highly sensitive, and it makes me feel sick. Please clean after yourself on an on-going basis, especially in the common areas. We recycle paper, glass, metal in a separate bin, and throw food, plastic bags, and wrappers into the normal trash, can you participate? This 100 year old building has character in the details, but might appear less clean. The wood work was painted white before I moved in. I consistently use bleach between guests, but the grooves have ""greyed"" overtime, and I haven't repainted yet. I hope you won't be that picky ;-) My end-of-stay cleaning fee is to cover my time and expenses washing, drying, changing the sheets and sanitizing the room in between guests. I don't do any daily cleaning (of your room, the bathroom or the kitchen).  I only clean in-between guests or when needed - I noticed I am not a clean freak, I go after the obvious (bread crumbs and slime) - s",,Manhattan,true
20372706,Beautiful 1 Bedroom apartment,81514472355,unconfirmed,Cheryl,Brooklyn,Crown Heights,40.67082,-73.92175,United States,US,false,flexible,Entire home/apt,2017,1105.0,221.0,2,64,2019-06-26,6.0,3,1,209,I like my guests to enjoy my home as much as I do. So please feel to treat it like your home as long as you are respectful and clean up after yourself. No smoking or pets please.,,Brooklyn,true
20373259,"New York, Jackson heights",46551322242,verified,Freddy,Queens,Jackson Heights,40.75395,-73.87396,United States,US,true,strict,Private room,2008,201.0,40.0,1,5,2019-01-02,0.47,2,1,180,,,Queens,true
20373811,A beautiful home for vacation,6388892110,verified,Catherine,Bronx,Throgs Neck,40.83148,-73.82931,United States,US,true,strict,Private room,2004,229.0,46.0,1,23,2019-06-21,2.18,4,5,365,"- No Pets! - No Party! - No Smoking! - Keep the Place Clean at All Times! - Do Not Ask the ""Neighbors"" for anything.  Ask Me!-  - No Neighbors Interaction! - No ""Drugs"" Please!!!No Noise!",,Bronx,true
20374363,Luxurious 2 Bedroom Midtown East,94671183360,verified,Corporate Housing,Manhattan,Midtown,40.75734,-73.96727,United States,US,true,strict,Entire home/apt,2004,846.0,169.0,30,1,2019-05-04,0.45,2,91,311,#NAME?,,Manhattan,true
20374915,Sunny Third-Floor Fort Greene Apartment,29104127676,verified,Moira,Brooklyn,Fort Greene,40.68912,-73.97514,United States,US,true,flexible,Entire home/apt,2003,932.0,186.0,2,2,2018-12-18,0.19,5,1,0,"No smoking, no pets, no parties",,Brooklyn,true
20375468,New York Home,8619760998,unconfirmed,Elena,Manhattan,Washington Heights,40.83341,-73.94154,United States,US,true,flexible,Entire home/apt,2005,453.0,91.0,3,6,2019-06-19,0.95,4,6,46,,,Manhattan,true
20376020,Cozy Room East Williamsburg (15 Min to Manhattan),94227336289,verified,Holden,Brooklyn,Bushwick,40.70767,-73.92307,United States,US,false,moderate,Private room,2012,111.0,22.0,7,28,2019-06-25,2.78,2,3,28,• Check-in time is 3PM. Clean up after yourself. No smoking indoors. No parties.,,Brooklyn,true
20376572,"Visit New York,The Local Brooklyn Way  SuperHost",70255726896,unconfirmed,Paul,Queens,Ridgewood,40.70186,-73.90467,United States,US,true,strict,Private room,2005,60.0,12.0,1,48,2019-06-22,4.5,3,1,171,"Please, no smoking inside the building or on the porches.  Due to sensitivities, we ask that you not use perfume, cologne, or aerosol products in the house. No parties. No illegal drug use.  We are an eco-friendly family and appreciate your help in recycling (bin in the kitchen) and turning off lights, fans, heating/AC, etc. when not in use.  Please lock all doors of the building behind you.  Common areas will be cleaned daily and your help in keeping them tidy is appreciated. (But please feel free to let us do your dishes!)",,Queens,true
20377125,Underhill Penthouse,15293596806,verified,Zak,Brooklyn,Prospect Heights,40.67313,-73.96536,United States,US,false,strict,Private room,2021,1057.0,211.0,1,8,2019-07-07,0.75,2,1,129,"Pet Friendly! Smoking outdoors only. In general, we just want you to relax, enjoy yourselves and take advantage of our close proximity to all things Boston. If you follow the simple rule of ""leave things how you found them"" all will be well - common sense stuff.",,Brooklyn,true
20377677,Williamsburg duplex apartment with backyard,41415392592,verified,Onyuka,Brooklyn,Williamsburg,40.71475,-73.94913,United States,US,true,moderate,Private room,2012,904.0,181.0,1,5,2019-05-06,0.59,5,1,55,"Respect our neighbors. Do not park in their driveway spots.    Take good care of our space.  No parties, please.  The neighborhood is safe but as a general precaution since we do live in a city, keep all windows and doors locked when you are outside of the house.",,Brooklyn,true
20378229,Morningside Heights Cozy & Clean Modern Apt.,20091049290,verified,Krystalee,Manhattan,Harlem,40.80624,-73.95622,United States,US,true,moderate,Private room,2017,500.0,100.0,1,1,2018-08-31,0.1,3,1,0,"Respect yourself, respect others, clean up after yourself, no smoking in house, no partying.  late check in after 9p.m. and before 9 a.m is $50, lock out is $50 thank you ",,Manhattan,true
20378782,Queens Apartment,84392886434,unconfirmed,Mofizur,Queens,Woodside,40.74822,-73.90591,United States,US,false,flexible,Entire home/apt,2013,259.0,52.0,1,33,2019-07-07,3.2,3,1,95,"Please be respectful, this really is our home and sanctuary. Our goal is that for a time, it can be yours as well.",,Queens,true
20379334,A Nice Room For Unique people,49234547556,unconfirmed,Catherine,Bronx,Throgs Neck,40.82952,-73.82818,United States,US,true,strict,Private room,2013,921.0,184.0,1,31,2019-06-09,3.01,4,5,365,"Pet Friendly! Smoking outdoors only. In general, we just want you to relax, enjoy yourselves and take advantage of our close proximity to all things Boston.  If you follow the simple rule of ""leave things how you found them"" all will be well - common sense stuff.",,Bronx,true
20379886,2 Bedroom with backyard and best location,11750337247,verified,Liat,Brooklyn,Cobble Hill,40.68574,-73.99958,United States,US,true,strict,Entire home/apt,2020,106.0,21.0,3,31,2019-06-22,2.98,2,1,101,"NO PETS!  NO SMOKING ON PREMISES! NO PARTY! A printed house rule will be provided. Please be respectful to others when all rooms are booked. 10 AM Check-out and Check-in is between 12 PM (noon) - 3 PM.   Late check in after 8 pm is $50, lock out is $50. Respect yourself, Respect others, clean up after yourself.  No Smoking/drinking in apt.  Thank You! Location Rules: The ""Exact Address Location Is Not Disclosed For Security Reasons"" And Is Given Out 24 Hours Prior to Check-in.  If This Is a Problem for You, Please STOP Here And Contact Other Hosts for Your Stay.   This Is a Part Of My House Rules.",,Brooklyn,true
20380438,Huge outdoor w/ amazing view right from your room,16012487036,verified,Yeon,Manhattan,West Village,40.73213,-74.00865,United States,US,false,strict,Private room,2003,639.0,128.0,3,35,2019-06-07,3.3,2,1,112,,,Manhattan,true
20380991,"Dream private loft in Williamsburg, Brooklyn",7890725904,unconfirmed,Lucy,Brooklyn,Williamsburg,40.71493,-73.96089,United States,US,true,flexible,Private room,2018,876.0,175.0,2,2,2018-09-25,0.19,4,1,0,"不抽烟,不带宠物,不能带其他人入屋",,Brooklyn,true
20381543,private room in a shared apartment,27113703924,unconfirmed,Öykü,Manhattan,Harlem,40.80913,-73.94614,United States,US,false,moderate,Private room,2013,268.0,54.0,14,5,2019-01-25,0.47,5,1,0,"Our family will be present in the same house, though we expect you to have fun please be respectful of our family and house. We prefer non-smokers, but if you should smoke please refrain from smoking on the property. No pets allowed.",,Manhattan,true
20382095,Coziest room off the j,34067158534,unconfirmed,Tyrany,Brooklyn,Bedford-Stuyvesant,40.6898,-73.92588,United States,US,true,moderate,Private room,2011,471.0,94.0,1,27,2019-01-26,2.52,4,2,0,"This is a non-smoking residence.  There is light housekeeping (biweekly washing of linens, removal of kitchen trash) but guests are expected to clean up after themselves and keep the area tidy, including removing hair from bathtub and sink and washing dishes right away.  Remove shoes in the apartment. Slippers are OK. Turn off lights when exiting a room or hallway. Guests are not permitted without prior authorization. Overnight guests are not allowed.  Be courteous to others in the household.  Additional rules will be in the house manual, available upon arrival.",,Brooklyn,true
20382648,Private Room in Renovated Bushwick Apt w/ Wash/Dry,1454440112,unconfirmed,Luigi,Brooklyn,Bushwick,40.70117,-73.91481,United States,US,true,moderate,Private room,2018,1139.0,228.0,3,9,2019-06-19,0.87,4,1,10,,,Brooklyn,true
20383200,Bright 1BR in Sutton Place by Sonder,72235878844,verified,Sonder,Manhattan,Midtown,40.75498,-73.96426,United States,US,true,strict,Entire home/apt,2010,1154.0,231.0,29,0,,,4,96,203,,,Manhattan,true
20383752,Bright Williamsburg room with huge private terrace,29626370251,unconfirmed,Ben,Brooklyn,Williamsburg,40.71247,-73.94548,United States,US,false,flexible,Private room,2003,986.0,197.0,1,2,2018-09-05,0.18,5,1,0,#NAME?,,Brooklyn,true
20384305,Modern 1BR in Sutton Place by Sonder,73506066726,unconfirmed,Sonder,Manhattan,Midtown,40.75497,-73.96289,United States,US,true,flexible,Entire home/apt,2014,384.0,77.0,29,0,,,3,96,243,"This is a non-smoking residence.  There is light housekeeping (biweekly washing of linens, removal of kitchen trash) but guests are expected to clean up after themselves and keep the area tidy, including removing hair from bathtub and sink and washing dishes right away.  Remove shoes in the apartment. Slippers are OK. Turn off lights when exiting a room or hallway. Guests are not permitted without prior authorization. Overnight guests are not allowed.  Be courteous to others in the household.  Additional rules will be in the house manual, available upon arrival.",,Manhattan,true
20384857,Charming 3bed/2ba Downtown/LES,55829170118,unconfirmed,Anastasia,Manhattan,Lower East Side,40.71815,-73.98213,United States,US,true,moderate,Private room,2006,832.0,166.0,3,6,2019-03-31,0.87,5,1,67,"- We have a lovable and very social black lab puppy (8 months old). She is still learning her manners, so she may be overly friendly (jumping up, following you around, etc.). She is generally well behaved and crated during the weekdays, as well as sleeping hours.  - There are two porches for your enjoyment. The back porch has a space for relaxing and a propane fueled grill.",,Manhattan,true
20385409,Sonder | 180 Water | Pristine Studio + Rooftop,92986618130,unconfirmed,Sonder,Manhattan,Financial District,40.70788,-74.00459,United States,US,false,strict,Entire home/apt,2009,448.0,90.0,29,0,,,3,96,267,I trust that you will be respectful to my home.  Please do not rearrange furniture.  ABSOLUTELY NO SMOKING INSIDE.   NO HOUSE PARTIES! You will be escorted off the property and asked to leave WITHOUT REFUND!  Take your shoes off and ENJOY BOSTON!   (suggestion: Recommend you go grocery shopping before you check in because the small nearby grocery store has a limited selection. The big grocery store is a 10 minute drive.),,Manhattan,true
20385961,Private 1BR with Private Bathroom feet from subway,80710465900,verified,Tunde,Manhattan,Harlem,40.83005,-73.93992,United States,US,false,moderate,Entire home/apt,2016,668.0,134.0,1,29,2019-06-30,3.02,4,1,103,"House Rules for Guests: Since the house is old (1898) the guest rooms have no locks on the doors. The bathrooms have locks on the doors.  Guests are expected to knock on closed doors and to leave the bath doors open when exiting. All rooms have air conditioners, fans and heaters - but we do ask guests to keep them off when not in the room. No food is allowed in the guest rooms.  Food is to be consumed in the kitchen, dining room - or outside porch as weather permits. A guest refrigerator and microwave are available for use in the basement. Please hang towels up in your room - please do not leave wet towels on the furniture. No pets allowed. Outdoor smoking only.",,Manhattan,true
20386514,Huge Room for Nightly Stays Downtown or Monthly,44994616102,verified,Abbey,Manhattan,Tribeca,40.7181,-74.00999,United States,US,true,flexible,Private room,2003,1021.0,204.0,5,3,2019-05-21,0.3,3,1,95,No pets No alcohol,,Manhattan,true
20387066,Creative Bushwick - Cozy Private Room,70513199275,verified,Dr. Jihene,Brooklyn,Bushwick,40.6888,-73.92015,United States,US,false,flexible,Private room,2013,1125.0,225.0,1,18,2019-06-23,3.6,3,1,93,"We have ample off-street parking but if you have a car let us know and we will be in touch with you about parking. Please be careful not to drive or walk in the driveway for 233 Savin Hill Avenue. Check in time is 2 PM, check out time is 10 AM.  Guests who arrive early can drop off their luggage after 10 AM. We are unable to accommodate arrivals earlier than 10 AM.  Guests who need to stay after the check out time are welcome to use the common area on the first floor for luggage storage. NO SMOKING in the house or anywhere on the property. No Pets.",,Brooklyn,true
20387618,Sonder | 116 John | Cozy 2BR+ Gym,1165490779,unconfirmed,Sonder,Manhattan,Financial District,40.70797,-74.0055,United States,US,false,moderate,Entire home/apt,2008,203.0,41.0,29,1,2019-03-16,0.26,2,96,311,,,Manhattan,true
20388171,Pet-friendly 1bd in the Heart of East Village,80095623911,unconfirmed,Joe,Manhattan,East Village,40.72772,-73.98046,United States,US,false,flexible,Entire home/apt,2007,120.0,24.0,3,25,2019-06-09,2.4,4,1,1,"Respect yourself, Respect others. Clean up after yourself , no smoking in the house, no partying.  Late check in after 9 pm and before 9 am is $50, lock out is $50 thank you ",,Manhattan,true
20388723,art-filled spacious room in artist's cozy home.,43234503261,verified,Dio,Brooklyn,Bushwick,40.69355,-73.92684,United States,US,true,flexible,Private room,2005,929.0,186.0,2,39,2019-06-25,3.75,4,2,158,The house is kept very clean host does all cleaning making of beds and daily cleaning of home. Absolutely no additional company with out first checking in,,Brooklyn,true
20389275,Private Bedroom in MANHATTAN (Free Wifi),52617110324,verified,Sarah,Manhattan,Harlem,40.8228,-73.94442,United States,US,false,moderate,Private room,2013,390.0,78.0,5,2,2019-05-23,0.32,4,1,66,"Respect yourself, respect other, clean up after yourself. Late check in after 9 p.m. and before 9 A.m. is $50, lock out is $50. No smoking, drinking in the house . Thank you ",,Manhattan,true
20389828,"Cute, Cozy Private One-Bed in Crown Heights",2495344768,unconfirmed,Aaron,Brooklyn,Crown Heights,40.67182,-73.94446,United States,US,false,strict,Entire home/apt,2011,504.0,101.0,3,5,2019-05-20,0.52,4,1,0,,,Brooklyn,true
20390380,Sunny Room in modern building in Bushwick,71889739752,verified,Raisa,Brooklyn,Bushwick,40.69961,-73.93138,United States,US,true,moderate,Private room,2009,895.0,179.0,3,4,2018-09-21,0.39,5,2,0,"- no loud music or electronics after 10 pm - must wash all used dishes, clear perishable food, and tie up garbage bags (in preparation for disposal) before checking out",,Brooklyn,true
20390932,Private Room in great location Bushwick!,78081481037,unconfirmed,Raisa,Brooklyn,Bushwick,40.69994,-73.93299,United States,US,true,moderate,Private room,2016,705.0,141.0,2,0,,,4,2,0,No company  Be respectful Animals must be locked up Smoke friendly,,Brooklyn,true
20391484,The Buchanan’s,36986761998,unconfirmed,Violet,Queens,St. Albans,40.70046,-73.74834,United States,US,false,flexible,Entire home/apt,2008,329.0,66.0,2,17,2019-07-01,1.69,4,1,352,"We don't wear shoes in the home. Guests should be respectful with noise levels when coming, going, watching TV or listening to music. We have neighbors in the building and don't want to disturb anyone. Guests should pick up after themselves, especially in kitchen & bathroom. Guests staying a week or longer may be expected to help with basic chores (taking out trash, etc). Please keep your bath towel & clothing in your bedroom after use & clean hair from the shower drain. If you forget toiletries, please ask before you use ours, and we will do our best to help. You are welcome to use our washer & dryer. Please let use show you how to use them before you do your first load of laundry. Please do not use air conditioners or space heaters in the room without permission. We provide a fan & extra blankets when needed. Please do not light candles or incense, or spray artificial air fresheners in our home. We have natural sprays and diffusers that you may use. Please close & lock windows when n",,Queens,true
20392037,2 bedroom apartment in Astoria,15830647877,verified,Maiko,Queens,Astoria,40.76942,-73.92772,United States,US,true,strict,Entire home/apt,2009,665.0,133.0,2,3,2019-01-04,0.47,4,2,0,"Enjoy yourself as if this were your home.  All we ask is that you are mindful of other guests and tenants when entering and exiting the home.   No smoking on the property, both inside and outside. No candles. No pets.",,Queens,true
20392589,"One bedroom apartment Woodhaven, Queens NY.",33984147701,verified,Jason C,Queens,Woodhaven,40.6959,-73.84868,United States,US,true,moderate,Entire home/apt,2010,1037.0,207.0,7,3,2019-06-18,1.0,4,1,2,,,Queens,true
20393141,Large bedroom ensuite,48039848434,verified,Samantha,Brooklyn,East New York,40.67154,-73.87913,United States,US,false,flexible,Private room,2017,1007.0,201.0,3,2,2018-10-07,0.19,5,1,179,"If you are new to Airbnb, the idea is that I’m not renting a room, but rather sharing my home. I live and work here, and enjoy meeting new people. It's like having old friends visit, not like a hotel. You are welcome to make yourself at home in the common living areas and to use the kitchen, but please leave everything as clean and put away as you have found it. As we will be sharing a bathroom, I appreciate your tidying up and keeping personal items in your room. The cat is not allowed outdoors – he can be sneaky so please don’t leave doors open and keep an eye out for him. You are welcome to the kitchen (and common areas), thank you for cleaning your dishes after using them.   I am environmentally friendly and appreciate you being mindful as well.  Thank you for being considerate and for treating the home as you would yours.  Please turn off lights, fans (and AC or heaters when available) when not in the bedroom.  Always lock doors and first floor windows when outside of the home.  P",,Brooklyn,true
20393694,Bright Brooklyn Studio,75703679025,unconfirmed,Caroline,Brooklyn,Bedford-Stuyvesant,40.68056,-73.95372,United States,US,false,strict,Entire home/apt,2004,907.0,181.0,3,5,2019-06-10,0.66,2,1,4,,,Brooklyn,true
20394246,Art Gallery apartment in a Queens’ Victorian house,11689016852,verified,Andrzej,Queens,Woodhaven,40.69508,-73.86032,United States,US,false,strict,Entire home/apt,2019,1177.0,235.0,3,24,2019-07-07,2.55,3,1,308,Take shoes off when you come in,,Queens,true
20394798,Williamsburg Duplex with outdoor deck,44170979210,verified,Jason,Brooklyn,Williamsburg,40.71399,-73.9454,United States,US,false,flexible,Entire home/apt,2019,165.0,33.0,6,1,2019-01-01,0.16,5,1,71,This is a quiet home. No parties. No pets. No smoking.,,Brooklyn,true
20395351,"Charming, Sunny West Village 1BR - Prime Location!",66371830385,unconfirmed,Jenna,Manhattan,West Village,40.73641,-73.99929,United States,US,false,strict,Entire home/apt,2010,177.0,35.0,2,3,2019-04-23,0.34,3,1,0,"NO PETS!  NO SMOKING ON PREMISES! NO PARTY! A printed house rule will be provided. Please be respectful to others when all rooms are booked. 10 AM Check-out and Check-in is between 12 PM (noon) - 3 PM.   Late check in after 8 pm is $50, lock out is $50. Respect yourself, Respect others, clean up after yourself.  No Smoking/drinking in apt.  Thank You! Location Rules: The ""Exact Address Location Is Not Given.  It Is Not Disclosed For Security Reasons"" And Is Given Out 24 Hours Prior to Check-in.  If This Is a Problem for You, Please STOP Here And Contact Other Hosts for Your Stay.   This Is a Part Of My House Rules.",,Manhattan,true
20395903,~Flatiron 2 Bedroom~Amazing Location~Sleeps 6~,55606318815,verified,Ryan,Manhattan,Midtown,40.74478,-73.98442,United States,US,false,strict,Entire home/apt,2009,184.0,37.0,4,32,2019-06-21,3.04,5,1,255,"No smoking, drinking. Respect yourself , respect other, clean up after yourself. Late check in after 9 pm and before 9 a.m. is $50, lock out is $50.  Thank you ",,Manhattan,true
20396455,Superior Studio with Balcony,27487234852,verified,Bassam,Brooklyn,Bay Ridge,40.63334,-74.01784,United States,US,false,moderate,Private room,2005,1048.0,210.0,1,40,2019-07-04,3.79,2,2,169,"NO PETS!  NO SMOKING ON PREMISES!  NO PARTY! NO ""DRUGS"" - Keep the Place Clean at All Times! - Do Not Ask the ""Neighbors"" for anything.  Ask Me!  - No Neighbors Interaction! - No ""Drugs""!  - No Noise! A printed house rule will be provided. Please be respectful to others when all rooms are booked. 10 AM Check-out and Check-in is between 12 PM (noon) - 3 PM.   Late check in after 8 pm is $50, lock out is $50. Respect yourself, Respect others, clean up after yourself.  No Smoking/drinking in apt.  Thank You! Location Rules: The ""Exact Address Location Is Not Stockton St.  It Is 2 Streets Away.  It Is Not Disclosed For Security Reasons"" And Is Given Out 24 Hours Prior to Check-in.  If This Is a Problem for You, Please STOP Here And Contact Other Hosts for Your Stay.   This Is a Part Of My House Rules.",,Brooklyn,true
20397007,Room in heart of Williamsburg on Bedford Ave.,92138238409,verified,Colin,Brooklyn,Williamsburg,40.71289,-73.9637,United States,US,false,moderate,Private room,2019,1187.0,237.0,1,0,,,3,1,0,,,Brooklyn,true
20397560,luz lunar bibis,93151875101,unconfirmed,Gabriel,Bronx,Norwood,40.87633,-73.88328,United States,US,true,strict,Private room,2008,1066.0,213.0,1,18,2019-07-01,1.93,5,1,153,"No smoking or drinking in the apt. Lock out will be $50. late check in after 9 pm and before 9 a.m. is $50. Respect yourself, respect other, clean up after yourself. Thank you",,Bronx,true
20398112,Your Private Safe-Clean Haven w/Private Bath,19284990846,unconfirmed,Haidy,Bronx,Pelham Bay,40.84633,-73.83029,United States,US,false,flexible,Private room,2003,659.0,132.0,2,28,2019-06-25,2.69,2,1,78,,,Bronx,true
20398664,Big Bed Paradise,34778008448,verified,Amarjit S,Staten Island,Arrochar,40.59623,-74.0839,United States,US,true,flexible,Private room,2005,894.0,179.0,4,8,2019-06-08,0.85,2,8,290,,,Staten Island,true
20399217,Lush mid-century haven in Greenpoint,7390337335,verified,Laine,Brooklyn,Greenpoint,40.73347,-73.95164,United States,US,false,strict,Private room,2017,975.0,195.0,3,2,2018-11-24,0.2,4,1,0,"NO SMOKING, please stop smoking a block away so as not to bring smoke-filled lungs into the house, I'm highly sensitive, and it makes me feel sick. Please clean after yourself on an on-going basis, especially in the common areas. We recycle paper, glass, metal in a separate bin, and throw food, plastic bags, and wrappers into the normal trash, can you participate? This 100 year old building has character in the details, but might appear less clean. The wood work was painted white before I moved in. I consistently use bleach between guests, but the grooves have ""greyed"" overtime, and I haven't repainted yet. I hope you won't be that picky ;-) My end-of-stay cleaning fee is to cover my time and expenses washing, drying, changing the sheets and sanitizing the room in between guests. I don't do any daily cleaning (of your room, the bathroom or the kitchen).  I only clean in-between guests or when needed - I noticed I am not a clean freak, I go after the obvious (bread crumbs and slime) - s",,Brooklyn,true
20399769,A Cozy Place to Stay in Woodside Queens!,23369680305,unconfirmed,Kazuya,Queens,Maspeth,40.73786,-73.90616,United States,US,false,flexible,Private room,2005,198.0,40.0,30,1,2019-05-31,0.77,5,103,235,Please make sure the front house doors are locked when leaving. Please return keys to lock box upon check-out. Please limit use of the 2nd floor resident's bathroom to nighttime breaks only. The back areas of house are being renovated and are off-limits.,,Queens,true
20400321,NYC Chelsea Luxury Modern Studio,77904843908,unconfirmed,Alice,Manhattan,Chelsea,40.73918,-73.99753,United States,US,false,moderate,Entire home/apt,2005,232.0,46.0,6,5,2018-12-31,0.56,5,1,0,Friendly pets allowed. Please don't let the cat out. Smoking allowed on balcony.,,Manhattan,true
20400874,Sonder | 116 John | Pleasant 1BR + Gym,36812305335,verified,Sonder,Manhattan,Financial District,40.70776,-74.00477,United States,US,true,flexible,Entire home/apt,2020,75.0,15.0,29,0,,,2,96,313,No Smoking & No Pets,,Manhattan,true
20401426,Spacious Bright Private Bedroom In Williamsburg!!!,72628765617,unconfirmed,Ali,Brooklyn,Williamsburg,40.71407,-73.93856,United States,US,false,moderate,Private room,2012,478.0,96.0,5,3,2018-10-07,0.31,4,1,0,"This is a fragrance free property.  I have fragrance free shampoo, conditioner, body wash and soap available.  If you could refrain from wearing perfume or cologne and using strong smelling shampoo and soap I would really appreciate it.  Natural products made with essential oils and herbs are fine.  For example, Aubrey Organics, Desert Essence and Avalon Organics are made with ingredients such as lavender, rose and coconut which are all fine. The room is on the third floor. There is no curfew.  I will give you a key and you can come and go as you please. I have an active life so sometimes I am not home but I do my best to be available by phone or text to assist you with your needs.  If you need something you can always call me, whether it is early in the morning or late at night.   You can keep things in the fridge and use the kitchen. You can use the washing machine and the dryer. This is a non-smoking household.  This includes the porch and the outdoor areas around the house.  Sorry,",,Brooklyn,true
20401978,Private Room in the heart of Williamsburg,52505518905,unconfirmed,Karim,Brooklyn,Williamsburg,40.71893,-73.95866,United States,US,true,flexible,Private room,2016,723.0,145.0,1,47,2019-07-06,4.35,2,1,28,No Smoking in the building and common courtesy and respect. Roomate who rents with me needs use of the batroom around 7:15 am to  get ready for work. Enjoy your time here in Boston!,,Brooklyn,true
20402530,"Beautiful, sunny, private apartment",83720815583,verified,Martha,Brooklyn,Sunset Park,40.64704,-74.00819,United States,US,false,flexible,Entire home/apt,2019,503.0,101.0,4,23,2019-06-11,2.61,4,1,31,#NAME?,,Brooklyn,true
20403083,"large, stylish, airy East Village loft apartment!",75967811118,verified,Yemisi,Manhattan,East Village,40.72307,-73.98369,United States,US,true,moderate,Entire home/apt,2020,430.0,86.0,3,7,2019-05-05,0.69,2,1,0,#NAME?,,Manhattan,true
20403635,"Studio near times grand central, Times Square, UN",1074774907,unconfirmed,Viswanadha,Manhattan,Midtown,40.75216,-73.97172,United States,US,true,strict,Entire home/apt,2019,1155.0,231.0,1,2,2018-09-23,0.2,3,1,0,"Contact us for reservations. Check in is 3pm, check out at 11am, though other arrangements can be made.",,Manhattan,true
20404187,Spacious Lower East Side Room,82946675224,verified,Christian,Manhattan,Lower East Side,40.72093,-73.98596,United States,US,true,flexible,Private room,2018,765.0,153.0,3,17,2019-01-28,1.65,5,1,188,"•Smoking is allowed outside the house.  •Sorry, no pets  •Please take shoes off in the living room. •Do not flush anything down toilet except toilet paper •Please maintain a reasonable volume •Please respect the property •Do not purchase anything on cable",,Manhattan,true
20404740,New York Apartment,98342871281,unconfirmed,Karen,Manhattan,Civic Center,40.7131,-74.00527,United States,US,false,moderate,Entire home/apt,2005,1109.0,222.0,15,0,,,3,1,0,"NO SMOKING, please stop smoking a block away so as not to bring smoke-filled lungs into the house, I'm highly sensitive, and it makes me feel sick. Please clean after yourself on an on-going basis, especially in the common areas. We recycle paper, glass, metal in a separate bin, and throw food, plastic bags, and wrappers into the normal trash, can you participate? This 100 year old building has character in the details, but might appear less clean. The wood work was painted white before I moved in. I consistently use bleach between guests, but the grooves have ""greyed"" overtime, and I haven't repainted yet. I hope you won't be that picky ;-) My end-of-stay cleaning fee is to cover my time and expenses washing, drying, changing the sheets and sanitizing the room in between guests. I don't do any daily cleaning (of your room, the bathroom or the kitchen).  I only clean in-between guests or when needed - I noticed I am not a clean freak, I go after the obvious (bread crumbs and slime) - s",,Manhattan,true
20405292,Affordable bedroom in Brooklyn townhouse.,78907850230,verified,Julie,Brooklyn,East Flatbush,40.6504,-73.95011,United States,US,true,moderate,Private room,2005,984.0,197.0,3,2,2019-02-18,0.19,3,2,0,,,Brooklyn,true
20405844,"""In the Clouds"" Brooklyn Heights Studio",7007990163,verified,Jenna,Brooklyn,Brooklyn Heights,40.69503,-73.99475,United States,US,false,moderate,Entire home/apt,2012,306.0,61.0,8,1,2018-09-27,0.1,3,1,207,No Smoking and No Pets,,Brooklyn,true
20406397,beautiful modern 1 bed room apt,7095669452,unconfirmed,Alex,Manhattan,Chelsea,40.74813,-74.00478,United States,US,true,flexible,Private room,2005,970.0,194.0,2,4,2019-05-28,0.45,2,1,0,,,Manhattan,true
20406949,Spacious Room in Midtown East Apartment,38882689051,unconfirmed,Buke,Manhattan,Midtown,40.76043,-73.97075,United States,US,false,moderate,Private room,2019,901.0,180.0,3,3,2018-10-14,0.31,2,2,127,"I have neighbors and work in the morning, so I ask that you be courteous with noise levels at night and in the morning. Please clean up after yourself if you make a mess or cook. Please be dog friendly. I have an adorable and quiet Boston Terrier, he is kennel and house trained and walked throughout the day, but he is home during the day.",,Manhattan,true
20407501,Bright and Cozy Room in Williamsburg,65367725490,verified,Pauline,Brooklyn,Williamsburg,40.7073,-73.96607,United States,US,false,strict,Private room,2010,566.0,113.0,4,17,2019-04-07,1.59,4,2,131,"No smoking  and  Please respect each others space . When leaving out your space please dress respectful to other guess  though out the house . ( example , if you are in the house please wear a Robe of some sort .",,Brooklyn,true
20408053,"Clean, Cozy Home in Perfect Park Slope Location",52339470834,unconfirmed,Young Jean,Brooklyn,Park Slope,40.68178,-73.97957,United States,US,true,strict,Entire home/apt,2013,678.0,136.0,120,0,,,5,1,0,"All guests are expected to be respectful and mindful of shared spaces, including bathroom, kitchen, and TV room. This includes cleaning up after you and your group in all shared areas. Absolutely no smoking. Guests arriving or returning after 10:00pm must maintain a courteous volume in consideration of other guests. Pets are welcome! If you have a pet and use the backyard, please clean up after your pet.",,Brooklyn,true
20408606,South Williamsburg Condo - Rooftop & Balcony,653456847,unconfirmed,Julie,Brooklyn,Williamsburg,40.71113,-73.96181,United States,US,false,moderate,Entire home/apt,2007,62.0,12.0,3,1,2018-09-30,0.11,3,1,9,"All I ask is that you are respectful of my home and things, as well as my neighbors, who are excellent! Oh, and no indoor smoking, please :)",,Brooklyn,true
20409158,Spacious Private Room near Train and Prospect Park,6628038945,unconfirmed,Aaron,Brooklyn,Prospect-Lefferts Gardens,40.65815,-73.95546,United States,US,false,flexible,Private room,2015,452.0,90.0,31,3,2019-06-01,0.45,4,2,84,"No pets, no smoking or partying.  No rental to guests under 25.",,Brooklyn,true
20409710,Sunny Apt in Brooklyn Close to Prospect Park,50600643853,unconfirmed,Sophia,Brooklyn,Kensington,40.63472,-73.97268,United States,US,true,moderate,Private room,2021,804.0,161.0,3,2,2019-01-01,0.19,3,1,281,"All guests are expected to be respectful and mindful of shared spaces, including bathroom, kitchen, and TV room. This includes cleaning up after you and your group in all shared areas. Absolutely no smoking. Guests arriving or returning after 9:00pm must maintain a courteous volume in consideration of other guests. Pets are welcome! If you have a pet and use the backyard, please clean up after your pet.",,Brooklyn,true
20410263,Park Slope Perfect 2 BR,63607701014,verified,Dani,Brooklyn,South Slope,40.66875,-73.98779,United States,US,true,strict,Entire home/apt,2006,1066.0,213.0,31,1,2019-05-24,0.64,4,2,281,• Check-in time is 4PM. Occassional Get-togethers are ok but no wild parties please. No drinking or drugs.,,Brooklyn,true
20410815,room in a soho loft,39036460965,unconfirmed,Swetha,Manhattan,SoHo,40.72099,-73.99921,United States,US,false,strict,Private room,2010,914.0,183.0,3,8,2019-04-29,0.81,2,2,361,"Check-in is 2:00 pm, and checkout 11:00 am. You may bring bags in before check in time or leave it to pick up later. Let me know to arrange it. After reservation please send me your arrival and departure time for logistics Help yourself coffee or tea anytime NO shoes to the second floor  Keep the volume low before 8am and after 10pm Close the doors gently No shower after  11:30pm No laundry after  before 9am and after 8pm Keep the kitchen in a decent condition after your use Close the shower curtain well, no hair in the tub, no water around the sink on the sink there is a sponge you can use it to dry Turn off the light when you leave the room Trash out from the room  BLUE BOX recycling  Please respect this rules. Full refunded of security despoit in this case",,Manhattan,true
35506831,Master Bedroom with private Bathroom & Balcony,55110690425,unconfirmed,UZeyir,Queens,Maspeth,40.74056,-73.90635,United States,US,true,strict,Private room,2016,706.0,141.0,1,1,2021-11-14,0.27,3,1,339,,,Queens,true
35507383,Cozy 2 br in sunny Fort Greene apt,80193772189,verified,Sally,Brooklyn,Fort Greene,40.68701,-73.97555,United States,US,false,flexible,Private room,2020,651.0,130.0,3,38,2021-11-13,0.27,3,1,0,,,Brooklyn,true
35507935,Duplex w/ Terrace @ Box House Hotel,72991962259,verified,The Box House Hotel,Brooklyn,Greenpoint,40.73756,-73.9535,United States,US,false,strict,Hotel room,2016,907.0,181.0,3,10,2021-11-13,0.08,3,30,32,,,Brooklyn,true
35508488,"Cozy, clean Greenpoint room with yard access",74975156081,verified,Dawn,Brooklyn,Greenpoint,40.72516,-73.95004,United States,US,false,strict,Private room,2013,589.0,118.0,30,38,2021-11-13,0.34,5,2,324,,,Brooklyn,true
35509040,2BR XL Loft: Cleaning CDC guidelines implemented,85844415221,unconfirmed,Vida,Brooklyn,Greenpoint,40.72732,-73.94185,United States,US,false,flexible,Entire home/apt,2015,356.0,71.0,30,13,2021-11-13,0.14,4,28,336,,,Brooklyn,true
35509592,Stunning Loft in Heart of Williamsburg,8588076469,unconfirmed,Stephan,Brooklyn,Williamsburg,40.71625,-73.95667,United States,US,true,flexible,Entire home/apt,2021,442.0,88.0,30,136,2021-11-13,1.49,4,1,180,,,Brooklyn,true
35510145,Rare Find: Stylish West Village Townhouse,30748072972,verified,,Manhattan,West Village,40.73169,-74.0087,United States,US,false,moderate,Entire home/apt,2009,1143.0,229.0,5,24,2021-11-13,0.32,4,2,0,,,Manhattan,true
35510697,Lovely room with a view.,94415823707,verified,Josephine,Queens,Arverne,40.58947,-73.79298,United States,US,false,strict,Private room,2013,476.0,95.0,2,137,2021-11-13,2.33,4,2,151,,,Queens,true
35511249,Cozy mezzanine bdrm in charming Bklyn neighborhood,74327677443,verified,Marc,Brooklyn,Sunset Park,40.66188,-73.9914,United States,US,false,strict,Private room,2010,673.0,135.0,30,82,2021-11-13,1.72,4,2,365,,,Brooklyn,true
35511802,Williamsburg  Duplex Loft of Lorimer L,5799022713,verified,D,Brooklyn,Williamsburg,40.71535,-73.95454,United States,US,false,moderate,Entire home/apt,2015,516.0,103.0,5,5,2021-11-13,0.13,5,2,0,,,Brooklyn,true
35512354,1976 Chris Craft “Hudson”,25502200687,unconfirmed,Gina,Queens,Arverne,40.59564,-73.78905,United States,US,true,moderate,Entire home/apt,2018,459.0,92.0,2,37,2021-11-13,1.12,2,1,161,,,Queens,true
35512906,Destination Bushwick,81292899272,verified,Jose,Brooklyn,Bushwick,40.69159,-73.91261,United States,US,false,strict,Private room,2020,683.0,137.0,3,39,2021-11-13,1.26,3,5,44,,,Brooklyn,true
35513458,Brooklyn getaway,47173380277,unconfirmed,Rachel,Brooklyn,Flatbush,40.64344,-73.96109,United States,US,false,flexible,Entire home/apt,2022,592.0,118.0,4,27,2021-11-13,1.02,4,1,21,,,Brooklyn,true
35514011,138 Bowery-Classic Queen Studio,9285301649,unconfirmed,Jeniffer,Manhattan,Little Italy,40.71991,-73.99591,United States,US,true,strict,Entire home/apt,2021,398.0,80.0,15,24,2021-11-13,1.1,3,51,43,,,Manhattan,true
35514563,Cozy private B/room med student Brooklyn Hospital1,45596787076,unconfirmed,Rosemarie,Brooklyn,East Flatbush,40.6541,-73.93205,United States,US,false,moderate,Private room,2009,364.0,73.0,31,2,2021-11-13,0.21,5,5,88,,,Brooklyn,true
35515115,Beautiful furnished 1 bed in Hudson Yards,34385074783,unconfirmed,Terence,Manhattan,Chelsea,40.75262,-73.99783,United States,US,false,strict,Entire home/apt,2010,775.0,155.0,30,2,2021-11-13,0.3,3,1,142,,,Manhattan,true
35515668,Out of this🌎 Hospitality in NY 2 minutes from LGA✈️,34773844248,verified,Juan,Queens,East Elmhurst,40.75922,-73.8826,United States,US,false,strict,Private room,2013,610.0,122.0,1,9,2021-11-13,0.88,3,1,0,,,Queens,true
35516220,Charming Furnished Suite Sutton Pl/Midtown East #1,60866174324,unconfirmed,Benjamin,Manhattan,Midtown,40.75905,-73.96246,United States,US,true,strict,Entire home/apt,2016,341.0,68.0,30,2,2021-11-13,0.21,4,3,227,,,Manhattan,true
35516772,Easy Parking !!Med students home!!Near transit,55864091405,verified,Amadu,Brooklyn,Canarsie,40.64841,-73.89884,United States,US,false,flexible,Private room,2009,988.0,198.0,3,7,2021-11-13,0.63,4,1,364,,,Brooklyn,true
35517325,Heart of Manhattan!!! Luxury rentals one bedroom,24658631253,unconfirmed,Abdou,Manhattan,Kips Bay,40.74264,-73.97337,United States,US,true,strict,Entire home/apt,2018,1019.0,204.0,7,6,2021-11-13,0.64,4,1,0,,,Manhattan,true
35517877,Beautiful Basement room near Prospect park,86136944975,verified,Neusa,Brooklyn,Prospect-Lefferts Gardens,40.66199,-73.94109,United States,US,true,moderate,Private room,2009,111.0,22.0,1,5,2021-11-13,0.83,3,4,0,,,Brooklyn,true
35518429,"Spacious Plant-filled 2 Bed, 2 Bath with Balcony",51799066800,verified,Ashley,Brooklyn,Williamsburg,40.7153,-73.94085,United States,US,false,strict,Entire home/apt,2011,405.0,81.0,3,3,2021-11-13,0.46,3,4,0,,,Brooklyn,true
35518981,Nice Private ROOM in Ridgewood,77333598633,unconfirmed,Sergii & Nika,Queens,Ridgewood,40.70349,-73.90401,United States,US,true,moderate,Private room,2004,443.0,89.0,30,1,2021-11-13,0.27,4,14,364,,,Queens,true
35519534,Upper East Side / Lenox Hill 1 Bedroom Apartment,42334252783,unconfirmed,Stephanie,Manhattan,Upper East Side,40.76279,-73.96398,United States,US,true,strict,Entire home/apt,2011,887.0,177.0,7,1,2021-11-13,0.22,3,1,0,,,Manhattan,true
35520086,"Charming Artist's Flat, East Village",5854455137,unconfirmed,Sarah,Manhattan,East Village,40.72408,-73.98154,United States,US,false,moderate,Entire home/apt,2014,594.0,119.0,30,275,2021-11-12,2.08,2,1,332,,,Manhattan,true
35520638,Park Slope: Barclays Center - Private & Cozy Room,70536098208,verified,Michael,Brooklyn,Prospect Heights,40.68246,-73.97602,United States,US,false,flexible,Private room,2017,1006.0,201.0,2,14,2021-11-12,0.23,3,1,118,,,Brooklyn,true
35521191,Lovely bright room in Washington Heights,846909103,verified,Patricia,Manhattan,Washington Heights,40.85756,-73.93175,United States,US,true,flexible,Private room,2019,93.0,19.0,30,16,2021-11-12,0.31,2,1,0,,,Manhattan,true
35521743,High End Hilton Studio near Central Park,49604980160,unconfirmed,Armstrong,Manhattan,Midtown,40.76527,-73.97744,United States,US,true,moderate,Entire home/apt,2008,1115.0,223.0,1,14,2021-11-12,0.3,2,3,82,,,Manhattan,true
35522295,"HUGE Art-Loft Warehouse in Bushwick, Brooklyn",34842022669,unconfirmed,Cristóbal,Brooklyn,Bushwick,40.70748,-73.92192,United States,US,true,flexible,Entire home/apt,2006,888.0,178.0,3,13,2021-11-12,0.31,3,1,0,,,Brooklyn,true
35522848,Clean & sunny room in Harlem Manhattan,44276754120,verified,Kaz,Manhattan,Harlem,40.81242,-73.94209,United States,US,true,flexible,Private room,2004,864.0,173.0,30,4,2021-11-12,0.12,5,161,354,,,Manhattan,true
35523400,LAVISH 3 Bedroom in Williamsburg!!,21035528789,verified,Inez,Brooklyn,Bedford-Stuyvesant,40.69526,-73.93985,United States,US,false,flexible,Entire home/apt,2020,258.0,52.0,30,19,2021-11-12,0.55,5,1,251,,,Brooklyn,true
35523952,Perfect Brooklyn Neighborhood Apartment,90298367115,verified,David & Manny,Brooklyn,South Slope,40.66262,-73.98747,United States,US,true,strict,Entire home/apt,2019,1138.0,228.0,14,24,2021-11-12,0.77,5,1,4,,,Brooklyn,true
35524504,Brooklyn Junction I:  Minutes from NYC & Airports,23462683402,verified,Mike @ New Age Tech,Brooklyn,Cypress Hills,40.67739,-73.90007,United States,US,true,flexible,Private room,2020,75.0,15.0,3,37,2021-11-12,1.43,2,3,175,,,Brooklyn,true
35525057,Spectacular 2bdrm Penthouse W/huge private terrace,54164290621,unconfirmed,Adanna,Manhattan,East Harlem,40.78781,-73.94687,United States,US,false,flexible,Entire home/apt,2005,127.0,25.0,30,5,2021-11-12,0.3,4,1,180,,,Manhattan,true
35525609,Alphabet City Spring,42602444364,unconfirmed,Kirk,Manhattan,East Village,40.72956,-73.97973,United States,US,true,flexible,Private room,2006,113.0,23.0,30,3,2021-11-12,0.34,5,1,241,,,Manhattan,true
35526161,Sunny! Manhattan Room. By everything with King Bed,24113972708,unconfirmed,Kdn,Manhattan,Inwood,40.86554,-73.92523,United States,US,false,strict,Private room,2018,555.0,111.0,2,2,2021-11-12,0.37,3,3,84,,,Manhattan,true
35526714,Central Park Quiet 1BR,74086768970,unconfirmed,Stanton,Manhattan,Upper West Side,40.79184,-73.96757,United States,US,true,moderate,Entire home/apt,2008,437.0,87.0,90,11,2021-11-11,0.16,2,4,277,,,Manhattan,true
35527266,1BR Condo with Workspace and  Verizon FiOS! #10253,48983770080,verified,Dan,Brooklyn,Park Slope,40.67695,-73.9793,United States,US,false,moderate,Entire home/apt,2019,292.0,58.0,30,62,2021-11-11,1.14,4,1,31,,,Brooklyn,true
35527818,Artist place near Prospect park. Entire apt,70521018180,verified,Julia,Brooklyn,Flatbush,40.65058,-73.96199,United States,US,false,flexible,Entire home/apt,2005,298.0,60.0,30,16,2021-11-11,0.35,4,1,43,,,Brooklyn,true
35528371,"Entire  apartment, safe, separate entrance, garden",94459587561,unconfirmed,Charlotte & Aaron,Brooklyn,Midwood,40.62684,-73.96276,United States,US,false,flexible,Entire home/apt,2015,206.0,41.0,30,24,2021-11-11,0.59,2,1,266,,,Brooklyn,true
35528923,Heart of Flatbush Flat,862834181,verified,Akili,Brooklyn,East Flatbush,40.65262,-73.95058,United States,US,false,flexible,Entire home/apt,2005,154.0,31.0,3,4,2021-11-11,0.24,5,1,0,,,Brooklyn,true
35529475,Bright and modern 3 BR in Financial District,70834921655,unconfirmed,Celine,Manhattan,Financial District,40.70507,-74.00777,United States,US,false,flexible,Entire home/apt,2007,539.0,108.0,30,1,2021-11-11,0.26,5,5,288,,,Manhattan,true
35530027,En-suite Master Bedroom in the center of Flushing!,65519636966,verified,Dee,Queens,Fresh Meadows,40.75045,-73.78679,United States,US,true,strict,Private room,2012,132.0,26.0,7,4,2021-11-11,0.36,2,10,316,,,Queens,true
35530580,Nice and Cozy room close to Manhattan,635525656,unconfirmed,Priscilla,Queens,Ditmars Steinway,40.77396,-73.91778,United States,US,true,moderate,Private room,2016,539.0,108.0,1,1,2021-11-11,0.21,3,2,0,,,Queens,true
35531132,"Sunny apartment -Train,Bus & St. John’s Uni",32812127929,verified,Sufia,Queens,Jamaica,40.71053,-73.79014,United States,US,false,strict,Private room,2011,733.0,147.0,30,19,2021-11-10,0.2,4,1,362,,,Queens,true
35531684,SOHA Clean & Cozy ZEN-Style Rm Near All - Harlem,11710356637,verified,Michelle,Manhattan,Harlem,40.80468,-73.94913,United States,US,false,flexible,Private room,2005,99.0,20.0,30,51,2021-11-10,0.77,3,2,110,,,Manhattan,true
35532237,Green Apple Suite Harlem NYC BROWNSTONE,90549798737,unconfirmed,Ephraim,Manhattan,Harlem,40.81621,-73.94669,United States,US,false,moderate,Entire home/apt,2018,317.0,63.0,5,170,2021-11-10,2.42,5,4,0,,,Manhattan,true
35532789,Cozy room in Roosevelt Island.,26969548045,verified,Juan,Manhattan,Roosevelt Island,40.76367,-73.94927,United States,US,true,strict,Private room,2009,647.0,129.0,8,3,2021-11-10,0.08,5,2,26,,,Manhattan,true
35533341,The Corky Hale Room at The Harlem Flophouse,71298669974,unconfirmed,René,Manhattan,Harlem,40.8093,-73.95204,United States,US,false,strict,Private room,2009,701.0,140.0,1,43,2021-11-10,0.71,3,4,258,,,Manhattan,true
35533894,Stunning Studio Loft in West Chelsea Brownstone,17911408018,unconfirmed,Lena,Manhattan,Chelsea,40.74491,-74.00162,United States,US,true,flexible,Entire home/apt,2008,112.0,22.0,30,45,2021-11-10,0.8,2,1,207,,,Manhattan,true
35534446,White 2 Bedroom 2 Bath Near Times Square West Side,77352150795,unconfirmed,Fad,Manhattan,Hell's Kitchen,40.76821,-73.99074,United States,US,true,strict,Entire home/apt,2014,77.0,15.0,30,4,2021-11-10,0.13,5,5,335,,,Manhattan,true
35534998,2BR steps from Bell Blvd and Bayside Train Station,73016411582,verified,Noelle,Queens,Bayside,40.76317,-73.76734,United States,US,false,strict,Entire home/apt,2008,488.0,98.0,30,13,2021-11-10,0.43,2,4,349,,,Queens,true
35535550,"Stylish 1BR in Upper West Side, Pet-Friendly",23853836706,verified,Zeus,Manhattan,Upper West Side,40.77371,-73.98043,United States,US,true,strict,Entire home/apt,2005,585.0,117.0,30,10,2021-11-10,0.42,2,34,278,,,Manhattan,true
35536103,"Gild Hall - Luxury Hotel, Premium King Guestroom",96980723329,unconfirmed,Gild Hall,Manhattan,Financial District,40.70679,-74.00821,United States,US,true,moderate,Private room,2019,604.0,121.0,1,12,2021-11-10,0.95,3,9,363,,,Manhattan,true
35536655,European Charm,95871502414,verified,Maria,Queens,Ridgewood,40.70661,-73.90804,United States,US,true,moderate,Shared room,2022,1150.0,230.0,31,1,2021-11-10,0.21,3,1,0,,,Queens,true
35537207,# 2 One Lexury Bedroom close to JFK AIRPORT,12648350548,verified,Gelen,Queens,Springfield Gardens,40.664089,-73.754173,United States,US,true,moderate,Private room,2009,943.0,189.0,3,9,2021-11-10,0.8,5,5,365,,,Queens,true
35537760,Cozy studio in East Village,67293095486,unconfirmed,Hannah,Manhattan,East Village,40.72411,-73.98386,United States,US,false,moderate,Entire home/apt,2008,326.0,65.0,20,4,2021-11-10,0.35,3,1,74,,,Manhattan,true
35538312,"Minimal, cozy and airy room in Williamsburg.",81591785644,verified,Pilar,Brooklyn,Williamsburg,40.70668,-73.95478,United States,US,true,flexible,Private room,2014,494.0,99.0,4,8,2021-11-10,0.63,2,2,0,,,Brooklyn,true
35538864,One bedroom in heart of West Village,77183332357,unconfirmed,Dane,Manhattan,West Village,40.73017,-74.00663,United States,US,true,moderate,Entire home/apt,2017,1005.0,201.0,5,2,2021-11-10,0.19,3,1,0,,,Manhattan,true
35539417,A+ Location Double over Double Loft Bed Studio,49212556216,verified,Nomad,Manhattan,Midtown,40.74639,-73.987,United States,US,true,flexible,Entire home/apt,2008,277.0,55.0,1,2,2021-11-10,0.21,2,53,0,,,Manhattan,true
35539969,Covid19 immune / nyu clean safe space great area,60804955827,verified,Mike,Manhattan,Greenwich Village,40.73547,-73.99807,United States,US,false,flexible,Private room,2013,855.0,171.0,21,90,2021-11-09,0.83,2,2,59,,,Manhattan,true
35540521,Gorgeous pre war rowhouse apartment,96025410264,unconfirmed,Velma,Brooklyn,Bedford-Stuyvesant,40.68403,-73.94271,United States,US,false,flexible,Entire home/apt,2011,495.0,99.0,30,70,2021-11-09,0.78,2,4,263,,,Brooklyn,true
35541073,Beautiful room with bathroom,62261951696,verified,Claudina,Brooklyn,Bedford-Stuyvesant,40.69281,-73.93759,United States,US,false,strict,Private room,2019,1047.0,209.0,2,27,2021-11-09,0.3,4,4,311,,,Brooklyn,true
35541626,Adorable Studio in Heart of BKLYN,6268316412,unconfirmed,Madeline,Brooklyn,Fort Greene,40.69112,-73.9724,United States,US,false,moderate,Entire home/apt,2016,1040.0,208.0,5,90,2021-11-09,1.05,4,1,4,,,Brooklyn,true
35542178,Perfect UES; steps from Park Ave,34562975056,unconfirmed,Robert,Manhattan,Upper East Side,40.76448,-73.96619,United States,US,true,flexible,Entire home/apt,2011,336.0,67.0,7,30,2021-11-09,0.37,3,1,0,,,Manhattan,true
35542730,Prime East Village *Spacious,53921860305,unconfirmed,Raanan,Manhattan,East Village,40.73001,-73.97933,United States,US,false,strict,Entire home/apt,2015,1059.0,212.0,30,6,2021-11-09,0.09,,11,289,,,Manhattan,true
35543283,Luxury Loft With Balcony in the Heart of Brooklyn,79399485860,verified,Jeremy,Brooklyn,Fort Greene,40.68732,-73.97888,United States,US,true,flexible,Entire home/apt,2006,192.0,38.0,30,22,2021-11-09,0.31,,1,190,,,Brooklyn,true
35543835,Spacious private room with private bathroom,27670871637,verified,FuKang,Queens,Fresh Meadows,40.73858,-73.79305,United States,US,true,flexible,Private room,2003,871.0,174.0,1,189,2021-11-09,3.27,,6,247,,,Queens,true
35544387,DOUBLE SHARED BATHROOM,26113239287,unconfirmed,Reservation Desk,Manhattan,Gramercy,40.73492,-73.98454,United States,US,false,moderate,Private room,2008,414.0,83.0,30,5,2021-11-09,0.11,,14,331,,,Manhattan,true
35544940,"Enjoy Cozy, Quiet, Safe & Convenient Living in NYC",19095364103,unconfirmed,Chi,Brooklyn,Bensonhurst,40.61334,-73.98714,United States,US,true,flexible,Entire home/apt,2010,462.0,92.0,30,14,2021-11-09,0.3,,2,208,,,Brooklyn,true
35545492,"Aliz Hotel Times Square, Standard Guest Room",81834744009,verified,Aliz Hotel Times Square,Manhattan,Hell's Kitchen,40.75727,-73.99071,United States,US,false,strict,Private room,2012,1061.0,212.0,1,174,2021-11-09,6.33,,5,282,,,Manhattan,true
35546044,The Residences at W New York - Downtown - Apt 27D,43741555866,unconfirmed,Zeus,Manhattan,Financial District,40.71035,-74.01427,United States,US,false,strict,Entire home/apt,2008,161.0,32.0,30,2,2021-11-09,0.1,,34,333,,,Manhattan,true
35546596,Huge Luxurious 3 Bedroom/2 Bath Perfect for kids,47363313462,unconfirmed,Damien,Manhattan,Upper West Side,40.79721,-73.96916,United States,US,true,flexible,Entire home/apt,2005,245.0,49.0,3,4,2021-11-09,0.24,3,1,338,,,Manhattan,true
35547149,★ Designer 3BR Bay/Bridge Views Historic Details,15246313813,unconfirmed,Svetlana,Brooklyn,Bay Ridge,40.63171,-74.03181,United States,US,true,moderate,Entire home/apt,2015,238.0,48.0,3,7,2021-11-09,0.6,4,1,34,,,Brooklyn,true
35547701,BEAUTIFUL BEDROOM IN MANHATTAN,70617959346,verified,Luz Maria,Manhattan,Washington Heights,40.84443,-73.93884,United States,US,false,flexible,Private room,2016,52.0,10.0,1,12,2021-11-09,1.63,5,6,338,,,Manhattan,true
35548253,Two full beds Room | PRIVATE BATHROOM,43227597317,verified,Alex,Manhattan,Hell's Kitchen,40.75628,-73.9935,United States,US,true,moderate,Private room,2022,158.0,32.0,30,1,2021-11-09,0.26,5,50,273,,,Manhattan,true
35548806,"Nesva Hotel, King Premium Balcony",46867458535,verified,Nesva Hotel,Queens,Long Island City,40.75272,-73.93404,United States,US,false,strict,Private room,2004,270.0,54.0,1,4,2021-11-09,0.67,4,13,365,,,Queens,true
35549358,Upper East Side Gem!,4933813763,unconfirmed,Daniel,Manhattan,Upper East Side,40.77395,-73.95153,United States,US,false,moderate,Entire home/apt,2020,627.0,125.0,30,98,2021-11-08,1.16,2,1,273,,,Manhattan,true
35549910,"home, sweet home :-)  English, русский,  עברית",27692673803,unconfirmed,Irisha,Queens,Fresh Meadows,40.74205,-73.787,United States,US,false,moderate,Entire home/apt,2007,602.0,120.0,1,68,2021-11-08,0.98,4,3,179,,,Queens,true
35550463,Renovated sunny studio,43513040649,unconfirmed,Soonbin,Brooklyn,Fort Greene,40.6884,-73.97248,United States,US,false,flexible,Entire home/apt,2007,626.0,125.0,5,18,2021-11-08,0.27,5,1,220,,,Brooklyn,true
35551015,A Cozy Harlem Stay,64344388875,verified,Devon,Manhattan,Harlem,40.82215,-73.94576,United States,US,false,moderate,Private room,2010,538.0,108.0,30,6,2021-11-08,0.11,2,7,344,,,Manhattan,true
35551567,East Village: Entire 2BR Penthouse (2020 Enhanced),20961713356,unconfirmed,Nicholas,Manhattan,East Village,40.73113,-73.98442,United States,US,true,moderate,Entire home/apt,2014,1057.0,211.0,30,32,2021-11-08,0.62,2,3,44,,,Manhattan,true
35552119,COZY BED ROOM 10 MIN FR JFK&TRAIN WITH PVT BATH,98280718071,verified,Ode,Queens,St. Albans,40.68514,-73.76958,United States,US,false,strict,Private room,2003,385.0,77.0,5,27,2021-11-08,0.75,3,3,270,,,Queens,true
35552672,Cozy Fully Furnished,87897792397,unconfirmed,Christina,Brooklyn,Prospect-Lefferts Gardens,40.65932,-73.95974,United States,US,true,flexible,Entire home/apt,2018,303.0,61.0,30,11,2021-11-08,0.36,3,1,300,,,Brooklyn,true
35553224,Queens village cozy apartment,22960117844,unconfirmed,Augustine,Queens,Queens Village,40.72733,-73.73571,United States,US,false,flexible,Entire home/apt,2017,913.0,183.0,7,21,2021-11-08,1.41,5,1,179,,,Queens,true
35553776,SSB 13. SINGLE SHARED BATHROOM.,84942803939,unconfirmed,Reservation Desk,Manhattan,Gramercy,40.73547,-73.98548,United States,US,true,strict,Private room,2018,963.0,193.0,30,1,2021-11-08,0.21,4,14,259,,,Manhattan,true
35554329,The Boogie Down Exchange,84357648268,unconfirmed,Hezekiah,Bronx,Fordham,40.86303,-73.89839,United States,US,false,strict,Entire home/apt,2012,1152.0,230.0,30,9,2021-11-08,0.38,5,1,154,,,Bronx,true
35554881,The People's Brownstone,13179680663,unconfirmed,Carol Ann,Manhattan,Harlem,40.81422,-73.94513,United States,US,true,strict,Entire home/apt,2015,832.0,166.0,3,6,2021-11-08,0.42,2,2,89,,,Manhattan,true
35555433,Beautiful King Bed Hotel Room,15306308742,unconfirmed,Justin,Manhattan,Financial District,40.70657,-74.00426,United States,US,false,moderate,Private room,2016,50.0,10.0,1,25,2021-11-08,1.64,4,102,52,,,Manhattan,true
35555986,Central Park Apartments Furnished studio Rental 14,41750214167,unconfirmed,JRAC Manhattan Realty,Manhattan,Upper West Side,40.79565,-73.96152,United States,US,true,flexible,Entire home/apt,2010,1011.0,202.0,30,3,2021-11-08,0.45,4,34,243,,,Manhattan,true
35556538,Fenix Living NoLiTa — Mulberry St Cozy Studio,13777837380,verified,Fenix,Manhattan,Nolita,40.72359,-73.99469,United States,US,false,moderate,Entire home/apt,2010,168.0,34.0,30,3,2021-11-08,0.41,4,6,62,,,Manhattan,true
35557090,Modern Private ROOM,3638560773,unconfirmed,Kristina,Brooklyn,Kensington,40.63348,-73.97461,United States,US,false,moderate,Private room,2015,262.0,52.0,30,3,2021-11-08,0.45,2,11,365,,,Brooklyn,true
35557642,Spacious 2BR/2BA! Heart of Midtown Manhattan!,6480284390,verified,Jannah,Manhattan,Theater District,40.75936,-73.98736,United States,US,false,moderate,Entire home/apt,2012,243.0,49.0,30,4,2021-11-08,0.62,5,1,104,,,Manhattan,true
35558195,Modern Private ROOM with Private Bathroom,34487179540,verified,Alex,Manhattan,Hell's Kitchen,40.75532,-73.9939,United States,US,false,flexible,Private room,2011,560.0,112.0,30,1,2021-11-08,0.25,3,50,364,,,Manhattan,true
35558747,Queen sized Bdr W/ direct backyard access,93089378663,unconfirmed,David,Brooklyn,Bushwick,40.69098,-73.9242,United States,US,true,strict,Private room,2017,718.0,144.0,2,4,2021-11-08,0.8,4,3,247,,,Brooklyn,true
35559299,Stylish Studio with exclusive Terrace,61250092180,unconfirmed,Daniel,Manhattan,Midtown,40.75408,-73.97071,United States,US,true,strict,Entire home/apt,2009,152.0,30.0,29,151,2021-11-07,1.19,4,1,42,,,Manhattan,true
35559852,All Inclusive Brooklyn Getaway w/fast WiFi,57136440621,unconfirmed,Diana,Brooklyn,Crown Heights,40.6719,-73.92711,United States,US,false,moderate,Entire home/apt,2004,850.0,170.0,30,1,2021-11-07,0.25,2,1,356,,,Brooklyn,true
35560404,"Chic, Modern Apt Near Central Park!",50864522046,unconfirmed,AFI Apartments,Manhattan,Upper East Side,40.77141,-73.95548,United States,US,true,moderate,Entire home/apt,2018,895.0,179.0,30,8,2021-11-07,0.09,3,30,333,,,Manhattan,true
35560956,"Large apartment, 2BR, Midtown NYC! 3D",70333295062,verified,Nina,Manhattan,Midtown,40.75076,-73.98262,United States,US,false,strict,Entire home/apt,2019,940.0,188.0,30,14,2021-11-07,0.17,4,13,210,,,Manhattan,true
35561509,"Private, quiet spacious room with tons of sun!",95429629101,unconfirmed,Joshua,Queens,Astoria,40.75671,-73.92483,United States,US,true,flexible,Private room,2013,758.0,152.0,30,93,2021-11-07,1.08,5,1,241,,,Queens,true
35562061,Sunny Private Room/Single Bed,78952368255,verified,Myrta,Brooklyn,Park Slope,40.66933,-73.98204,United States,US,true,strict,Private room,2014,207.0,41.0,30,43,2021-11-07,0.52,4,1,322,,,Brooklyn,true
35562613,"Private 1 Bdrm, 1Bth, UES in NYC",40997672106,verified,David Sean,Manhattan,Upper East Side,40.77547,-73.95221,United States,US,false,flexible,Private room,2015,476.0,95.0,2,5,2021-11-07,0.6,2,1,59,,,Manhattan,true
35563165,New Museum 2 BR Loft,47238701126,verified,Désirée,Manhattan,Lower East Side,40.72271,-73.99262,United States,US,false,moderate,Entire home/apt,2005,616.0,123.0,30,77,2021-11-07,1.06,4,1,139,,,Manhattan,true
35563718,"Charming Garden Studio in Sunnyside, NY",33047388282,verified,Leticia,Queens,Sunnyside,40.73445,-73.92222,United States,US,true,moderate,Entire home/apt,2015,772.0,154.0,30,55,2021-11-07,0.79,4,1,293,,,Queens,true
35564270,20-25 minutes to downtown NYC/30-40 to midtown,60438862057,unconfirmed,Alan,Brooklyn,Bedford-Stuyvesant,40.69566,-73.93546,United States,US,false,strict,Private room,2020,960.0,192.0,30,107,2021-11-07,1.59,2,3,211,,,Brooklyn,true
35564822,Cozy Private Room in Staten Island,10152388003,verified,Felix,Staten Island,Concord,40.6096,-74.08824,United States,US,false,moderate,Private room,2020,671.0,134.0,1,76,2021-11-07,1.26,3,1,179,,,Staten Island,true
35565375,CHARMING ROOM W/ ROOF DECK ACCESS 3 :),7445740146,verified,Suzette And Graham,Brooklyn,Clinton Hill,40.6947,-73.96146,United States,US,true,strict,Private room,2004,740.0,148.0,30,17,2021-11-07,0.27,3,19,334,,,Brooklyn,true
35565927,Quiet cozy apartment in rockaway beach,88220095123,verified,Gerard,Queens,Belle Harbor,40.58011,-73.84127,United States,US,true,moderate,Entire home/apt,2006,1044.0,209.0,2,112,2021-11-07,1.97,2,1,89,,,Queens,true
35566479,Relaxing & cozy apt in Brooklyn mins to Manhattan,38172609203,verified,Travis,Brooklyn,Bedford-Stuyvesant,40.68007,-73.93937,United States,US,true,moderate,Entire home/apt,2012,172.0,34.0,3,99,2021-11-07,1.79,4,3,11,,,Brooklyn,true
35567032,The High Tide Studio #7,53079923449,unconfirmed,Adam,Queens,Rockaway Beach,40.58373,-73.82032,United States,US,false,flexible,Entire home/apt,2011,948.0,190.0,2,57,2021-11-07,1.27,5,9,300,,,Queens,true
35567584,Hiéroglyphe,97219387634,verified,Yero,Bronx,Allerton,40.86754,-73.85472,United States,US,false,flexible,Private room,2015,646.0,129.0,30,76,2021-11-07,1.64,2,1,82,,,Bronx,true
35568136,Beautiful  room,18505314592,unconfirmed,Claudina,Brooklyn,Bedford-Stuyvesant,40.69492,-73.93883,United States,US,false,flexible,Private room,2022,877.0,175.0,2,13,2021-11-07,0.31,2,4,335,,,Brooklyn,true
35568688,Lovely one bedroom apartment in Wiliamsburg,60716158624,unconfirmed,Helen,Brooklyn,Williamsburg,40.70636,-73.95463,United States,US,false,strict,Entire home/apt,2006,296.0,59.0,30,10,2021-11-07,0.25,4,2,54,,,Brooklyn,true
35569241,Sunny Newly Renovated Private Room - Bed-Stuy,21084129041,unconfirmed,Uchenna,Brooklyn,Bedford-Stuyvesant,40.68263,-73.95307,United States,US,false,strict,Private room,2021,994.0,199.0,2,39,2021-11-07,0.95,4,1,0,,,Brooklyn,true
35569793,Charming  Studio Apartment at East Harlem.,80739539315,unconfirmed,Rafael,Manhattan,East Harlem,40.78666,-73.9488,United States,US,false,flexible,Private room,2003,1015.0,203.0,4,20,2021-11-07,0.48,5,1,16,,,Manhattan,true
35570345,"Bright and Spacious in Bed Stuy, Brooklyn",95539040456,unconfirmed,Laura,Brooklyn,Bedford-Stuyvesant,40.69127,-73.94351,United States,US,true,moderate,Entire home/apt,2014,723.0,145.0,3,21,2021-11-07,0.58,2,1,0,,,Brooklyn,true
35570898,Spacious Studio SHARED,63057554117,unconfirmed,Trinize,Bronx,Tremont,40.84394,-73.88712,United States,US,true,moderate,Shared room,2018,211.0,42.0,2,72,2021-11-07,2.03,2,1,33,,,Bronx,true
35571450,Private  Stay Studio Suite,38182042339,verified,Michelle,Manhattan,Harlem,40.80497,-73.94733,United States,US,true,strict,Private room,2007,626.0,125.0,4,3,2021-11-07,0.1,4,11,357,,,Manhattan,true
35572002,"Aliz Hotel Times Square, Deluxe Guest Room",25533035638,verified,Aliz Hotel Times Square,Manhattan,Hell's Kitchen,40.75413,-73.99398,United States,US,true,moderate,Private room,2021,698.0,140.0,1,59,2021-11-07,2.34,3,5,289,,,Manhattan,true
35572555,2 Bedroom 2 Bath in Harlem with MASSIVE Outdoor,28357392846,verified,Tina,Manhattan,East Harlem,40.79795,-73.94072,United States,US,false,flexible,Entire home/apt,2006,931.0,186.0,31,16,2021-11-07,0.51,3,1,92,,,Manhattan,true
35573107,Clean apt. and convenient location in Manhattan,14375604654,verified,Livia,Manhattan,Kips Bay,40.74079,-73.97837,United States,US,true,strict,Entire home/apt,2019,124.0,25.0,2,14,2021-11-07,0.48,2,1,48,,,Manhattan,true
35573659,Fully Furnished 3 bedroom Duplex in Great Location,40460149489,unconfirmed,Isabelle,Queens,Richmond Hill,40.70021,-73.83926,United States,US,true,strict,Entire home/apt,2004,87.0,17.0,30,1,2021-11-07,0.25,3,4,178,,,Queens,true
35574211,A Single Bedroom in Stunning & Inspiring Art Loft!,44461403485,unconfirmed,Lea,Brooklyn,Red Hook,40.67854,-74.00595,United States,US,true,moderate,Private room,2018,496.0,99.0,4,14,2021-11-07,0.49,2,3,353,,,Brooklyn,true
35574764,Clean space,2854580082,verified,Al,Staten Island,Shore Acres,40.61225,-74.06337,United States,US,false,flexible,Private room,2004,114.0,23.0,1,3,2021-11-07,0.11,5,2,365,,,Staten Island,true
35575316,"Spacious private room, good for a single/couple, Woodside",24018604959,verified,Kaz,Queens,Maspeth,40.73758,-73.90672,United States,US,false,flexible,Private room,2012,1132.0,226.0,30,3,2021-11-07,0.14,5,161,336,,,Queens,true
35575868,PRIVATE BASEMENT APT - BROOKLYN,87923023475,verified,Grace,Brooklyn,East Flatbush,40.65373,-73.93606,United States,US,true,moderate,Entire home/apt,2019,982.0,196.0,30,10,2021-11-07,0.41,3,1,365,,,Brooklyn,true
35576421,"Modern, light-filled apartment in Wiliamsburg",6853287861,unconfirmed,Marge,Brooklyn,Williamsburg,40.71427,-73.95405,United States,US,false,strict,Entire home/apt,2021,691.0,138.0,30,1,2021-11-07,0.21,3,1,0,,,Brooklyn,true
35576973,Lower East Side Cool - Private Bath/BED + Terrace,47583599972,unconfirmed,Loen,Manhattan,Chinatown,40.71562,-73.99194,United States,US,false,moderate,Private room,2018,1021.0,204.0,21,3,2021-11-07,0.55,3,1,345,,,Manhattan,true
35577525,Two bedroom apt in Manhattan Lower East Side.,14255655770,verified,Stavros,Manhattan,Lower East Side,40.71226,-73.98901,United States,US,true,strict,Entire home/apt,2017,1151.0,230.0,30,1,2021-11-07,0.25,4,6,312,,,Manhattan,true
35578078,"Spacious, Modern, & Cozy 2 Bedroom Haven w/Wifi",76344916227,unconfirmed,Tara,Brooklyn,Canarsie,40.63846,-73.90782,United States,US,false,flexible,Entire home/apt,2010,305.0,61.0,2,19,2021-11-07,1.85,5,1,66,,,Brooklyn,true
35578630,Spacious and comfortable private room #1 near JFK,25827541915,verified,Aracelis,Queens,Jamaica,40.69091,-73.79589,United States,US,false,moderate,Private room,2006,1091.0,218.0,14,9,2021-11-07,0.86,2,5,159,,,Queens,true
35579182,Beautiful luxury 2 bdr apt in Bedford-stuyvesant,15784960855,verified,Casey,Brooklyn,Crown Heights,40.67825,-73.95017,United States,US,true,flexible,Entire home/apt,2014,369.0,74.0,30,2,2021-11-07,0.38,2,12,365,,,Brooklyn,true
35579734,Private 5th Ave 55th St. King Room Boutique Hotel,39878880889,verified,Blake,Manhattan,Midtown,40.76332,-73.9755,United States,US,true,strict,Private room,2011,57.0,11.0,1,1,2021-11-07,0.25,5,66,351,,,Manhattan,true
35580287,One cozy bedroom near Verrazano bridge and ferry,32202051101,unconfirmed,Chun Kit,Staten Island,Shore Acres,40.61126,-74.06789,United States,US,false,strict,Private room,2019,1200.0,240.0,1,5,2021-11-07,0.59,5,1,0,,,Staten Island,true
35580839,Modern bedroom in Brooklyn5 min from train station,44340091262,verified,Federico,Brooklyn,Brownsville,40.67574,-73.90565,United States,US,false,strict,Private room,2010,863.0,173.0,2,28,2021-11-07,2.87,5,1,0,,,Brooklyn,true
35581391,"Quaint & Spacious Brooklyn, Greenpoint Apartment",94579475148,verified,John,Brooklyn,Greenpoint,40.72957,-73.9574,United States,US,false,moderate,Entire home/apt,2008,311.0,62.0,1,6,2021-11-07,0.72,2,2,287,,,Brooklyn,true
35581944,Perfect Couples Get Away,74542377756,verified,Ijana,Queens,Jamaica,40.68287,-73.77372,United States,US,false,moderate,Entire home/apt,2013,752.0,150.0,1,1,2021-11-07,0.25,5,1,88,,,Queens,true
35582496,"Cute, Sunny Bed-Stuy bedroom with private entrance",78668047944,verified,Joseph,Brooklyn,Bedford-Stuyvesant,40.68882,-73.9492,United States,US,false,flexible,Private room,2006,1026.0,205.0,1,4,2021-11-07,0.51,2,1,0,,,Brooklyn,true
35583048,Perfect & Unique Duplex - Great Value,29954311496,unconfirmed,Steven,Manhattan,Midtown,40.75518,-73.96423,United States,US,true,strict,Entire home/apt,2004,825.0,165.0,3,1,2021-11-07,0.21,2,1,0,,,Manhattan,true
35583601,habitación en el bronx,83015154956,verified,Carolina,Bronx,Van Nest,40.84226,-73.86729,United States,US,false,moderate,Private room,2018,907.0,181.0,1,7,2021-11-07,1.32,4,1,338,,,Bronx,true
35584153,Private Comfortable room WITH 2 FULL SIZE BEDS,76883875448,unconfirmed,Rumena,Queens,Jamaica,40.69305,-73.80713,United States,US,false,strict,Private room,2005,603.0,121.0,1,1,2021-11-07,0.25,2,7,307,,,Queens,true
35584705,Comfortable 4-bedroom apt in family house.,91118302177,verified,Dimitri,Brooklyn,Prospect Heights,40.67839,-73.96642,United States,US,false,strict,Entire home/apt,2014,796.0,159.0,30,154,2021-11-06,1.1,3,1,240,,,Brooklyn,true
35585257,Charming one bedroom in the LES,57838284306,unconfirmed,Carlo,Manhattan,Lower East Side,40.71675,-73.98474,United States,US,true,moderate,Entire home/apt,2012,886.0,177.0,30,14,2021-11-06,0.15,5,1,125,,,Manhattan,true
35585810,Tall Ceilings & Sunlight Galore,28610554283,verified,Benjamin,Brooklyn,Clinton Hill,40.685,-73.96044,United States,US,false,moderate,Entire home/apt,2021,753.0,151.0,30,10,2021-11-06,0.13,3,19,189,,,Brooklyn,true
35586362,"Home For Medical Professionals - ""Veisalgia""",4013899025,verified,Stat,Brooklyn,East Flatbush,40.65877,-73.9332,United States,US,true,moderate,Private room,2011,209.0,42.0,6,2,2021-11-06,0.33,2,52,211,,,Brooklyn,true
35586914,Amazing room in uptown Manhattan,59185183936,verified,Boris,Manhattan,Washington Heights,40.84886,-73.94335,United States,US,true,strict,Private room,2021,992.0,198.0,2,119,2021-11-06,1.47,4,1,365,,,Manhattan,true
35587467,1 bedroom in Tribeca,46410252567,unconfirmed,Ana,Manhattan,Tribeca,40.71598,-74.0056,United States,US,false,strict,Entire home/apt,2010,891.0,178.0,5,5,2021-11-06,0.1,2,1,17,,,Manhattan,true
35588019,Amazing & Unique Soho/Nolita One Bedroom,57591502923,unconfirmed,Andrew,Manhattan,Nolita,40.71979,-73.99446,United States,US,false,strict,Entire home/apt,2010,714.0,143.0,3,34,2021-11-06,0.54,3,1,185,,,Manhattan,true
35588571,"Beautiful, spacious & well-lit 1BR (Astoria, QNS)",7478878201,verified,Alexander,Queens,Astoria,40.75849,-73.92426,United States,US,true,moderate,Entire home/apt,2012,673.0,135.0,4,6,2021-11-06,0.13,3,1,0,,,Queens,true
35589124,Cozy Studio Gravesend Coney Island Hospital Beach,24033165941,unconfirmed,Ed,Brooklyn,Gravesend,40.58717,-73.97176,United States,US,false,flexible,Entire home/apt,2005,199.0,40.0,30,25,2021-11-06,0.7,5,5,324,,,Brooklyn,true
35589676,Perfect Brooklyn,91456329437,verified,Rosario,Brooklyn,Flatbush,40.63987,-73.96498,United States,US,true,strict,Entire home/apt,2004,1176.0,235.0,30,9,2021-11-06,0.37,5,4,117,,,Brooklyn,true
35590228,"studio in the bronx
25 minute to times square nyc",34207612256,verified,Avner,Bronx,Bronxdale,40.85559,-73.86235,United States,US,false,flexible,Entire home/apt,2007,290.0,58.0,2,6,2021-11-06,0.23,2,6,0,,,Bronx,true
35590780,Cosy room in luxury building,85485229294,verified,Jenifer,Brooklyn,Bedford-Stuyvesant,40.69087,-73.9247,United States,US,true,strict,Private room,2013,203.0,41.0,3,1,2021-11-06,0.21,4,2,0,,,Brooklyn,true
35591333,Beautifully Decorated 2BR! Steps to Times Square!,9700405251,verified,Ralph,Manhattan,Hell's Kitchen,40.76169,-73.99451,United States,US,true,strict,Entire home/apt,2022,935.0,187.0,3,6,2021-11-06,0.23,2,1,62,,,Manhattan,true
35591885,20 Minutes to Manhattan 2 Bedroom Apartment Safe,13493682772,verified,Mary,Brooklyn,Sunset Park,40.64736,-74.0108,United States,US,true,moderate,Entire home/apt,2018,82.0,16.0,30,3,2021-11-06,0.26,5,1,62,,,Brooklyn,true
35592437,Private Basement w/ Backyard,14575765986,verified,Claibourne,Bronx,North Riverdale,40.91062,-73.89987,United States,US,true,strict,Private room,2005,807.0,161.0,10,2,2021-11-06,0.17,3,1,136,,,Bronx,true
35592990,Beautiful King Bed Hotel Room!,47431491045,verified,Justin,Manhattan,Financial District,40.70449,-74.00565,United States,US,false,flexible,Private room,2004,1054.0,211.0,1,15,2021-11-06,1.11,4,102,23,,,Manhattan,true
35593542,New Beautiful ROOM|Private BATHROOM,77430468025,unconfirmed,Kristina & Jack,Queens,Ridgewood,40.69841,-73.90411,United States,US,false,moderate,Private room,2014,134.0,27.0,30,2,2021-11-06,0.28,3,24,311,,,Queens,true
35594094,Splendid Midtown one bedroom beauty,23923689443,unconfirmed,Stanley,Manhattan,Murray Hill,40.7504,-73.9757,United States,US,true,moderate,Entire home/apt,2008,976.0,195.0,30,2,2021-11-06,0.25,3,83,365,,,Manhattan,true
35594647,Adorable 2 bedroom guesthouse with outdoor space,20844973204,verified,Hayden,Queens,Cambria Heights,40.69136,-73.7341,United States,US,true,moderate,Entire home/apt,2017,1021.0,204.0,30,1,2021-11-06,0.25,5,1,93,,,Queens,true
35595199,Brooklyn brownstone,73485615533,verified,Nyota,Brooklyn,Bedford-Stuyvesant,40.68993,-73.93829,United States,US,false,moderate,Entire home/apt,2022,284.0,57.0,2,3,2021-11-06,0.46,4,7,364,,,Brooklyn,true
35595751,Brand new 1BR prime UES~WD in unit~BEST VALUE,42638108833,verified,Eran,Manhattan,Upper East Side,40.77329,-73.95558,United States,US,false,moderate,Entire home/apt,2014,794.0,159.0,30,1,2021-11-06,0.25,3,62,309,,,Manhattan,true
35596303,Awesome Duplex apartment on Atlantic ave,27582473108,verified,Romeo,Queens,Richmond Hill,40.69455,-73.82899,United States,US,false,moderate,Private room,2018,332.0,66.0,1,2,2021-11-06,0.48,5,5,365,,,Queens,true
35596856,#510 Furnished studio in the heart of Manhattan,22417870465,verified,Best Inns USA,Manhattan,Gramercy,40.73381,-73.98512,United States,US,false,flexible,Entire home/apt,2016,641.0,128.0,30,1,2021-11-06,0.25,5,20,124,,,Manhattan,true
35597408,Corona free.  Torre del Lago Room.,8277311260,verified,John,Brooklyn,Gravesend,40.60813,-73.9738,United States,US,false,moderate,Private room,2017,683.0,137.0,1,27,2021-11-05,0.36,2,8,172,,,Brooklyn,true
35597960,Modern Studio in Brooklyn,70400967048,verified,Valentina,Brooklyn,Gravesend,40.58583,-73.96903,United States,US,false,moderate,Entire home/apt,2006,164.0,33.0,1,68,2021-11-05,0.96,5,1,123,,,Brooklyn,true
35598513,****THE SUITE LIFE DUPLEX****,2578777349,verified,Kila,Brooklyn,Bedford-Stuyvesant,40.68976,-73.93912,United States,US,false,moderate,Entire home/apt,2007,947.0,189.0,7,68,2021-11-05,1.01,2,2,175,,,Brooklyn,true
35599065,simple spot great location,77473052732,verified,Paul,Bronx,Longwood,40.81982,-73.89796,United States,US,true,moderate,Private room,2018,152.0,30.0,7,1,2021-11-05,0.25,5,1,161,,,Bronx,true
35599617,Sweet suburban getaway,21005028235,verified,Marina,Queens,Ridgewood,40.70432,-73.90348,United States,US,true,moderate,Private room,2014,307.0,61.0,2,13,2021-11-05,0.83,5,1,2,,,Queens,true
35600170,Wonderful apartment in NYC,52815625686,unconfirmed,Anna,Queens,Long Island City,40.76203,-73.92874,United States,US,false,strict,Entire home/apt,2017,265.0,53.0,30,1,2021-11-05,0.2,4,1,28,,,Queens,true
35600722,15 foot ceiling Bright Studio - Madison Avenue!,33358017067,verified,Daia,Manhattan,Midtown,40.74904,-73.9825,United States,US,true,moderate,Entire home/apt,2006,318.0,64.0,30,2,2021-11-05,0.38,4,25,77,,,Manhattan,true
35601274,Art Deco Live / Work Studio in the East Village,86651717881,verified,Jeremy,Manhattan,East Village,40.72715,-73.98643,United States,US,true,flexible,Entire home/apt,2021,352.0,70.0,75,2,2021-11-05,0.32,2,23,187,,,Manhattan,true
35601826,Beautiful 1 bedroom apt in West Village/Soho,59580356329,verified,Maria,Manhattan,Greenwich Village,40.72723,-73.99955,United States,US,false,strict,Entire home/apt,2019,822.0,164.0,30,3,2021-11-05,0.45,2,2,2,,,Manhattan,true
35602379,Cozy Village apartment  near NYU,18167666956,unconfirmed,Cristiana,Manhattan,SoHo,40.72734,-74.00094,United States,US,true,strict,Entire home/apt,2015,72.0,14.0,4,17,2021-11-04,0.15,4,2,242,,,Manhattan,true
35602931,Nice and quiet/Host is vaccinated,89152139481,verified,Maria,Queens,Astoria,40.76527,-73.92979,United States,US,false,strict,Private room,2016,1096.0,219.0,30,17,2021-11-04,0.24,2,2,182,,,Queens,true
35603483,Bushwick Renovated Apartment,67330172177,unconfirmed,Banty,Brooklyn,Bushwick,40.69925,-73.92161,United States,US,false,strict,Private room,2018,301.0,60.0,5,73,2021-11-04,1.32,3,3,65,,,Brooklyn,true
35604036,"Great room #1, good location, 20 mins to Manhattan",98245243479,unconfirmed,Svetlana,Brooklyn,Bath Beach,40.60551,-74.01662,United States,US,false,strict,Private room,2015,825.0,165.0,30,38,2021-11-04,0.82,3,2,179,,,Brooklyn,true
35604588,"24/7 Onsite Team, Remote Work,Conference & Cinema",20063300557,unconfirmed,Aka,Manhattan,Midtown,40.76363,-73.97452,United States,US,true,strict,Entire home/apt,2008,250.0,50.0,7,4,2021-11-04,0.43,4,11,361,,,Manhattan,true
35605140,Sunny Bright Quiet East Village Gem,82856074550,unconfirmed,George,Manhattan,East Village,40.72762,-73.98601,United States,US,false,moderate,Entire home/apt,2014,103.0,21.0,30,2,2021-11-04,0.39,3,1,55,,,Manhattan,true
35605693,"Huge Solo Room near Midtown, 61st station & stores",75670762826,unconfirmed,Kaz,Queens,Woodside,40.74482,-73.9066,United States,US,false,strict,Private room,2006,1169.0,234.0,30,3,2021-11-04,0.18,4,161,365,,,Queens,true
35606245,Che' Randall Tre   SoBro 10 Minutes to Manhattan!,27445218777,unconfirmed,Rawn,Bronx,Longwood,40.81992,-73.9079,United States,US,false,strict,Private room,2015,1195.0,239.0,30,9,2021-11-04,0.34,5,3,338,,,Bronx,true
35606797,Bright and Beautiful Top Floor Two Bedrooms,65331079885,unconfirmed,Frankie,Brooklyn,Carroll Gardens,40.68383,-73.99281,United States,US,true,moderate,Entire home/apt,2009,1027.0,205.0,30,18,2021-11-04,0.63,2,1,3,,,Brooklyn,true
35607349,Modern & Bright Queen Bedroom Midtown East,57770451783,unconfirmed,David,Manhattan,Upper East Side,40.76132,-73.96064,United States,US,true,strict,Private room,2015,141.0,28.0,30,1,2021-11-04,0.25,3,4,307,,,Manhattan,true
35607902,Modern NEW Room|PRIVATE BATHROOM,7431680152,verified,Dariia & Jacob,Brooklyn,Bedford-Stuyvesant,40.6899,-73.94074,United States,US,true,moderate,Private room,2008,284.0,57.0,30,1,2021-11-04,0.25,2,10,365,,,Brooklyn,true
35506831,Master Bedroom with private Bathroom & Balcony,55110690425,unconfirmed,UZeyir,Queens,Maspeth,40.74056,-73.90635,United States,US,true,strict,Private room,2016,706.0,141.0,1,1,2021-11-14,0.27,3,1,339,,,Queens,true
35507383,Cozy 2 br in sunny Fort Greene apt,80193772189,verified,Sally,Brooklyn,Fort Greene,40.68701,-73.97555,United States,US,false,flexible,Private room,2020,651.0,130.0,3,38,2021-11-13,0.27,3,1,0,,,Brooklyn,true
35507935,Duplex w/ Terrace @ Box House Hotel,72991962259,verified,The Box House Hotel,Brooklyn,Greenpoint,40.73756,-73.9535,United States,US,false,strict,Hotel room,2016,907.0,181.0,3,10,2021-11-13,0.08,3,30,32,,,Brooklyn,true
35508488,"Cozy, clean Greenpoint room with yard access",74975156081,verified,Dawn,Brooklyn,Greenpoint,40.72516,-73.95004,United States,US,false,strict,Private room,2013,589.0,118.0,30,38,2021-11-13,0.34,5,2,324,,,Brooklyn,true
35509040,2BR XL Loft: Cleaning CDC guidelines implemented,85844415221,unconfirmed,Vida,Brooklyn,Greenpoint,40.72732,-73.94185,United States,US,false,flexible,Entire home/apt,2015,356.0,71.0,30,13,2021-11-13,0.14,4,28,336,,,Brooklyn,true
35509592,Stunning Loft in Heart of Williamsburg,8588076469,unconfirmed,Stephan,Brooklyn,Williamsburg,40.71625,-73.95667,United States,US,true,flexible,Entire home/apt,2021,442.0,88.0,30,136,2021-11-13,1.49,4,1,180,,,Brooklyn,true
35510145,Rare Find: Stylish West Village Townhouse,30748072972,verified,,Manhattan,West Village,40.73169,-74.0087,United States,US,false,moderate,Entire home/apt,2009,1143.0,229.0,5,24,2021-11-13,0.32,4,2,0,,,Manhattan,true
35510697,Lovely room with a view.,94415823707,verified,Josephine,Queens,Arverne,40.58947,-73.79298,United States,US,false,strict,Private room,2013,476.0,95.0,2,137,2021-11-13,2.33,4,2,151,,,Queens,true
35511249,Cozy mezzanine bdrm in charming Bklyn neighborhood,74327677443,verified,Marc,Brooklyn,Sunset Park,40.66188,-73.9914,United States,US,false,strict,Private room,2010,673.0,135.0,30,82,2021-11-13,1.72,4,2,365,,,Brooklyn,true
35511802,Williamsburg  Duplex Loft of Lorimer L,5799022713,verified,D,Brooklyn,Williamsburg,40.71535,-73.95454,United States,US,false,moderate,Entire home/apt,2015,516.0,103.0,5,5,2021-11-13,0.13,5,2,0,,,Brooklyn,true
35512354,1976 Chris Craft “Hudson”,25502200687,unconfirmed,Gina,Queens,Arverne,40.59564,-73.78905,United States,US,true,moderate,Entire home/apt,2018,459.0,92.0,2,37,2021-11-13,1.12,2,1,161,,,Queens,true
35512906,Destination Bushwick,81292899272,verified,Jose,Brooklyn,Bushwick,40.69159,-73.91261,United States,US,false,strict,Private room,2020,683.0,137.0,3,39,2021-11-13,1.26,3,5,44,,,Brooklyn,true
35513458,Brooklyn getaway,47173380277,unconfirmed,Rachel,Brooklyn,Flatbush,40.64344,-73.96109,United States,US,false,flexible,Entire home/apt,2022,592.0,118.0,4,27,2021-11-13,1.02,4,1,21,,,Brooklyn,true
35514011,138 Bowery-Classic Queen Studio,9285301649,unconfirmed,Jeniffer,Manhattan,Little Italy,40.71991,-73.99591,United States,US,true,strict,Entire home/apt,2021,398.0,80.0,15,24,2021-11-13,1.1,3,51,43,,,Manhattan,true
35514563,Cozy private B/room med student Brooklyn Hospital1,45596787076,unconfirmed,Rosemarie,Brooklyn,East Flatbush,40.6541,-73.93205,United States,US,false,moderate,Private room,2009,364.0,73.0,31,2,2021-11-13,0.21,5,5,88,,,Brooklyn,true
35515115,Beautiful furnished 1 bed in Hudson Yards,34385074783,unconfirmed,Terence,Manhattan,Chelsea,40.75262,-73.99783,United States,US,false,strict,Entire home/apt,2010,775.0,155.0,30,2,2021-11-13,0.3,3,1,142,,,Manhattan,true
35515668,Out of this🌎 Hospitality in NY 2 minutes from LGA✈️,34773844248,verified,Juan,Queens,East Elmhurst,40.75922,-73.8826,United States,US,false,strict,Private room,2013,610.0,122.0,1,9,2021-11-13,0.88,3,1,0,,,Queens,true
35516220,Charming Furnished Suite Sutton Pl/Midtown East #1,60866174324,unconfirmed,Benjamin,Manhattan,Midtown,40.75905,-73.96246,United States,US,true,strict,Entire home/apt,2016,341.0,68.0,30,2,2021-11-13,0.21,4,3,227,,,Manhattan,true
35516772,Easy Parking !!Med students home!!Near transit,55864091405,verified,Amadu,Brooklyn,Canarsie,40.64841,-73.89884,United States,US,false,flexible,Private room,2009,988.0,198.0,3,7,2021-11-13,0.63,4,1,364,,,Brooklyn,true
35517325,Heart of Manhattan!!! Luxury rentals one bedroom,24658631253,unconfirmed,Abdou,Manhattan,Kips Bay,40.74264,-73.97337,United States,US,true,strict,Entire home/apt,2018,1019.0,204.0,7,6,2021-11-13,0.64,4,1,0,,,Manhattan,true
35517877,Beautiful Basement room near Prospect park,86136944975,verified,Neusa,Brooklyn,Prospect-Lefferts Gardens,40.66199,-73.94109,United States,US,true,moderate,Private room,2009,111.0,22.0,1,5,2021-11-13,0.83,3,4,0,,,Brooklyn,true
35518429,"Spacious Plant-filled 2 Bed, 2 Bath with Balcony",51799066800,verified,Ashley,Brooklyn,Williamsburg,40.7153,-73.94085,United States,US,false,strict,Entire home/apt,2011,405.0,81.0,3,3,2021-11-13,0.46,3,4,0,,,Brooklyn,true
35518981,Nice Private ROOM in Ridgewood,77333598633,unconfirmed,Sergii & Nika,Queens,Ridgewood,40.70349,-73.90401,United States,US,true,moderate,Private room,2004,443.0,89.0,30,1,2021-11-13,0.27,4,14,364,,,Queens,true
35519534,Upper East Side / Lenox Hill 1 Bedroom Apartment,42334252783,unconfirmed,Stephanie,Manhattan,Upper East Side,40.76279,-73.96398,United States,US,true,strict,Entire home/apt,2011,887.0,177.0,7,1,2021-11-13,0.22,3,1,0,,,Manhattan,true
35520086,"Charming Artist's Flat, East Village",5854455137,unconfirmed,Sarah,Manhattan,East Village,40.72408,-73.98154,United States,US,false,moderate,Entire home/apt,2014,594.0,119.0,30,275,2021-11-12,2.08,2,1,332,,,Manhattan,true
35520638,Park Slope: Barclays Center - Private & Cozy Room,70536098208,verified,Michael,Brooklyn,Prospect Heights,40.68246,-73.97602,United States,US,false,flexible,Private room,2017,1006.0,201.0,2,14,2021-11-12,0.23,3,1,118,,,Brooklyn,true
35521191,Lovely bright room in Washington Heights,846909103,verified,Patricia,Manhattan,Washington Heights,40.85756,-73.93175,United States,US,true,flexible,Private room,2019,93.0,19.0,30,16,2021-11-12,0.31,2,1,0,,,Manhattan,true
35521743,High End Hilton Studio near Central Park,49604980160,unconfirmed,Armstrong,Manhattan,Midtown,40.76527,-73.97744,United States,US,true,moderate,Entire home/apt,2008,1115.0,223.0,1,14,2021-11-12,0.3,2,3,82,,,Manhattan,true
35522295,"HUGE Art-Loft Warehouse in Bushwick, Brooklyn",34842022669,unconfirmed,Cristóbal,Brooklyn,Bushwick,40.70748,-73.92192,United States,US,true,flexible,Entire home/apt,2006,888.0,178.0,3,13,2021-11-12,0.31,3,1,0,,,Brooklyn,true
35522848,Clean & sunny room in Harlem Manhattan,44276754120,verified,Kaz,Manhattan,Harlem,40.81242,-73.94209,United States,US,true,flexible,Private room,2004,864.0,173.0,30,4,2021-11-12,0.12,5,161,354,,,Manhattan,true
35523400,LAVISH 3 Bedroom in Williamsburg!!,21035528789,verified,Inez,Brooklyn,Bedford-Stuyvesant,40.69526,-73.93985,United States,US,false,flexible,Entire home/apt,2020,258.0,52.0,30,19,2021-11-12,0.55,5,1,251,,,Brooklyn,true
35523952,Perfect Brooklyn Neighborhood Apartment,90298367115,verified,David & Manny,Brooklyn,South Slope,40.66262,-73.98747,United States,US,true,strict,Entire home/apt,2019,1138.0,228.0,14,24,2021-11-12,0.77,5,1,4,,,Brooklyn,true
35524504,Brooklyn Junction I:  Minutes from NYC & Airports,23462683402,verified,Mike @ New Age Tech,Brooklyn,Cypress Hills,40.67739,-73.90007,United States,US,true,flexible,Private room,2020,75.0,15.0,3,37,2021-11-12,1.43,2,3,175,,,Brooklyn,true
35525057,Spectacular 2bdrm Penthouse W/huge private terrace,54164290621,unconfirmed,Adanna,Manhattan,East Harlem,40.78781,-73.94687,United States,US,false,flexible,Entire home/apt,2005,127.0,25.0,30,5,2021-11-12,0.3,4,1,180,,,Manhattan,true
35525609,Alphabet City Spring,42602444364,unconfirmed,Kirk,Manhattan,East Village,40.72956,-73.97973,United States,US,true,flexible,Private room,2006,113.0,23.0,30,3,2021-11-12,0.34,5,1,241,,,Manhattan,true
35526161,Sunny! Manhattan Room. By everything with King Bed,24113972708,unconfirmed,Kdn,Manhattan,Inwood,40.86554,-73.92523,United States,US,false,strict,Private room,2018,555.0,111.0,2,2,2021-11-12,0.37,3,3,84,,,Manhattan,true
35526714,Central Park Quiet 1BR,74086768970,unconfirmed,Stanton,Manhattan,Upper West Side,40.79184,-73.96757,United States,US,true,moderate,Entire home/apt,2008,437.0,87.0,90,11,2021-11-11,0.16,2,4,277,,,Manhattan,true
35527266,1BR Condo with Workspace and  Verizon FiOS! #10253,48983770080,verified,Dan,Brooklyn,Park Slope,40.67695,-73.9793,United States,US,false,moderate,Entire home/apt,2019,292.0,58.0,30,62,2021-11-11,1.14,4,1,31,,,Brooklyn,true
35527818,Artist place near Prospect park. Entire apt,70521018180,verified,Julia,Brooklyn,Flatbush,40.65058,-73.96199,United States,US,false,flexible,Entire home/apt,2005,298.0,60.0,30,16,2021-11-11,0.35,4,1,43,,,Brooklyn,true
35528371,"Entire  apartment, safe, separate entrance, garden",94459587561,unconfirmed,Charlotte & Aaron,Brooklyn,Midwood,40.62684,-73.96276,United States,US,false,flexible,Entire home/apt,2015,206.0,41.0,30,24,2021-11-11,0.59,2,1,266,,,Brooklyn,true
35528923,Heart of Flatbush Flat,862834181,verified,Akili,Brooklyn,East Flatbush,40.65262,-73.95058,United States,US,false,flexible,Entire home/apt,2005,154.0,31.0,3,4,2021-11-11,0.24,5,1,0,,,Brooklyn,true
35529475,Bright and modern 3 BR in Financial District,70834921655,unconfirmed,Celine,Manhattan,Financial District,40.70507,-74.00777,United States,US,false,flexible,Entire home/apt,2007,539.0,108.0,30,1,2021-11-11,0.26,5,5,288,,,Manhattan,true
35530027,En-suite Master Bedroom in the center of Flushing!,65519636966,verified,Dee,Queens,Fresh Meadows,40.75045,-73.78679,United States,US,true,strict,Private room,2012,132.0,26.0,7,4,2021-11-11,0.36,2,10,316,,,Queens,true
35530580,Nice and Cozy room close to Manhattan,635525656,unconfirmed,Priscilla,Queens,Ditmars Steinway,40.77396,-73.91778,United States,US,true,moderate,Private room,2016,539.0,108.0,1,1,2021-11-11,0.21,3,2,0,,,Queens,true
35531132,"Sunny apartment -Train,Bus & St. John’s Uni",32812127929,verified,Sufia,Queens,Jamaica,40.71053,-73.79014,United States,US,false,strict,Private room,2011,733.0,147.0,30,19,2021-11-10,0.2,4,1,362,,,Queens,true
35531684,SOHA Clean & Cozy ZEN-Style Rm Near All - Harlem,11710356637,verified,Michelle,Manhattan,Harlem,40.80468,-73.94913,United States,US,false,flexible,Private room,2005,99.0,20.0,30,51,2021-11-10,0.77,3,2,110,,,Manhattan,true
35532237,Green Apple Suite Harlem NYC BROWNSTONE,90549798737,unconfirmed,Ephraim,Manhattan,Harlem,40.81621,-73.94669,United States,US,false,moderate,Entire home/apt,2018,317.0,63.0,5,170,2021-11-10,2.42,5,4,0,,,Manhattan,true
35532789,Cozy room in Roosevelt Island.,26969548045,verified,Juan,Manhattan,Roosevelt Island,40.76367,-73.94927,United States,US,true,strict,Private room,2009,647.0,129.0,8,3,2021-11-10,0.08,5,2,26,,,Manhattan,true
35533341,The Corky Hale Room at The Harlem Flophouse,71298669974,unconfirmed,René,Manhattan,Harlem,40.8093,-73.95204,United States,US,false,strict,Private room,2009,701.0,140.0,1,43,2021-11-10,0.71,3,4,258,,,Manhattan,true
35533894,Stunning Studio Loft in West Chelsea Brownstone,17911408018,unconfirmed,Lena,Manhattan,Chelsea,40.74491,-74.00162,United States,US,true,flexible,Entire home/apt,2008,112.0,22.0,30,45,2021-11-10,0.8,2,1,207,,,Manhattan,true
35534446,White 2 Bedroom 2 Bath Near Times Square West Side,77352150795,unconfirmed,Fad,Manhattan,Hell's Kitchen,40.76821,-73.99074,United States,US,true,strict,Entire home/apt,2014,77.0,15.0,30,4,2021-11-10,0.13,5,5,335,,,Manhattan,true
35534998,2BR steps from Bell Blvd and Bayside Train Station,73016411582,verified,Noelle,Queens,Bayside,40.76317,-73.76734,United States,US,false,strict,Entire home/apt,2008,488.0,98.0,30,13,2021-11-10,0.43,2,4,349,,,Queens,true
35535550,"Stylish 1BR in Upper West Side, Pet-Friendly",23853836706,verified,Zeus,Manhattan,Upper West Side,40.77371,-73.98043,United States,US,true,strict,Entire home/apt,2005,585.0,117.0,30,10,2021-11-10,0.42,2,34,278,,,Manhattan,true
35536103,"Gild Hall - Luxury Hotel, Premium King Guestroom",96980723329,unconfirmed,Gild Hall,Manhattan,Financial District,40.70679,-74.00821,United States,US,true,moderate,Private room,2019,604.0,121.0,1,12,2021-11-10,0.95,3,9,363,,,Manhattan,true
35536655,European Charm,95871502414,verified,Maria,Queens,Ridgewood,40.70661,-73.90804,United States,US,true,moderate,Shared room,2022,1150.0,230.0,31,1,2021-11-10,0.21,3,1,0,,,Queens,true
35537207,# 2 One Lexury Bedroom close to JFK AIRPORT,12648350548,verified,Gelen,Queens,Springfield Gardens,40.664089,-73.754173,United States,US,true,moderate,Private room,2009,943.0,189.0,3,9,2021-11-10,0.8,5,5,365,,,Queens,true
35537760,Cozy studio in East Village,67293095486,unconfirmed,Hannah,Manhattan,East Village,40.72411,-73.98386,United States,US,false,moderate,Entire home/apt,2008,326.0,65.0,20,4,2021-11-10,0.35,3,1,74,,,Manhattan,true
35538312,"Minimal, cozy and airy room in Williamsburg.",81591785644,verified,Pilar,Brooklyn,Williamsburg,40.70668,-73.95478,United States,US,true,flexible,Private room,2014,494.0,99.0,4,8,2021-11-10,0.63,2,2,0,,,Brooklyn,true
35538864,One bedroom in heart of West Village,77183332357,unconfirmed,Dane,Manhattan,West Village,40.73017,-74.00663,United States,US,true,moderate,Entire home/apt,2017,1005.0,201.0,5,2,2021-11-10,0.19,3,1,0,,,Manhattan,true
35539417,A+ Location Double over Double Loft Bed Studio,49212556216,verified,Nomad,Manhattan,Midtown,40.74639,-73.987,United States,US,true,flexible,Entire home/apt,2008,277.0,55.0,1,2,2021-11-10,0.21,2,53,0,,,Manhattan,true
35539969,Covid19 immune / nyu clean safe space great area,60804955827,verified,Mike,Manhattan,Greenwich Village,40.73547,-73.99807,United States,US,false,flexible,Private room,2013,855.0,171.0,21,90,2021-11-09,0.83,2,2,59,,,Manhattan,true
35540521,Gorgeous pre war rowhouse apartment,96025410264,unconfirmed,Velma,Brooklyn,Bedford-Stuyvesant,40.68403,-73.94271,United States,US,false,flexible,Entire home/apt,2011,495.0,99.0,30,70,2021-11-09,0.78,2,4,263,,,Brooklyn,true
35541073,Beautiful room with bathroom,62261951696,verified,Claudina,Brooklyn,Bedford-Stuyvesant,40.69281,-73.93759,United States,US,false,strict,Private room,2019,1047.0,209.0,2,27,2021-11-09,0.3,4,4,311,,,Brooklyn,true
35541626,Adorable Studio in Heart of BKLYN,6268316412,unconfirmed,Madeline,Brooklyn,Fort Greene,40.69112,-73.9724,United States,US,false,moderate,Entire home/apt,2016,1040.0,208.0,5,90,2021-11-09,1.05,4,1,4,,,Brooklyn,true
35542178,Perfect UES; steps from Park Ave,34562975056,unconfirmed,Robert,Manhattan,Upper East Side,40.76448,-73.96619,United States,US,true,flexible,Entire home/apt,2011,336.0,67.0,7,30,2021-11-09,0.37,3,1,0,,,Manhattan,true
35542730,Prime East Village *Spacious,53921860305,unconfirmed,Raanan,Manhattan,East Village,40.73001,-73.97933,United States,US,false,strict,Entire home/apt,2015,1059.0,212.0,30,6,2021-11-09,0.09,,11,289,,,Manhattan,true
35543283,Luxury Loft With Balcony in the Heart of Brooklyn,79399485860,verified,Jeremy,Brooklyn,Fort Greene,40.68732,-73.97888,United States,US,true,flexible,Entire home/apt,2006,192.0,38.0,30,22,2021-11-09,0.31,,1,190,,,Brooklyn,true
35543835,Spacious private room with private bathroom,27670871637,verified,FuKang,Queens,Fresh Meadows,40.73858,-73.79305,United States,US,true,flexible,Private room,2003,871.0,174.0,1,189,2021-11-09,3.27,,6,247,,,Queens,true
35544387,DOUBLE SHARED BATHROOM,26113239287,unconfirmed,Reservation Desk,Manhattan,Gramercy,40.73492,-73.98454,United States,US,false,moderate,Private room,2008,414.0,83.0,30,5,2021-11-09,0.11,,14,331,,,Manhattan,true
35544940,"Enjoy Cozy, Quiet, Safe & Convenient Living in NYC",19095364103,unconfirmed,Chi,Brooklyn,Bensonhurst,40.61334,-73.98714,United States,US,true,flexible,Entire home/apt,2010,462.0,92.0,30,14,2021-11-09,0.3,,2,208,,,Brooklyn,true
35545492,"Aliz Hotel Times Square, Standard Guest Room",81834744009,verified,Aliz Hotel Times Square,Manhattan,Hell's Kitchen,40.75727,-73.99071,United States,US,false,strict,Private room,2012,1061.0,212.0,1,174,2021-11-09,6.33,,5,282,,,Manhattan,true
35546044,The Residences at W New York - Downtown - Apt 27D,43741555866,unconfirmed,Zeus,Manhattan,Financial District,40.71035,-74.01427,United States,US,false,strict,Entire home/apt,2008,161.0,32.0,30,2,2021-11-09,0.1,,34,333,,,Manhattan,true
35546596,Huge Luxurious 3 Bedroom/2 Bath Perfect for kids,47363313462,unconfirmed,Damien,Manhattan,Upper West Side,40.79721,-73.96916,United States,US,true,flexible,Entire home/apt,2005,245.0,49.0,3,4,2021-11-09,0.24,3,1,338,,,Manhattan,true
35547149,★ Designer 3BR Bay/Bridge Views Historic Details,15246313813,unconfirmed,Svetlana,Brooklyn,Bay Ridge,40.63171,-74.03181,United States,US,true,moderate,Entire home/apt,2015,238.0,48.0,3,7,2021-11-09,0.6,4,1,34,,,Brooklyn,true
35547701,BEAUTIFUL BEDROOM IN MANHATTAN,70617959346,verified,Luz Maria,Manhattan,Washington Heights,40.84443,-73.93884,United States,US,false,flexible,Private room,2016,52.0,10.0,1,12,2021-11-09,1.63,5,6,338,,,Manhattan,true
35548253,Two full beds Room | PRIVATE BATHROOM,43227597317,verified,Alex,Manhattan,Hell's Kitchen,40.75628,-73.9935,United States,US,true,moderate,Private room,2022,158.0,32.0,30,1,2021-11-09,0.26,5,50,273,,,Manhattan,true
35548806,"Nesva Hotel, King Premium Balcony",46867458535,verified,Nesva Hotel,Queens,Long Island City,40.75272,-73.93404,United States,US,false,strict,Private room,2004,270.0,54.0,1,4,2021-11-09,0.67,4,13,365,,,Queens,true
35549358,Upper East Side Gem!,4933813763,unconfirmed,Daniel,Manhattan,Upper East Side,40.77395,-73.95153,United States,US,false,moderate,Entire home/apt,2020,627.0,125.0,30,98,2021-11-08,1.16,2,1,273,,,Manhattan,true
35549910,"home, sweet home :-)  English, русский,  עברית",27692673803,unconfirmed,Irisha,Queens,Fresh Meadows,40.74205,-73.787,United States,US,false,moderate,Entire home/apt,2007,602.0,120.0,1,68,2021-11-08,0.98,4,3,179,,,Queens,true
35550463,Renovated sunny studio,43513040649,unconfirmed,Soonbin,Brooklyn,Fort Greene,40.6884,-73.97248,United States,US,false,flexible,Entire home/apt,2007,626.0,125.0,5,18,2021-11-08,0.27,5,1,220,,,Brooklyn,true
35551015,A Cozy Harlem Stay,64344388875,verified,Devon,Manhattan,Harlem,40.82215,-73.94576,United States,US,false,moderate,Private room,2010,538.0,108.0,30,6,2021-11-08,0.11,2,7,344,,,Manhattan,true
35551567,East Village: Entire 2BR Penthouse (2020 Enhanced),20961713356,unconfirmed,Nicholas,Manhattan,East Village,40.73113,-73.98442,United States,US,true,moderate,Entire home/apt,2014,1057.0,211.0,30,32,2021-11-08,0.62,2,3,44,,,Manhattan,true
35552119,COZY BED ROOM 10 MIN FR JFK&TRAIN WITH PVT BATH,98280718071,verified,Ode,Queens,St. Albans,40.68514,-73.76958,United States,US,false,strict,Private room,2003,385.0,77.0,5,27,2021-11-08,0.75,3,3,270,,,Queens,true
35552672,Cozy Fully Furnished,87897792397,unconfirmed,Christina,Brooklyn,Prospect-Lefferts Gardens,40.65932,-73.95974,United States,US,true,flexible,Entire home/apt,2018,303.0,61.0,30,11,2021-11-08,0.36,3,1,300,,,Brooklyn,true
35553224,Queens village cozy apartment,22960117844,unconfirmed,Augustine,Queens,Queens Village,40.72733,-73.73571,United States,US,false,flexible,Entire home/apt,2017,913.0,183.0,7,21,2021-11-08,1.41,5,1,179,,,Queens,true
35553776,SSB 13. SINGLE SHARED BATHROOM.,84942803939,unconfirmed,Reservation Desk,Manhattan,Gramercy,40.73547,-73.98548,United States,US,true,strict,Private room,2018,963.0,193.0,30,1,2021-11-08,0.21,4,14,259,,,Manhattan,true
35554329,The Boogie Down Exchange,84357648268,unconfirmed,Hezekiah,Bronx,Fordham,40.86303,-73.89839,United States,US,false,strict,Entire home/apt,2012,1152.0,230.0,30,9,2021-11-08,0.38,5,1,154,,,Bronx,true
35554881,The People's Brownstone,13179680663,unconfirmed,Carol Ann,Manhattan,Harlem,40.81422,-73.94513,United States,US,true,strict,Entire home/apt,2015,832.0,166.0,3,6,2021-11-08,0.42,2,2,89,,,Manhattan,true
35555433,Beautiful King Bed Hotel Room,15306308742,unconfirmed,Justin,Manhattan,Financial District,40.70657,-74.00426,United States,US,false,moderate,Private room,2016,50.0,10.0,1,25,2021-11-08,1.64,4,102,52,,,Manhattan,true
35555986,Central Park Apartments Furnished studio Rental 14,41750214167,unconfirmed,JRAC Manhattan Realty,Manhattan,Upper West Side,40.79565,-73.96152,United States,US,true,flexible,Entire home/apt,2010,1011.0,202.0,30,3,2021-11-08,0.45,4,34,243,,,Manhattan,true
35556538,Fenix Living NoLiTa — Mulberry St Cozy Studio,13777837380,verified,Fenix,Manhattan,Nolita,40.72359,-73.99469,United States,US,false,moderate,Entire home/apt,2010,168.0,34.0,30,3,2021-11-08,0.41,4,6,62,,,Manhattan,true
35557090,Modern Private ROOM,3638560773,unconfirmed,Kristina,Brooklyn,Kensington,40.63348,-73.97461,United States,US,false,moderate,Private room,2015,262.0,52.0,30,3,2021-11-08,0.45,2,11,365,,,Brooklyn,true
35557642,Spacious 2BR/2BA! Heart of Midtown Manhattan!,6480284390,verified,Jannah,Manhattan,Theater District,40.75936,-73.98736,United States,US,false,moderate,Entire home/apt,2012,243.0,49.0,30,4,2021-11-08,0.62,5,1,104,,,Manhattan,true
35558195,Modern Private ROOM with Private Bathroom,34487179540,verified,Alex,Manhattan,Hell's Kitchen,40.75532,-73.9939,United States,US,false,flexible,Private room,2011,560.0,112.0,30,1,2021-11-08,0.25,3,50,364,,,Manhattan,true
35558747,Queen sized Bdr W/ direct backyard access,93089378663,unconfirmed,David,Brooklyn,Bushwick,40.69098,-73.9242,United States,US,true,strict,Private room,2017,718.0,144.0,2,4,2021-11-08,0.8,4,3,247,,,Brooklyn,true
35559299,Stylish Studio with exclusive Terrace,61250092180,unconfirmed,Daniel,Manhattan,Midtown,40.75408,-73.97071,United States,US,true,strict,Entire home/apt,2009,152.0,30.0,29,151,2021-11-07,1.19,4,1,42,,,Manhattan,true
35559852,All Inclusive Brooklyn Getaway w/fast WiFi,57136440621,unconfirmed,Diana,Brooklyn,Crown Heights,40.6719,-73.92711,United States,US,false,moderate,Entire home/apt,2004,850.0,170.0,30,1,2021-11-07,0.25,2,1,356,,,Brooklyn,true
35560404,"Chic, Modern Apt Near Central Park!",50864522046,unconfirmed,AFI Apartments,Manhattan,Upper East Side,40.77141,-73.95548,United States,US,true,moderate,Entire home/apt,2018,895.0,179.0,30,8,2021-11-07,0.09,3,30,333,,,Manhattan,true
35560956,"Large apartment, 2BR, Midtown NYC! 3D",70333295062,verified,Nina,Manhattan,Midtown,40.75076,-73.98262,United States,US,false,strict,Entire home/apt,2019,940.0,188.0,30,14,2021-11-07,0.17,4,13,210,,,Manhattan,true
35561509,"Private, quiet spacious room with tons of sun!",95429629101,unconfirmed,Joshua,Queens,Astoria,40.75671,-73.92483,United States,US,true,flexible,Private room,2013,758.0,152.0,30,93,2021-11-07,1.08,5,1,241,,,Queens,true
35562061,Sunny Private Room/Single Bed,78952368255,verified,Myrta,Brooklyn,Park Slope,40.66933,-73.98204,United States,US,true,strict,Private room,2014,207.0,41.0,30,43,2021-11-07,0.52,4,1,322,,,Brooklyn,true
35562613,"Private 1 Bdrm, 1Bth, UES in NYC",40997672106,verified,David Sean,Manhattan,Upper East Side,40.77547,-73.95221,United States,US,false,flexible,Private room,2015,476.0,95.0,2,5,2021-11-07,0.6,2,1,59,,,Manhattan,true
35563165,New Museum 2 BR Loft,47238701126,verified,Désirée,Manhattan,Lower East Side,40.72271,-73.99262,United States,US,false,moderate,Entire home/apt,2005,616.0,123.0,30,77,2021-11-07,1.06,4,1,139,,,Manhattan,true
35563718,"Charming Garden Studio in Sunnyside, NY",33047388282,verified,Leticia,Queens,Sunnyside,40.73445,-73.92222,United States,US,true,moderate,Entire home/apt,2015,772.0,154.0,30,55,2021-11-07,0.79,4,1,293,,,Queens,true
35564270,20-25 minutes to downtown NYC/30-40 to midtown,60438862057,unconfirmed,Alan,Brooklyn,Bedford-Stuyvesant,40.69566,-73.93546,United States,US,false,strict,Private room,2020,960.0,192.0,30,107,2021-11-07,1.59,2,3,211,,,Brooklyn,true
35564822,Cozy Private Room in Staten Island,10152388003,verified,Felix,Staten Island,Concord,40.6096,-74.08824,United States,US,false,moderate,Private room,2020,671.0,134.0,1,76,2021-11-07,1.26,3,1,179,,,Staten Island,true
35565375,CHARMING ROOM W/ ROOF DECK ACCESS 3 :),7445740146,verified,Suzette And Graham,Brooklyn,Clinton Hill,40.6947,-73.96146,United States,US,true,strict,Private room,2004,740.0,148.0,30,17,2021-11-07,0.27,3,19,334,,,Brooklyn,true
35565927,Quiet cozy apartment in rockaway beach,88220095123,verified,Gerard,Queens,Belle Harbor,40.58011,-73.84127,United States,US,true,moderate,Entire home/apt,2006,1044.0,209.0,2,112,2021-11-07,1.97,2,1,89,,,Queens,true
35566479,Relaxing & cozy apt in Brooklyn mins to Manhattan,38172609203,verified,Travis,Brooklyn,Bedford-Stuyvesant,40.68007,-73.93937,United States,US,true,moderate,Entire home/apt,2012,172.0,34.0,3,99,2021-11-07,1.79,4,3,11,,,Brooklyn,true
35567032,The High Tide Studio #7,53079923449,unconfirmed,Adam,Queens,Rockaway Beach,40.58373,-73.82032,United States,US,false,flexible,Entire home/apt,2011,948.0,190.0,2,57,2021-11-07,1.27,5,9,300,,,Queens,true
35567584,Hiéroglyphe,97219387634,verified,Yero,Bronx,Allerton,40.86754,-73.85472,United States,US,false,flexible,Private room,2015,646.0,129.0,30,76,2021-11-07,1.64,2,1,82,,,Bronx,true
35568136,Beautiful  room,18505314592,unconfirmed,Claudina,Brooklyn,Bedford-Stuyvesant,40.69492,-73.93883,United States,US,false,flexible,Private room,2022,877.0,175.0,2,13,2021-11-07,0.31,2,4,335,,,Brooklyn,true
35568688,Lovely one bedroom apartment in Wiliamsburg,60716158624,unconfirmed,Helen,Brooklyn,Williamsburg,40.70636,-73.95463,United States,US,false,strict,Entire home/apt,2006,296.0,59.0,30,10,2021-11-07,0.25,4,2,54,,,Brooklyn,true
35569241,Sunny Newly Renovated Private Room - Bed-Stuy,21084129041,unconfirmed,Uchenna,Brooklyn,Bedford-Stuyvesant,40.68263,-73.95307,United States,US,false,strict,Private room,2021,994.0,199.0,2,39,2021-11-07,0.95,4,1,0,,,Brooklyn,true
35569793,Charming  Studio Apartment at East Harlem.,80739539315,unconfirmed,Rafael,Manhattan,East Harlem,40.78666,-73.9488,United States,US,false,flexible,Private room,2003,1015.0,203.0,4,20,2021-11-07,0.48,5,1,16,,,Manhattan,true
35570345,"Bright and Spacious in Bed Stuy, Brooklyn",95539040456,unconfirmed,Laura,Brooklyn,Bedford-Stuyvesant,40.69127,-73.94351,United States,US,true,moderate,Entire home/apt,2014,723.0,145.0,3,21,2021-11-07,0.58,2,1,0,,,Brooklyn,true
35570898,Spacious Studio SHARED,63057554117,unconfirmed,Trinize,Bronx,Tremont,40.84394,-73.88712,United States,US,true,moderate,Shared room,2018,211.0,42.0,2,72,2021-11-07,2.03,2,1,33,,,Bronx,true
35571450,Private  Stay Studio Suite,38182042339,verified,Michelle,Manhattan,Harlem,40.80497,-73.94733,United States,US,true,strict,Private room,2007,626.0,125.0,4,3,2021-11-07,0.1,4,11,357,,,Manhattan,true
35572002,"Aliz Hotel Times Square, Deluxe Guest Room",25533035638,verified,Aliz Hotel Times Square,Manhattan,Hell's Kitchen,40.75413,-73.99398,United States,US,true,moderate,Private room,2021,698.0,140.0,1,59,2021-11-07,2.34,3,5,289,,,Manhattan,true
35572555,2 Bedroom 2 Bath in Harlem with MASSIVE Outdoor,28357392846,verified,Tina,Manhattan,East Harlem,40.79795,-73.94072,United States,US,false,flexible,Entire home/apt,2006,931.0,186.0,31,16,2021-11-07,0.51,3,1,92,,,Manhattan,true
35573107,Clean apt. and convenient location in Manhattan,14375604654,verified,Livia,Manhattan,Kips Bay,40.74079,-73.97837,United States,US,true,strict,Entire home/apt,2019,124.0,25.0,2,14,2021-11-07,0.48,2,1,48,,,Manhattan,true
35573659,Fully Furnished 3 bedroom Duplex in Great Location,40460149489,unconfirmed,Isabelle,Queens,Richmond Hill,40.70021,-73.83926,United States,US,true,strict,Entire home/apt,2004,87.0,17.0,30,1,2021-11-07,0.25,3,4,178,,,Queens,true
35574211,A Single Bedroom in Stunning & Inspiring Art Loft!,44461403485,unconfirmed,Lea,Brooklyn,Red Hook,40.67854,-74.00595,United States,US,true,moderate,Private room,2018,496.0,99.0,4,14,2021-11-07,0.49,2,3,353,,,Brooklyn,true
35574764,Clean space,2854580082,verified,Al,Staten Island,Shore Acres,40.61225,-74.06337,United States,US,false,flexible,Private room,2004,114.0,23.0,1,3,2021-11-07,0.11,5,2,365,,,Staten Island,true
35575316,"Spacious private room, good for a single/couple, Woodside",24018604959,verified,Kaz,Queens,Maspeth,40.73758,-73.90672,United States,US,false,flexible,Private room,2012,1132.0,226.0,30,3,2021-11-07,0.14,5,161,336,,,Queens,true
35575868,PRIVATE BASEMENT APT - BROOKLYN,87923023475,verified,Grace,Brooklyn,East Flatbush,40.65373,-73.93606,United States,US,true,moderate,Entire home/apt,2019,982.0,196.0,30,10,2021-11-07,0.41,3,1,365,,,Brooklyn,true
35576421,"Modern, light-filled apartment in Wiliamsburg",6853287861,unconfirmed,Marge,Brooklyn,Williamsburg,40.71427,-73.95405,United States,US,false,strict,Entire home/apt,2021,691.0,138.0,30,1,2021-11-07,0.21,3,1,0,,,Brooklyn,true
35576973,Lower East Side Cool - Private Bath/BED + Terrace,47583599972,unconfirmed,Loen,Manhattan,Chinatown,40.71562,-73.99194,United States,US,false,moderate,Private room,2018,1021.0,204.0,21,3,2021-11-07,0.55,3,1,345,,,Manhattan,true
35577525,Two bedroom apt in Manhattan Lower East Side.,14255655770,verified,Stavros,Manhattan,Lower East Side,40.71226,-73.98901,United States,US,true,strict,Entire home/apt,2017,1151.0,230.0,30,1,2021-11-07,0.25,4,6,312,,,Manhattan,true
35578078,"Spacious, Modern, & Cozy 2 Bedroom Haven w/Wifi",76344916227,unconfirmed,Tara,Brooklyn,Canarsie,40.63846,-73.90782,United States,US,false,flexible,Entire home/apt,2010,305.0,61.0,2,19,2021-11-07,1.85,5,1,66,,,Brooklyn,true
35578630,Spacious and comfortable private room #1 near JFK,25827541915,verified,Aracelis,Queens,Jamaica,40.69091,-73.79589,United States,US,false,moderate,Private room,2006,1091.0,218.0,14,9,2021-11-07,0.86,2,5,159,,,Queens,true
35579182,Beautiful luxury 2 bdr apt in Bedford-stuyvesant,15784960855,verified,Casey,Brooklyn,Crown Heights,40.67825,-73.95017,United States,US,true,flexible,Entire home/apt,2014,369.0,74.0,30,2,2021-11-07,0.38,2,12,365,,,Brooklyn,true
35579734,Private 5th Ave 55th St. King Room Boutique Hotel,39878880889,verified,Blake,Manhattan,Midtown,40.76332,-73.9755,United States,US,true,strict,Private room,2011,57.0,11.0,1,1,2021-11-07,0.25,5,66,351,,,Manhattan,true
35580287,One cozy bedroom near Verrazano bridge and ferry,32202051101,unconfirmed,Chun Kit,Staten Island,Shore Acres,40.61126,-74.06789,United States,US,false,strict,Private room,2019,1200.0,240.0,1,5,2021-11-07,0.59,5,1,0,,,Staten Island,true
35580839,Modern bedroom in Brooklyn5 min from train station,44340091262,verified,Federico,Brooklyn,Brownsville,40.67574,-73.90565,United States,US,false,strict,Private room,2010,863.0,173.0,2,28,2021-11-07,2.87,5,1,0,,,Brooklyn,true
35581391,"Quaint & Spacious Brooklyn, Greenpoint Apartment",94579475148,verified,John,Brooklyn,Greenpoint,40.72957,-73.9574,United States,US,false,moderate,Entire home/apt,2008,311.0,62.0,1,6,2021-11-07,0.72,2,2,287,,,Brooklyn,true
35581944,Perfect Couples Get Away,74542377756,verified,Ijana,Queens,Jamaica,40.68287,-73.77372,United States,US,false,moderate,Entire home/apt,2013,752.0,150.0,1,1,2021-11-07,0.25,5,1,88,,,Queens,true
35582496,"Cute, Sunny Bed-Stuy bedroom with private entrance",78668047944,verified,Joseph,Brooklyn,Bedford-Stuyvesant,40.68882,-73.9492,United States,US,false,flexible,Private room,2006,1026.0,205.0,1,4,2021-11-07,0.51,2,1,0,,,Brooklyn,true
35583048,Perfect & Unique Duplex - Great Value,29954311496,unconfirmed,Steven,Manhattan,Midtown,40.75518,-73.96423,United States,US,true,strict,Entire home/apt,2004,825.0,165.0,3,1,2021-11-07,0.21,2,1,0,,,Manhattan,true
35583601,habitación en el bronx,83015154956,verified,Carolina,Bronx,Van Nest,40.84226,-73.86729,United States,US,false,moderate,Private room,2018,907.0,181.0,1,7,2021-11-07,1.32,4,1,338,,,Bronx,true
35584153,Private Comfortable room WITH 2 FULL SIZE BEDS,76883875448,unconfirmed,Rumena,Queens,Jamaica,40.69305,-73.80713,United States,US,false,strict,Private room,2005,603.0,121.0,1,1,2021-11-07,0.25,2,7,307,,,Queens,true
35584705,Comfortable 4-bedroom apt in family house.,91118302177,verified,Dimitri,Brooklyn,Prospect Heights,40.67839,-73.96642,United States,US,false,strict,Entire home/apt,2014,796.0,159.0,30,154,2021-11-06,1.1,3,1,240,,,Brooklyn,true
35585257,Charming one bedroom in the LES,57838284306,unconfirmed,Carlo,Manhattan,Lower East Side,40.71675,-73.98474,United States,US,true,moderate,Entire home/apt,2012,886.0,177.0,30,14,2021-11-06,0.15,5,1,125,,,Manhattan,true
35585810,Tall Ceilings & Sunlight Galore,28610554283,verified,Benjamin,Brooklyn,Clinton Hill,40.685,-73.96044,United States,US,false,moderate,Entire home/apt,2021,753.0,151.0,30,10,2021-11-06,0.13,3,19,189,,,Brooklyn,true
35586362,"Home For Medical Professionals - ""Veisalgia""",4013899025,verified,Stat,Brooklyn,East Flatbush,40.65877,-73.9332,United States,US,true,moderate,Private room,2011,209.0,42.0,6,2,2021-11-06,0.33,2,52,211,,,Brooklyn,true
35586914,Amazing room in uptown Manhattan,59185183936,verified,Boris,Manhattan,Washington Heights,40.84886,-73.94335,United States,US,true,strict,Private room,2021,992.0,198.0,2,119,2021-11-06,1.47,4,1,365,,,Manhattan,true
35587467,1 bedroom in Tribeca,46410252567,unconfirmed,Ana,Manhattan,Tribeca,40.71598,-74.0056,United States,US,false,strict,Entire home/apt,2010,891.0,178.0,5,5,2021-11-06,0.1,2,1,17,,,Manhattan,true
35588019,Amazing & Unique Soho/Nolita One Bedroom,57591502923,unconfirmed,Andrew,Manhattan,Nolita,40.71979,-73.99446,United States,US,false,strict,Entire home/apt,2010,714.0,143.0,3,34,2021-11-06,0.54,3,1,185,,,Manhattan,true
35588571,"Beautiful, spacious & well-lit 1BR (Astoria, QNS)",7478878201,verified,Alexander,Queens,Astoria,40.75849,-73.92426,United States,US,true,moderate,Entire home/apt,2012,673.0,135.0,4,6,2021-11-06,0.13,3,1,0,,,Queens,true
35589124,Cozy Studio Gravesend Coney Island Hospital Beach,24033165941,unconfirmed,Ed,Brooklyn,Gravesend,40.58717,-73.97176,United States,US,false,flexible,Entire home/apt,2005,199.0,40.0,30,25,2021-11-06,0.7,5,5,324,,,Brooklyn,true
35589676,Perfect Brooklyn,91456329437,verified,Rosario,Brooklyn,Flatbush,40.63987,-73.96498,United States,US,true,strict,Entire home/apt,2004,1176.0,235.0,30,9,2021-11-06,0.37,5,4,117,,,Brooklyn,true
35590228,"studio in the bronx
25 minute to times square nyc",34207612256,verified,Avner,Bronx,Bronxdale,40.85559,-73.86235,United States,US,false,flexible,Entire home/apt,2007,290.0,58.0,2,6,2021-11-06,0.23,2,6,0,,,Bronx,true
35590780,Cosy room in luxury building,85485229294,verified,Jenifer,Brooklyn,Bedford-Stuyvesant,40.69087,-73.9247,United States,US,true,strict,Private room,2013,203.0,41.0,3,1,2021-11-06,0.21,4,2,0,,,Brooklyn,true
35591333,Beautifully Decorated 2BR! Steps to Times Square!,9700405251,verified,Ralph,Manhattan,Hell's Kitchen,40.76169,-73.99451,United States,US,true,strict,Entire home/apt,2022,935.0,187.0,3,6,2021-11-06,0.23,2,1,62,,,Manhattan,true
35591885,20 Minutes to Manhattan 2 Bedroom Apartment Safe,13493682772,verified,Mary,Brooklyn,Sunset Park,40.64736,-74.0108,United States,US,true,moderate,Entire home/apt,2018,82.0,16.0,30,3,2021-11-06,0.26,5,1,62,,,Brooklyn,true
35592437,Private Basement w/ Backyard,14575765986,verified,Claibourne,Bronx,North Riverdale,40.91062,-73.89987,United States,US,true,strict,Private room,2005,807.0,161.0,10,2,2021-11-06,0.17,3,1,136,,,Bronx,true
35592990,Beautiful King Bed Hotel Room!,47431491045,verified,Justin,Manhattan,Financial District,40.70449,-74.00565,United States,US,false,flexible,Private room,2004,1054.0,211.0,1,15,2021-11-06,1.11,4,102,23,,,Manhattan,true
35593542,New Beautiful ROOM|Private BATHROOM,77430468025,unconfirmed,Kristina & Jack,Queens,Ridgewood,40.69841,-73.90411,United States,US,false,moderate,Private room,2014,134.0,27.0,30,2,2021-11-06,0.28,3,24,311,,,Queens,true
35594094,Splendid Midtown one bedroom beauty,23923689443,unconfirmed,Stanley,Manhattan,Murray Hill,40.7504,-73.9757,United States,US,true,moderate,Entire home/apt,2008,976.0,195.0,30,2,2021-11-06,0.25,3,83,365,,,Manhattan,true
35594647,Adorable 2 bedroom guesthouse with outdoor space,20844973204,verified,Hayden,Queens,Cambria Heights,40.69136,-73.7341,United States,US,true,moderate,Entire home/apt,2017,1021.0,204.0,30,1,2021-11-06,0.25,5,1,93,,,Queens,true
35595199,Brooklyn brownstone,73485615533,verified,Nyota,Brooklyn,Bedford-Stuyvesant,40.68993,-73.93829,United States,US,false,moderate,Entire home/apt,2022,284.0,57.0,2,3,2021-11-06,0.46,4,7,364,,,Brooklyn,true
35595751,Brand new 1BR prime UES~WD in unit~BEST VALUE,42638108833,verified,Eran,Manhattan,Upper East Side,40.77329,-73.95558,United States,US,false,moderate,Entire home/apt,2014,794.0,159.0,30,1,2021-11-06,0.25,3,62,309,,,Manhattan,true
35596303,Awesome Duplex apartment on Atlantic ave,27582473108,verified,Romeo,Queens,Richmond Hill,40.69455,-73.82899,United States,US,false,moderate,Private room,2018,332.0,66.0,1,2,2021-11-06,0.48,5,5,365,,,Queens,true
35596856,#510 Furnished studio in the heart of Manhattan,22417870465,verified,Best Inns USA,Manhattan,Gramercy,40.73381,-73.98512,United States,US,false,flexible,Entire home/apt,2016,641.0,128.0,30,1,2021-11-06,0.25,5,20,124,,,Manhattan,true
35597408,Corona free.  Torre del Lago Room.,8277311260,verified,John,Brooklyn,Gravesend,40.60813,-73.9738,United States,US,false,moderate,Private room,2017,683.0,137.0,1,27,2021-11-05,0.36,2,8,172,,,Brooklyn,true
35597960,Modern Studio in Brooklyn,70400967048,verified,Valentina,Brooklyn,Gravesend,40.58583,-73.96903,United States,US,false,moderate,Entire home/apt,2006,164.0,33.0,1,68,2021-11-05,0.96,5,1,123,,,Brooklyn,true
35598513,****THE SUITE LIFE DUPLEX****,2578777349,verified,Kila,Brooklyn,Bedford-Stuyvesant,40.68976,-73.93912,United States,US,false,moderate,Entire home/apt,2007,947.0,189.0,7,68,2021-11-05,1.01,2,2,175,,,Brooklyn,true
35599065,simple spot great location,77473052732,verified,Paul,Bronx,Longwood,40.81982,-73.89796,United States,US,true,moderate,Private room,2018,152.0,30.0,7,1,2021-11-05,0.25,5,1,161,,,Bronx,true
35599617,Sweet suburban getaway,21005028235,verified,Marina,Queens,Ridgewood,40.70432,-73.90348,United States,US,true,moderate,Private room,2014,307.0,61.0,2,13,2021-11-05,0.83,5,1,2,,,Queens,true
35600170,Wonderful apartment in NYC,52815625686,unconfirmed,Anna,Queens,Long Island City,40.76203,-73.92874,United States,US,false,strict,Entire home/apt,2017,265.0,53.0,30,1,2021-11-05,0.2,4,1,28,,,Queens,true
35600722,15 foot ceiling Bright Studio - Madison Avenue!,33358017067,verified,Daia,Manhattan,Midtown,40.74904,-73.9825,United States,US,true,moderate,Entire home/apt,2006,318.0,64.0,30,2,2021-11-05,0.38,4,25,77,,,Manhattan,true
35601274,Art Deco Live / Work Studio in the East Village,86651717881,verified,Jeremy,Manhattan,East Village,40.72715,-73.98643,United States,US,true,flexible,Entire home/apt,2021,352.0,70.0,75,2,2021-11-05,0.32,2,23,187,,,Manhattan,true
35601826,Beautiful 1 bedroom apt in West Village/Soho,59580356329,verified,Maria,Manhattan,Greenwich Village,40.72723,-73.99955,United States,US,false,strict,Entire home/apt,2019,822.0,164.0,30,3,2021-11-05,0.45,2,2,2,,,Manhattan,true
35602379,Cozy Village apartment  near NYU,18167666956,unconfirmed,Cristiana,Manhattan,SoHo,40.72734,-74.00094,United States,US,true,strict,Entire home/apt,2015,72.0,14.0,4,17,2021-11-04,0.15,4,2,242,,,Manhattan,true
35602931,Nice and quiet/Host is vaccinated,89152139481,verified,Maria,Queens,Astoria,40.76527,-73.92979,United States,US,false,strict,Private room,2016,1096.0,219.0,30,17,2021-11-04,0.24,2,2,182,,,Queens,true
35603483,Bushwick Renovated Apartment,67330172177,unconfirmed,Banty,Brooklyn,Bushwick,40.69925,-73.92161,United States,US,false,strict,Private room,2018,301.0,60.0,5,73,2021-11-04,1.32,3,3,65,,,Brooklyn,true
35604036,"Great room #1, good location, 20 mins to Manhattan",98245243479,unconfirmed,Svetlana,Brooklyn,Bath Beach,40.60551,-74.01662,United States,US,false,strict,Private room,2015,825.0,165.0,30,38,2021-11-04,0.82,3,2,179,,,Brooklyn,true
35604588,"24/7 Onsite Team, Remote Work,Conference & Cinema",20063300557,unconfirmed,Aka,Manhattan,Midtown,40.76363,-73.97452,United States,US,true,strict,Entire home/apt,2008,250.0,50.0,7,4,2021-11-04,0.43,4,11,361,,,Manhattan,true
35605140,Sunny Bright Quiet East Village Gem,82856074550,unconfirmed,George,Manhattan,East Village,40.72762,-73.98601,United States,US,false,moderate,Entire home/apt,2014,103.0,21.0,30,2,2021-11-04,0.39,3,1,55,,,Manhattan,true
35605693,"Huge Solo Room near Midtown, 61st station & stores",75670762826,unconfirmed,Kaz,Queens,Woodside,40.74482,-73.9066,United States,US,false,strict,Private room,2006,1169.0,234.0,30,3,2021-11-04,0.18,4,161,365,,,Queens,true
35606245,Che' Randall Tre   SoBro 10 Minutes to Manhattan!,27445218777,unconfirmed,Rawn,Bronx,Longwood,40.81992,-73.9079,United States,US,false,strict,Private room,2015,1195.0,239.0,30,9,2021-11-04,0.34,5,3,338,,,Bronx,true
35606797,Bright and Beautiful Top Floor Two Bedrooms,65331079885,unconfirmed,Frankie,Brooklyn,Carroll Gardens,40.68383,-73.99281,United States,US,true,moderate,Entire home/apt,2009,1027.0,205.0,30,18,2021-11-04,0.63,2,1,3,,,Brooklyn,true
35607349,Modern & Bright Queen Bedroom Midtown East,57770451783,unconfirmed,David,Manhattan,Upper East Side,40.76132,-73.96064,United States,US,true,strict,Private room,2015,141.0,28.0,30,1,2021-11-04,0.25,3,4,307,,,Manhattan,true
35607902,Modern NEW Room|PRIVATE BATHROOM,7431680152,verified,Dariia & Jacob,Brooklyn,Bedford-Stuyvesant,40.6899,-73.94074,United States,US,true,moderate,Private room,2008,284.0,57.0,30,1,2021-11-04,0.25,2,10,365,,,Brooklyn,true
13969892,Private Room in Sunny Williamsburg location,81435132988,verified,Dana,Brooklyn,Williamsburg,40.7084,-73.9551,United States,US,true,strict,Private room,2012,270.0,54.0,2,3,2017-07-24,0.12,2,1,0,"No smoking permitted, no pets.",,Brooklyn,true
13970445,Hamptons-esque Brooklyn Condo,92780269224,verified,Lindsay,Brooklyn,Prospect-Lefferts Gardens,40.65704,-73.95757,United States,US,true,flexible,Entire home/apt,2013,88.0,18.0,1,1,2017-06-22,0.04,1,1,0,"This is a non-smoking building. Absolutely no smoking of any kind is permitted. Please respect that this is a quiet, peaceful building; please keep the volume of voice and television at a reasonable level. No pets, please.",,Brooklyn,true
13970997,Sunny Spacious 2 bedroom condo,63177292896,unconfirmed,Michelle,Brooklyn,Canarsie,40.62986,-73.90638,United States,US,true,moderate,Private room,2012,658.0,132.0,2,45,2019-06-30,1.78,4,1,41,,,Brooklyn,true
13971549,"Parks, Marina and New York skyline in one place.",66351767512,unconfirmed,Ari,Manhattan,Battery Park City,40.71588,-74.01691,United States,US,true,strict,Entire home/apt,2018,519.0,104.0,4,0,,,4,1,0,,,Manhattan,true
13972102,Central Manhattan Apt,61758503744,verified,Peter,Manhattan,Kips Bay,40.74214,-73.98048,United States,US,false,strict,Private room,2022,917.0,183.0,7,1,2018-12-22,0.15,2,1,332,"Building is quite, so that's the expectation.",,Manhattan,true
13972654,Large Private 1 Bedroom Apt in Hell's Kitchen Area,74894750586,unconfirmed,Justin,Manhattan,Hell's Kitchen,40.76619,-73.98987,United States,US,true,strict,Entire home/apt,2020,601.0,120.0,3,17,2019-05-11,0.67,2,1,5,"Please Note: This unit was just renovated in May 2015 and it comfortably accommodates 4 guests, but up to 5 guests are permitted if you so desire (two guests in each bedroom and 1 guest on the available air mattress). Please request an air mattress (if needed) when making a reservation. No smoking, no pets, no parties, and must be 25 years old to book.   For check-out, please ensure: -  All plates and cups are left in the sink or dishwasher -  All trash is left in the kitchen trash can or bagged and left next to the trash can (additional bags are under the sink) -  All windows are closed and locked -  If used, the air mattresses are deflated and put away (please leave used linens for the air mattresses on the floor) -  If furniture was moved during your stay, please return to its original location Please be mindful to our neighbors in the building; quiet hours after 10pm. Please be considerate of our next guests who will be staying after you, if something is broken or needs fixing, ple",,Manhattan,true
13973206,4 Bed 3.5 Bath in Manhattan,21062689096,unconfirmed,Abcstay,Manhattan,West Village,40.73983,-74.00586,United States,US,true,flexible,Entire home/apt,2016,889.0,178.0,30,6,2018-01-19,0.24,4,1,0,"Absolutely no smoking, indoors or outdoors. No pets.",,Manhattan,true
13973758,Comfy Queen Size Bed Near Prospect Park!,21195593487,unconfirmed,Lisanne,Brooklyn,Prospect-Lefferts Gardens,40.65871,-73.95263,United States,US,false,flexible,Private room,2018,571.0,114.0,2,15,2019-06-12,0.59,1,1,251,"Overall please treat the apartment as you would you own home, Keeping it as clean and tidy as you found it.  Please clean up before checking out. Any major clean-up service required may be deducted from the deposit.  No Loud / Large Parties. Quiet hours are 11pm till 9am Please include the number of people who will be staying before you reserve this apartment. No extra guests other than the maximum 2 allowed who booked  All smoking should be done outside, as this is a smoke free environment.",,Brooklyn,true
13974311,Private Cabin in New-York City (Chelsea Dictrict),73515783230,unconfirmed,Maria,Manhattan,Chelsea,40.74806,-73.99665,United States,US,false,strict,Private room,2012,206.0,41.0,,77,2019-06-20,3.84,2,5,310,,,Manhattan,true
13974863,Private Room in Lower East Side Apartment,651454903,unconfirmed,Maddy,Manhattan,Lower East Side,40.7231,-73.9927,United States,US,false,moderate,Private room,2010,689.0,138.0,,0,,,1,1,0,,,Manhattan,true
13975415,"Spacious, Quiet, Cozy Art-Filled Chelsea Apartment",95188733152,unconfirmed,George,Manhattan,Chelsea,40.74183,-73.99878,United States,US,false,flexible,Entire home/apt,2003,626.0,125.0,,10,2019-06-23,0.72,1,1,104,,,Manhattan,true
13975968,Furnished Studio on Upper East Side,23765993225,verified,Jarid,Manhattan,Upper East Side,40.77138,-73.95353,United States,US,false,strict,Entire home/apt,2006,353.0,71.0,,0,,,4,1,0,"No smoking, please.",,Manhattan,true
13976520,Entire apartment 2 beds/2baths with Rooftop !,65863488278,verified,Sandra,Manhattan,Harlem,40.80545,-73.95489,United States,US,true,strict,Private room,2021,226.0,45.0,,3,2017-12-31,0.12,3,1,0,,,Manhattan,true
13977072,King size room in foodie heaven!,3470529701,unconfirmed,Michael,Queens,Astoria,40.77084,-73.92601,United States,US,true,flexible,Private room,2017,484.0,97.0,,0,,,1,1,0,,,Queens,true
13977625,Large  private room in a nice apartment,49747569066,unconfirmed,Miriam,Manhattan,Harlem,40.82634,-73.95061,United States,US,true,flexible,Private room,2021,125.0,25.0,,18,2019-01-06,0.75,5,1,179,,,Manhattan,true
13978177,2bed Williamsburg Loft w Roof Access + City Views,2151054051,unconfirmed,Ashley,Brooklyn,Williamsburg,40.72059,-73.95847,United States,US,true,moderate,Entire home/apt,2016,538.0,108.0,,42,2018-11-04,1.71,1,1,0,No Smoking No Pets,,Brooklyn,true
13978729,"Great and Cozy 2 BR in Glendale ,Queens NY",43769109717,verified,Joanna,Queens,Glendale,40.70388,-73.88012,United States,US,false,strict,Entire home/apt,2017,291.0,58.0,,117,2019-06-30,5.33,1,1,3,,,Queens,true
13979281,spacious 2 beds in the LES w garden,538762830,unconfirmed,Alessandra,Manhattan,Lower East Side,40.71284,-73.99066,United States,US,false,flexible,Entire home/apt,2007,609.0,122.0,2,0,,,4,2,0,#NAME?,,Manhattan,true
13979834,Private bedroom with balcony in Williamsburg,34685474931,verified,Nolwenn,Brooklyn,Williamsburg,40.70866,-73.95003,United States,US,true,strict,Private room,2005,546.0,109.0,7,1,2017-06-24,0.04,4,1,0,,,Brooklyn,true
13980386,2 bedroom family luxury modern,98402835539,verified,Hilary,Manhattan,Upper West Side,40.77565,-73.98684,United States,US,true,moderate,Entire home/apt,2021,333.0,67.0,6,0,,,4,1,105,No pets. No smoking. Please :),,Manhattan,true
13980938,Perfect Williamsburg room!,48449921074,verified,Martijn,Brooklyn,Williamsburg,40.71099,-73.95267,United States,US,false,moderate,Private room,2008,1080.0,216.0,14,1,2018-09-20,0.1,5,1,0,Please know you will be living with others and must be courteous and respectful.,,Brooklyn,true
13981491,Nice apartment near Lincoln Center,51250096002,verified,Yuhua,Manhattan,Upper West Side,40.77317,-73.98729,United States,US,false,moderate,Entire home/apt,2022,852.0,170.0,30,0,,,1,1,117,,,Manhattan,true
13982043,HUGE ROOM WITH PRIVATE KITCHEN- Manhattan -,73692071415,unconfirmed,Yifat,Manhattan,Murray Hill,40.74736,-73.97838,United States,US,false,moderate,Private room,2019,168.0,34.0,10,0,,,3,1,19,No pets. No smoking. Please :),,Manhattan,true
20295937,Sunny and Bright Room,58602183003,unconfirmed,Claudina,Brooklyn,Bedford-Stuyvesant,40.69321,-73.93686,United States,US,true,moderate,Private room,2022,667.0,133.0,2,2,2019-05-18,0.97,2,5,342,No smoking and illegal drug use. Please Minimize noise after 1030pm No guests,,Brooklyn,true
20296489,Cozy Brooklyn Room with private bathroom,78648228960,unconfirmed,Peach,Brooklyn,Bedford-Stuyvesant,40.68891,-73.95164,United States,US,true,strict,Private room,2006,386.0,77.0,1,1,2018-08-20,0.09,4,1,0,,,Brooklyn,true
20297041,Fam-Friendly Brooklyn Brownstone w. Vintage charm,1570276266,unconfirmed,Ashley,Brooklyn,Bedford-Stuyvesant,40.68398,-73.93464,United States,US,true,moderate,Entire home/apt,2019,979.0,196.0,2,6,2019-06-27,2.02,4,1,0,No smoking  Ask about additional fee for pets,,Brooklyn,true
20297593,Huge Apartment Midtown Manhattan Empire State Bldg,5273160321,verified,Mohit,Manhattan,Kips Bay,40.74462,-73.97838,United States,US,true,strict,Entire home/apt,2021,92.0,18.0,3,4,2019-03-25,0.53,5,1,0,Respectful and with great attitudes,,Manhattan,true
20298146,Beach-side basement media room,23930476334,verified,Dawid,Staten Island,New Dorp Beach,40.56629,-74.10331,United States,US,true,flexible,Private room,2008,900.0,180.0,2,18,2019-06-07,1.67,4,1,178,We love our home and enjoy sharing it with others. We hope you'll treat it as with as much care as we do. Our neighbors are friendly and quiet. We hope you'll fit right in.,,Staten Island,true
20298698,Apartment in the Heart of Manhattan,91480098254,unconfirmed,Meryl,Manhattan,Hell's Kitchen,40.75597,-73.9955,United States,US,false,moderate,Entire home/apt,2013,694.0,139.0,14,15,2019-07-01,1.8,3,1,0,Shoes must be removed after entering the house. The cats are strictly indoor. No smoking,,Manhattan,true
20299250,Place for sleeping and exploring NYC,70282969021,unconfirmed,Linda,Manhattan,Harlem,40.82005,-73.93949,United States,US,false,flexible,Private room,2021,1114.0,223.0,1,21,2019-06-17,1.94,2,2,58,- $20 per extra person. Maximum 2 person for attic room.,,Manhattan,true
20299803,New York Apartment,6752440226,verified,Mansi,Manhattan,Nolita,40.72194,-73.99557,United States,US,true,flexible,Private room,2015,1062.0,212.0,1,9,2018-10-20,0.85,2,1,179,- 1 floor,,Manhattan,true
20300355,both world getting to the city and safe place,12188903696,verified,Nathan,Bronx,Parkchester,40.8358,-73.85833,United States,US,true,strict,Shared room,2008,359.0,72.0,2,4,2018-11-25,0.39,5,2,0,1. No pets allowed.  2. No Children under the age of 10 allowed.  3. No smoking inside the house. You may smoke outside.  4. No wearing shoes inside the house. We will give you slippers for you to wear.  5. Quiet time starts at 11pm,,Bronx,true
20300907,"Charming Chelsea Bungalow w/
Large Outdoor Terrace",36641817695,unconfirmed,Francesca,Manhattan,Chelsea,40.74557,-73.99871,United States,US,true,flexible,Entire home/apt,2010,985.0,197.0,2,14,2019-05-26,1.51,5,1,28,This listing is located in a residential area and so all the regular rules of living in a residential area apply.  Please be kind to the neighbors - we know and love them!  Please keep BBQs/outside activity to a minimum after 9 or 10PM.,,Manhattan,true
20301460,Sunny Large 1BR w/balcony,17311586096,unconfirmed,Richard,Queens,Bayside,40.76189,-73.77349,United States,US,false,flexible,Entire home/apt,2006,538.0,108.0,2,7,2019-07-05,0.9,4,1,41,"1. You must be 25 years of age to rent this home and provide proof of age, if requested. 2. This is a non-smoking home. Any evidence of smoking in and around the property will result in forfeiture of your security deposit. 3. The home has a maximum occupancy of six people. Renters who exceed the occupancy limit and or falsify information at the time of reservation are subject to eviction. 4. Well-behaved dogs are allowed with written owner permission at time of booking, additional fee and security deposit required 5. House parties are strictly prohibited and are grounds for immediate eviction. 6. Illegal substances are strictly prohibited and are grounds for immediate eviction. 7. When you arrive, the home will be clean and we request that you leave it in good order. We will provide you with a detailed check-in and check-out procedures, as well as the code for the keyless entry lock, several days prior to your arrival. 8. Any exception to the rules here must be approved in writing in a",,Queens,true
20302012,Gorgeous 3BR Home Bear JFK & only 25min to NYC,9995186139,unconfirmed,Bryant,Queens,Laurelton,40.67563,-73.74713,United States,US,true,strict,Entire home/apt,2006,263.0,53.0,2,6,2019-06-15,0.97,2,2,317,We love our home and enjoy sharing it with others. We hope you'll treat it as with as much care as we do. Our neighbors are friendly and quiet. We hope you'll fit right in.,,Queens,true
20302564,Beautiful 4 Bdrm Home - 25 min from Manhattan,7705781159,unconfirmed,Bryant,Queens,Laurelton,40.67525,-73.74625,United States,US,false,flexible,Entire home/apt,2008,205.0,41.0,2,6,2019-06-24,0.92,4,2,321,"No parties, no smoking.",,Queens,true
20303116,"Chic, Spacious Upper West Side Studio",80993501214,unconfirmed,Abbey,Manhattan,Upper West Side,40.78348,-73.98383,United States,US,false,moderate,Entire home/apt,2007,368.0,74.0,2,18,2019-06-21,1.74,5,1,1,Two guest maximum and no pets please. No smoking or candles.,,Manhattan,true
20303669,Brooklyn Private Apartment,27593217400,verified,Maria,Brooklyn,Borough Park,40.6448,-73.99524,United States,US,true,moderate,Entire home/apt,2017,385.0,77.0,2,5,2019-01-04,0.52,4,1,3,"I expect guest to respect that this is my personal home, I live here, and to fully respect the space and my belongings as you would your own.  This is not a hotel and the space does not feel like a hotel or rental that other guests are constantly moving in and out of. Please do not light candles in the house or anything that would be a fire hazard.  Please clean up after yourself.  No smoking in the house No pets please Please be respectful of my belongings and do not move anything around. When using the firepit, please use caution. If plants look like they could use a little water, feel free to give them a little!",,Brooklyn,true
20304221,Beautiful Historic Townhouse w/ Backyard(Duplex),51940635152,unconfirmed,Laurence,Manhattan,Harlem,40.80722,-73.9491,United States,US,true,strict,Entire home/apt,2006,730.0,146.0,3,31,2019-07-03,3.07,2,1,358,,,Manhattan,true
20304773,Spacious 2BR with Private Patio in Lower East Side,56222707109,unconfirmed,Adam,Manhattan,Lower East Side,40.71586,-73.98908,United States,US,false,flexible,Entire home/apt,2021,133.0,27.0,4,16,2019-05-18,1.46,4,1,56,,,Manhattan,true
20305326,Studio Apartment in historic Sugar Hill townhouse,76800663749,unconfirmed,Paula,Manhattan,Harlem,40.82862,-73.93832,United States,US,true,strict,Entire home/apt,2009,1000.0,200.0,2,23,2019-07-01,2.24,3,2,16,-We do not allow pets because we already have a small dog in the house but he is very friendly! -Please make sure to close the back door when you are coming in and out.,,Manhattan,true
20305878,Beautiful room in a newly renovated apartment!,10458506259,unconfirmed,Olga,Manhattan,Upper West Side,40.7956,-73.97219,United States,US,false,moderate,Private room,2014,644.0,129.0,1,31,2019-06-24,3.0,4,3,112,"Please be aware, check in is NO earlier than 6pm on weekdays. We can make no exceptions. Weekends are more flexible.",,Manhattan,true
20306430,Williamsburg Studio- Steps Away from Lorimer L,18055428564,verified,Emily,Brooklyn,Williamsburg,40.71094,-73.95026,United States,US,false,moderate,Entire home/apt,2005,631.0,126.0,2,20,2019-06-06,2.0,4,1,0,,,Brooklyn,true
20306983,Room with a View,31070626058,verified,Anny,Bronx,Kingsbridge,40.88354,-73.89061,United States,US,false,moderate,Private room,2006,459.0,92.0,3,0,,,3,1,89,"Please no loud noise after 10pm as others do live here Check in after 3pm Check out at 11am Would appreciate it if you removed linens from bed post stay (not a requirement, just as a courtesy) NO SMOKING in room We do have an indoor porch if you're a smoker outside apartment",,Bronx,true
20307535,"Comfy, Beautiful Apt with Breakfast Included",83382332065,verified,Deborah/Aston,Brooklyn,East New York,40.67661,-73.87488,United States,US,false,strict,Entire home/apt,2010,887.0,177.0,2,43,2019-07-05,4.13,2,1,95,"This apartment is located on a third floor, no elevator. Guest must be considered and respectful with the noise level. No stumping or running please.",,Brooklyn,true
20308087,Harlem Gem,97528248465,unconfirmed,Erica,Manhattan,East Harlem,40.80147,-73.94432,United States,US,true,moderate,Entire home/apt,2020,813.0,163.0,3,2,2018-12-10,0.19,3,1,0,"We ask that you are respectful of the space you are staying in. Please take off your shoes when you enter to help keep the space clean. Space heaters are available for use but should not be left on if you leave. The space is thickly insulated and sound proof so it retains heat very well. If you use the kitchen, please clean up after yourself. This is not a party house so please be respectful at late hours by not making tons of noise outside.",,Manhattan,true
20308639,Pleasant Place 5 mins away from JFK Airport,2746865489,unconfirmed,Paula,Queens,Springfield Gardens,40.66333,-73.7661,United States,US,true,moderate,Private room,2010,435.0,87.0,14,12,2019-05-19,1.14,5,1,341,"Enjoy our home and please leave it clean & tidy like you found it :) Thank you for not smoking. Sorry, no pets even though we love them. We have nice respectful neighbors so no loud music or parties. Hanging out & music are fine just keep others in mind :)  Thank you!",,Queens,true
20309192,Great Room Great Price,77045342277,verified,Carmen,Staten Island,Port Richmond,40.63577,-74.13113,United States,US,true,flexible,Private room,2019,441.0,88.0,1,17,2018-12-15,1.55,3,1,0,#NAME?,,Staten Island,true
20309744,Cozy Brooklyn Apartment,51604923776,unconfirmed,Ace,Brooklyn,Bushwick,40.7015,-73.93566,United States,US,false,moderate,Entire home/apt,2010,625.0,125.0,7,5,2018-10-31,0.53,2,1,0,No Smoking. No Pets. Enjoy a morning cup of coffee as you sit on the shady porch. Like use of the kitchen area.,,Brooklyn,true
20310296,Bay Ridge Bklyn entire spacious Basement Apartment,11166169459,verified,Alkhadher,Brooklyn,Bay Ridge,40.63895,-74.02599,United States,US,true,strict,Entire home/apt,2007,830.0,166.0,2,24,2019-07-05,2.26,3,1,130,be respectful Take off your shoes at the door,,Brooklyn,true
20310849,Newly Renovated Brooklyn Brownstone - Private,53279156991,unconfirmed,Chantal,Brooklyn,Bedford-Stuyvesant,40.68737,-73.93478,United States,US,false,flexible,Entire home/apt,2007,924.0,185.0,1,68,2019-07-03,6.26,3,1,261,,,Brooklyn,true
20311401,Bushwick Retreat (for dog lovers only),68606311115,verified,Nada,Brooklyn,Bushwick,40.69098,-73.92128,United States,US,true,moderate,Private room,2006,430.0,86.0,1,14,2019-06-30,1.38,4,1,81,,,Brooklyn,true
20311953,Gorgeous 1 Bedroom on the Park,1822651645,verified,Woods,Brooklyn,Fort Greene,40.69028,-73.97484,United States,US,true,strict,Entire home/apt,2012,937.0,187.0,3,16,2019-06-24,1.63,5,1,0,No smoking.  No guests without previous discussion with host.,,Brooklyn,true
20312506,New York Hotel,43361788253,unconfirmed,Christine,Manhattan,Midtown,40.75355,-73.97352,United States,US,false,flexible,Private room,2022,618.0,124.0,7,3,2019-05-30,1.23,5,1,184,No smoking  Respect to others,,Manhattan,true
20313058,Awesome Private Room Big Windows,72493468101,unconfirmed,Dee Daisy And Peter,Brooklyn,Bedford-Stuyvesant,40.69085,-73.95079,United States,US,false,moderate,Private room,2011,186.0,37.0,30,27,2019-06-06,2.7,2,4,319,"Smoking allowed outside, on grounds, pets under 10 lb sitting available additional charge and events possibly  pre aproved by owners,",,Brooklyn,true
20313610,Beautiful Private Room Big Windows,46772147010,unconfirmed,Dee Daisy And Peter,Brooklyn,Bedford-Stuyvesant,40.69025,-73.95042,United States,US,false,moderate,Private room,2021,755.0,151.0,30,11,2019-04-18,1.02,3,4,361,"Smoking: Absolutely no smoking indoors. If you need to smoke please do it on the porch and dispose of cigarette butts in the ashtrays provided. Additional Guests: Please do not arrive with more guests than are booked to stay nor invite visitors at any time. Children: The apartment is not suitable for children under the age of 12. Pets: We will graciously host friendly, well mannered, house trained dogs that are 50 pounds or less. We cannot accommodate cats or other pets. Facilities: Guests are expected to leave spaces clean and tidy after each use. Kitchen use is restricted to light use only: Kettle/Coffee, Microwave, and Refrigerator. Please take this into consideration when planning your stay. Quiqet Time: Please be aware that this is also our home.  Quiet time is from 11pm to 6am.",,Brooklyn,true
20314162,Sunny room with roof deck in Brooklyn,90923569098,verified,Aaron,Brooklyn,Bedford-Stuyvesant,40.69199,-73.9435,United States,US,false,flexible,Private room,2004,1153.0,231.0,2,2,2018-09-09,0.19,4,2,0,This bedroom is available for a female guest only.  As a guest you will not be able to bring any friends/acquaintance during your stay. Cannot make loud noises inside or outside the house.,,Brooklyn,true
20314715,Brooklyn Private Room 20 min to Manhattan,54354773255,verified,Dee Daisy And Peter,Brooklyn,Bedford-Stuyvesant,40.69088,-73.95018,United States,US,false,flexible,Private room,2011,84.0,17.0,30,30,2019-06-04,2.84,4,4,365,"Note #1: Just be a good neighbor and respect your space and others. Note #2: Unit is second floor of building, Senior Citizens & Disabled may find difficult going upstairs.",,Brooklyn,true
20315267,Warm and Friendly Bronx Home,65091720734,verified,Harriet,Bronx,Baychester,40.87886,-73.84301,United States,US,false,moderate,Private room,2011,825.0,165.0,3,9,2019-06-11,0.87,5,2,311,,,Bronx,true
20315819,Best Apt in Queens! 3 people! Metro and everything,8660948582,verified,Qiongyao,Queens,Elmhurst,40.73543,-73.87522,United States,US,false,moderate,Private room,2021,347.0,69.0,1,2,2018-08-25,0.18,3,1,33,"In order to provide a  healthy, comfortable and safe environment the following rules must be respected and adhered to throughout your entire stay. Most of what follows is common sense or common courtesy. The rules serve to protect you as a guest by helping ensure the environment you find here is the one that we intended to create. Please keep in mind:  You will be sharing common areas with other guests or residents, and thus the cleanliness of the common areas is far more dependent upon all guests cleaning up after themselves, than it is upon my once a week cleaning. Most guests do very well in keeping common areas clean! House rules: Please do not drag luggage up the front stairs. Please leave things as they are in your room: do not remove pictures from walls, don't move furniture around, and do not remove mattress protector from the mattress. Also, it should not be necessary to say, but since some guests have done this, I must add: please do not take any of my personal possessions ou",,Queens,true
20316372,Park Avenue Haven,46677962999,verified,Anna,Manhattan,East Harlem,40.78954,-73.95076,United States,US,false,flexible,Private room,2004,362.0,72.0,1,35,2019-07-05,3.9,4,1,90,Respectful attitude would be asked. Respect would be returned!,,Manhattan,true
20316924,NEWLY RENOVATED Studio #8,63405539422,verified,Karen,Manhattan,Lower East Side,40.72264,-73.9912,United States,US,true,flexible,Entire home/apt,2022,1162.0,232.0,30,2,2019-06-01,0.77,2,9,302,,,Manhattan,true
20317476,Beautiful new apartment located in Bushwick,50222559550,unconfirmed,Manon,Brooklyn,Bushwick,40.70398,-73.92168,United States,US,false,moderate,Private room,2017,683.0,137.0,7,3,2018-10-08,0.29,3,1,0,"In order to provide a  healthy, comfortable and safe environment, the following are the rules of my house. It is your responsibility to not only read these rules once, but to be aware of and follow all of them throughout your stay at my home. Most of what follows is common sense or common courtesy. The rules serve to protect you as a guest by helping ensure that the environment you find here is the one that I intended to create. Please keep in mind:  You will be sharing common areas with other guests or residents, and thus the cleanliness of the common areas is far more dependent upon all guests cleaning up after themselves, than it is upon my once a week cleaning. Most guests do very well in keeping common areas clean! House rules: Please do not drag luggage up the front stairs. Please leave things as they are in your room: do not remove pictures from walls, don't move furniture around, and do not remove mattress protector from the mattress. Also, it should not be necessary to say, bu",,Brooklyn,true
20318029,Simplicity,91966235764,verified,Adriana,Manhattan,Washington Heights,40.85711,-73.93004,United States,US,false,flexible,Private room,2014,626.0,125.0,2,4,2019-06-15,1.67,3,2,58,No Smoking  No unregistered guest No pets  When it rain or snow please remove shoes at the door,,Manhattan,true
20318581,Williamsburg Proper,64547943472,verified,Anika,Brooklyn,Williamsburg,40.71532,-73.96209,United States,US,false,strict,Private room,2012,460.0,92.0,3,29,2019-06-28,3.19,5,3,61,"Enjoy our home and please leave it clean & tidy like you found it :) Thank you for not smoking. Sorry, no pets even though we love them. We have nice respectful neighbors so no loud music or parties.  Hanging out & music are fine just keep others in mind :) Thank you!",,Brooklyn,true
20319133,Spacious & cozy 1BR opposite Prospect Park Lake,55893567219,verified,Sultan,Brooklyn,Prospect-Lefferts Gardens,40.65661,-73.96065,United States,US,false,strict,Entire home/apt,2012,247.0,49.0,2,6,2019-04-21,0.58,5,1,0,"No Smoking, no pets, no parties and anyone coming to visit would need to be known beforehand. Along with any issue of the other amenities of the house other than the room you will be renting.",,Brooklyn,true
20319685,Spacious bedroom suite in Brooklyn brownstone,1936378712,verified,Jeff,Brooklyn,Crown Heights,40.67754,-73.94824,United States,US,true,strict,Private room,2007,544.0,109.0,1,52,2019-06-15,4.92,5,1,0,"House Rules This is a Non-Smoking, pet free home; and  our guests must use the outdoors if they wish to smoke.  Additionally, I love my home and my neighbors are great, so I also ask our guests to be respectful of both and treat my home as well as their own.  Enjoy your stay while here in Boston -  a great city!!",,Brooklyn,true
20320238,"Entire 1BR Apt, Spacious, Light, 10 mins to LGA",27288689852,verified,Sean,Queens,Astoria,40.76969,-73.92197,United States,US,true,strict,Entire home/apt,2020,495.0,99.0,2,11,2018-12-16,1.07,3,1,0,,,Queens,true
20320790,"Stylish, Artsy & Comfortable Stay Near the Ocean.",36120291279,verified,Polina,Brooklyn,Sheepshead Bay,40.59446,-73.94289,United States,US,true,flexible,Entire home/apt,2012,723.0,145.0,2,1,2019-05-20,0.59,4,1,36,,,Brooklyn,true
20321342,Charm & style galore in Boerum Hill 2BR duplex,82955222855,verified,Theresa,Brooklyn,Boerum Hill,40.68783,-73.98695,United States,US,false,moderate,Entire home/apt,2009,1178.0,236.0,2,31,2019-07-02,2.99,2,1,25,#NAME?,,Brooklyn,true
20321895,Bedroom in Luxury Waterfront Apt with Views & Pool,38093722550,verified,Henry,Brooklyn,Williamsburg,40.71739,-73.96244,United States,US,false,strict,Private room,2010,719.0,144.0,1,33,2019-06-21,3.24,4,2,11,"Available Upon Arrival - Looking for nice, neat, non smoking, responsible, and independent person(s).",,Brooklyn,true
20322447,"Be Our Guest! Live, Love Bed-Stuy",1216584980,verified,Jaran,Brooklyn,Bedford-Stuyvesant,40.68387,-73.94162,United States,US,false,strict,Entire home/apt,2005,404.0,81.0,3,44,2019-07-06,4.14,5,3,252,Available Upon Arrival,,Brooklyn,true
20322999,"Williamsburg Loft - Spacious, Sky-High Ceilings",32108646910,verified,Jay,Brooklyn,Williamsburg,40.71095,-73.95171,United States,US,false,moderate,Private room,2005,946.0,189.0,60,0,,,5,2,157,Have fun and be respectful of  others Pets are allowed after discussion as long as they are well trained and picked up after.,,Brooklyn,true
20323552,"Brooklyn /Private Bedroom & bathroom,  3 Guests",23714118150,unconfirmed,Candia,Brooklyn,Crown Heights,40.66678,-73.96148,United States,US,false,flexible,Private room,2019,421.0,84.0,3,19,2019-07-05,4.96,4,2,41,"No smoking, no pets. Use of kitchen is limited to breakfast with a continental breakfast provided and use of coffee maker, toaster and hot water.. We cannot allow cooking.  You may store drinks and snacks in the refrigerator.",,Brooklyn,true
20324104,Entire apartment in the heart of west village,885280047,unconfirmed,Josue,Manhattan,West Village,40.73397,-74.00168,United States,US,true,strict,Entire home/apt,2005,599.0,120.0,2,0,,,5,1,0,"No smoking or drug use.  No parties.  No guests other than those specified in your booking. No moving of furniture without asking Turn lights off when not in use No food in rooms, food can be stored in kitchen area Front door stays unlocked until 9pm, after ring doorbell or call host ((PHONE NUMBER HIDDEN) or (PHONE NUMBER HIDDEN)) Kitchen is not for use Check-out time no later than 11am Host's food is off limits only what is serve and put out for breakfast!",,Manhattan,true
20324656,Luxury apartment in New York City,85362825657,verified,Shumin,Queens,Long Island City,40.75118,-73.93646,United States,US,false,flexible,Private room,2017,453.0,91.0,1,0,,,3,1,0,"No smoking or drug use.  No parties.  No guests other than those specified in your booking. No moving of furniture without asking Turn lights off when not in use No food in rooms, food can be stored in kitchen area Front door stays unlocked until 9pm, after ring doorbell or call host ((PHONE NUMBER HIDDEN) or (PHONE NUMBER HIDDEN)) Kitchen not for use Check-out time no later than 11am Host's food is off limits only what is serve and put out for breakfast!",,Queens,true
20325208,9mins to LGA; 28mins to JFK (4),3663901230,verified,Omar,Queens,Woodside,40.75391,-73.90256,United States,US,false,moderate,Private room,2012,83.0,17.0,2,23,2019-06-10,2.15,5,5,156,"No smoking or drug use.  No parties.  No drinking of alcohol in room""p No guests other than those specified in your booking. No moving of furniture without asking Turn lights off when not in use No food in rooms, food can be stored in kitchen area Kitchen not in use Check-out time no later than 11am Host's food is off limits only what is serve and put out for breakfast!",,Queens,true
20325761,Beautiful shared place in Manhattan,74206827069,verified,Abraham,Manhattan,East Harlem,40.79884,-73.9424,United States,US,false,moderate,Shared room,2021,708.0,142.0,2,25,2019-05-09,2.31,5,9,12,,,Manhattan,true
20326313,Spacious room in awesome Bushwick townhouse,31263630543,unconfirmed,Sebastien,Brooklyn,Bushwick,40.69194,-73.92352,United States,US,true,moderate,Private room,2006,550.0,110.0,3,1,2018-08-29,0.1,3,1,0,,,Brooklyn,true
20326865,Luxurious Apartment in the best Location,90685746688,unconfirmed,Carlos,Manhattan,Hell's Kitchen,40.76209,-73.99875,United States,US,true,flexible,Entire home/apt,2022,1129.0,226.0,2,12,2019-06-03,1.14,3,2,2,,,Manhattan,true
20327418,Cozy shared place by Central Park Manhattan,55343836310,unconfirmed,Abraham,Manhattan,East Harlem,40.80033,-73.94201,United States,US,true,flexible,Shared room,2015,283.0,57.0,2,60,2019-06-22,5.54,2,9,109,,,Manhattan,true
20327970,The luxury East New York,30396802642,verified,Corie,Brooklyn,East New York,40.66526,-73.8937,United States,US,false,flexible,Entire home/apt,2022,356.0,71.0,2,34,2019-06-04,3.59,3,2,273,,,Brooklyn,true
20328522,Beautiful cozy apt in Manhattan,37184272193,verified,Abraham,Manhattan,East Harlem,40.80033,-73.941,United States,US,false,flexible,Shared room,2012,731.0,146.0,2,28,2019-06-10,2.58,5,9,120,Please no smoking or drugs. No parties.,,Manhattan,true
20329075,☆ Secret Hideaway - Blocks from Times Square!,81558036123,verified,Louis,Manhattan,Hell's Kitchen,40.75658,-73.99568,United States,US,false,flexible,Private room,2016,63.0,13.0,1,41,2019-06-18,3.8,5,3,64,Please be respectful and courteous of other house guests.   Please keep all common areas clean after each use i.e. kitchen and bathroom. No smoking  No pets No parties No back yard access,,Manhattan,true
20329627,Welcome to the Secret Oasis in Williamsburg,16435464870,verified,Astrid,Brooklyn,Williamsburg,40.70908,-73.95006,United States,US,true,strict,Private room,2017,409.0,82.0,1,32,2019-06-17,3.19,3,1,30,Absolutely NO smoking NOR use of drugs.  And NO shoes in the house! You will be requested to take off your shoes at the entrance.   Please Bring a positive attitude and fun spirit!,,Brooklyn,true
20330179,Spacious home in quiet Forest Hills,58492558239,verified,Sumeet,Queens,Forest Hills,40.71799,-73.85695,United States,US,true,strict,Entire home/apt,2022,1108.0,222.0,1,0,,,4,1,0,,,Queens,true
20330731,☆ Manhattan's Retreat - Blocks from Times Square!,46042736282,verified,Louis,Manhattan,Hell's Kitchen,40.75655,-73.99535,United States,US,true,strict,Private room,2020,793.0,159.0,1,44,2019-07-04,4.07,5,3,36,"We don't allow smoking, drug use, excessive parties, or loud music out of respect for our neighbors.  Please treat our home like your own! ",,Manhattan,true
20331284,☆ 2 Bedroom Apartment - Minutes from Times Square!,68697232838,unconfirmed,Louis,Manhattan,Hell's Kitchen,40.75611,-73.9937,United States,US,false,moderate,Entire home/apt,2018,771.0,154.0,1,41,2019-07-01,4.73,5,3,30,#NAME?,,Manhattan,true
20331836,Entire New York Apartment. 2 bedrooms,66117850807,verified,Ley,Manhattan,Upper East Side,40.76938,-73.95212,United States,US,true,moderate,Entire home/apt,2021,260.0,52.0,2,8,2019-06-19,1.06,5,3,62,"Quiet hours are 10 PM to 6 AM.  No smoking, even outside.  No pets.  We already have one.",,Manhattan,true
20332388,Gorgeous bright spacious loft apt in Brooklyn,40091809669,unconfirmed,Susan,Brooklyn,Bushwick,40.69815,-73.92841,United States,US,true,moderate,Entire home/apt,2017,62.0,12.0,1,2,2018-12-23,0.19,4,1,0,,,Brooklyn,true
20332941,"Modern 3Beds/2bedroom Apartment, 5min TIME SQUARE.",78498987532,verified,Ryan,Manhattan,Hell's Kitchen,40.76457,-73.98766,United States,US,true,moderate,Entire home/apt,2010,396.0,79.0,1,18,2019-06-25,1.67,5,2,55,"No smoking or drug use.  No parties.  No guests other than those specified in your booking. No moving of furniture without asking Turn lights off when not in use No food in rooms, food can be stored in kitchen area Front door stays unlocked until 9pm, after ring doorbell or call host (phone number hidden) or (phone number hidden)) Kitchen not for use Check-out time no later than 11am Host's food is off limits only what is serve and put out for breakfast!",,Manhattan,true
20333493,NYC NARNIA ROOM Walking Distance to Central Park!,89628730730,unconfirmed,Hajah,Manhattan,East Harlem,40.79709,-73.93586,United States,US,true,strict,Private room,2012,254.0,51.0,3,8,2019-04-22,0.85,2,3,95,"Please be respectful, Thank you !",,Manhattan,true
20334045,Private Bedroom in Upper East Side,176369804,unconfirmed,Samet,Manhattan,Upper East Side,40.76517,-73.95669,United States,US,false,flexible,Private room,2018,326.0,65.0,1,7,2018-12-12,0.74,5,5,0,"Please be respectful, Thank you !",,Manhattan,true
20334598,"Bedroom in Brooklyn Apt, close to Prospect Park!",13247353615,unconfirmed,Luz Carime,Brooklyn,Flatbush,40.64815,-73.96862,United States,US,true,flexible,Private room,2006,1161.0,232.0,2,3,2018-11-06,0.32,4,1,0,,,Brooklyn,true
20335150,sofa Bed And Breakfast,22421720525,verified,Peter,Queens,Maspeth,40.72514,-73.89845,United States,US,true,moderate,Shared room,2007,132.0,26.0,1,0,,,5,1,245,,,Queens,true
20335702,Bright and Spacious Apt in the Heart of Manhattan,24316667740,verified,Mk,Manhattan,Midtown,40.74264,-73.98361,United States,US,false,strict,Entire home/apt,2017,333.0,67.0,3,14,2019-06-17,1.33,3,1,3,,,Manhattan,true
20336254,Private Bedroom Free parking 10 min to Manhattan,36616343325,verified,Rojé,Queens,Long Island City,40.73674,-73.92973,United States,US,false,strict,Private room,2006,962.0,192.0,1,91,2019-06-30,8.56,3,2,0,No Smoking No Pets,,Queens,true
20336807,West Village dream location room,84062754764,unconfirmed,Catarina,Manhattan,West Village,40.73202,-74.00348,United States,US,true,flexible,Private room,2014,740.0,148.0,2,2,2019-06-30,0.21,5,3,56,,,Manhattan,true
20337359,Spacious Room in the heart of Manhattan,32741381728,unconfirmed,Mariluz,Manhattan,Midtown,40.74863,-73.98291,United States,US,false,moderate,Private room,2012,632.0,126.0,1,59,2019-06-21,6.04,4,3,0,,,Manhattan,true
20337911,Brooklyn Bedroom for two friends sharing!!,74955228356,verified,Eibhlin,Brooklyn,Bedford-Stuyvesant,40.68925,-73.92805,United States,US,false,moderate,Private room,2018,279.0,56.0,30,3,2019-05-16,0.36,2,5,216,"respecfull, consideret.and loving",,Brooklyn,true
20338464,Comfortable Place with Dimple,29854052016,verified,Harriet,Bronx,Baychester,40.8773,-73.84329,United States,US,true,flexible,Private room,2004,288.0,58.0,3,12,2019-06-14,1.2,3,2,356,,,Bronx,true
20339016,"Spacious, Quiet Apt- Heart of West Village",64354356081,unconfirmed,Teen,Manhattan,West Village,40.73223,-74.00499,United States,US,false,flexible,Entire home/apt,2017,330.0,66.0,2,9,2019-04-28,0.87,2,1,41,,,Manhattan,true
20339568,LARGE Private Room next to the Empire State,69920462398,verified,Mariluz,Manhattan,Midtown,40.74906,-73.98454,United States,US,true,moderate,Private room,2004,513.0,103.0,1,70,2019-06-16,7.24,3,3,0,,,Manhattan,true
20340121,Cozy corner near Empire State Building,40725508872,verified,Mariluz,Manhattan,Midtown,40.74858,-73.98341,United States,US,true,moderate,Shared room,2010,152.0,30.0,1,112,2019-06-13,10.77,5,3,0,I would appreciate quest to show respect to the house,,Manhattan,true
20340673,Luxurious Apartment!! Located on 5th Avenue!,78730595133,unconfirmed,Samuel,Manhattan,Midtown,40.74616,-73.98641,United States,US,true,strict,Entire home/apt,2012,645.0,129.0,1,1,2019-04-02,0.31,4,1,270,"- - NO PETS!  NO SMOKING ON PREMISES!  NO PARTY! No ""DRUGS""! - Keep the Place Clean at All Times! - Do Not Ask the ""Neighbors"" for anything.  Ask Me!-  - No Neighbors Interaction! - No ""Drugs"" Please!!! - No Noise! A printed house rule will be provided. Please be respectful to others when all rooms are booked.  10 AM Check-out and Check-in is between 12 PM (noon) - 3 PM.   Late check in after 8 pm is $50, lock out is $50. Respect yourself, Respect others, clean up after yourself.  No Smoking/drinking in apt.  Thank You! Location Rules: The ""Exact Address Location Is Not Stockton St.  It Is 2 Streets Away.  It Is Not Disclosed For Security Reasons"" And Is Given Out 24 Hours Prior to Check-in.  If This Is a Problem for You, Please STOP Here And Contact Other Hosts for Your Stay.   This Is a Part Of My House Rules.",,Manhattan,true
20341225,"Bright, airy west village retreat!Great location!",50358760342,unconfirmed,Amit,Manhattan,West Village,40.73384,-74.00011,United States,US,false,strict,Entire home/apt,2019,466.0,93.0,3,7,2019-01-01,0.7,2,1,0,"Nothing out of the ordinary...the basic considerations...being reasonably neat and tidy.   Please leave shoes in the entranceway.   NO SMOKING in apartment or deck. Kitchen is available for breakfast only;   I stock the breakfast essentials...coffee, tea, milk, cream, juice, cereal, bread, jelly, and often other items as well.  You may use the fridge for beverages and light snacks all day, but no cooking, frying baking of any meal, and no dinner in the house.   You may store items in the fridge. I'm insensitive to noise, so there is no need to tip-toe.  Plus we are 2 floors apart, you likely won't be hearing me either. I do request that guest be tidy and clean, i.e. dishes not left overnight, etc.  I do have a housekeeper a couple of times a month to handle the big stuff.",,Manhattan,true
20341777,Christina’s home,89461531863,verified,Christina,Bronx,Bronxdale,40.8546,-73.86785,United States,US,true,moderate,Private room,2003,124.0,25.0,1,24,2019-06-27,2.24,4,1,163,"For non-smokers only, quiet, respectful, persons.",,Bronx,true
20342330,"Clean Cozy Room, Queens-5 min walk to subway (R/M)",86549670696,verified,Bei,Queens,Rego Park,40.72678,-73.86218,United States,US,true,moderate,Private room,2018,268.0,54.0,2,25,2019-06-22,2.37,5,3,38,,,Queens,true
20342882,*NYC Central Park* Entire Floor with Great Privacy,15675388930,unconfirmed,Yu,Manhattan,Upper West Side,40.79689,-73.96289,United States,US,false,strict,Entire home/apt,2008,392.0,78.0,3,32,2019-06-22,3.07,3,1,96,The Perfect home stay for clean and responsible person. Home is keep neat and clean at all times. Guest wipe up after themselves after using the kitchen. There is no smoking in home and no pets allowed in home. No overnight guest to keep the stay peaceful and quiet.,,Manhattan,true
20343434,Hell’s Kitchen Apartment,41672437747,unconfirmed,Bryan,Manhattan,Hell's Kitchen,40.76315,-73.99235,United States,US,true,flexible,Entire home/apt,2010,397.0,79.0,1,29,2019-04-01,2.79,2,1,0,"No drinking, no smoking, no parties, no pets, no drugs, no girlfriends or boyfriends moving in. Looking for a quiet, studious, clean person who is looking for a comfortable and affordable place to stay during the school year.  House is open to both sexes. No children please.",,Manhattan,true
20343987,Perfect location two bedroom beautifully furnished,32502622332,verified,Brik,Manhattan,SoHo,40.72725,-74.00128,United States,US,false,flexible,Entire home/apt,2019,1172.0,234.0,2,38,2019-07-01,4.49,2,1,267,,,Manhattan,true
20344539,Cosy Manor on Menahan,2825302502,unconfirmed,Salar,Brooklyn,Bushwick,40.69546,-73.91477,United States,US,false,flexible,Private room,2020,624.0,125.0,7,0,,,3,1,40,"Check-in is 2:00 pm, and checkout 11:00 am. You may bring bags in before check in time or leave it to pick up later. Let me know to arrange it. After reservation please send me your arrival and departure time for logistics Help yourself coffee or tea anytime NO shoes to the second floor  Keep the volume low before 8am and after 10pm Close the doors gently No shower after  11:30pm No laundry after  before 9am and after 8pm Keep the kitchen in a decent condition after your use Close the shower curtain well, no hair in the tub, no water around the sink on the sink there is a sponge you can use it to dry Turn off the light when you leave the room Trash out from the room  BLUE BOX recycling  Please respect this rules. Full refunded of security deposit in this case",,Brooklyn,true
20345091,Perfect NYC Hell’s Kitchen Duplex Apartment!,60984463763,verified,Ashley,Manhattan,Hell's Kitchen,40.76398,-73.99087,United States,US,false,flexible,Entire home/apt,2014,1136.0,227.0,2,1,2019-04-21,0.38,3,1,9,"- I like to keep a quiet house. Please keep all noise low, especially in the morning and late at night. - Please take your shoes off before entering the apartment. - Always bolt the apartment door when entering or exiting. - If I am away when you check out, please put the keys in the lockbox and remember to set the code to 0000. - I don't charge for cleaning or extra people. Kindly return the favor by keeping the place clean. - No smoking indoors. - You may make use of food and beverages only if they are explicitly shared. If you have any questions, please ask.",,Manhattan,true
20345644,Huge Industrial Chic Williamsburg 1 Bdrm w/rooftop,39311001873,verified,Rachel,Brooklyn,Williamsburg,40.72018,-73.9573,United States,US,false,flexible,Entire home/apt,2018,640.0,128.0,1,20,2019-06-09,1.89,5,1,44,I except guest to be respectful of my home and follow my house rules.,,Brooklyn,true
20346196,Entire Garden apartment in Brownstone,66900355678,unconfirmed,Evelyn,Brooklyn,Carroll Gardens,40.67982,-74.00038,United States,US,true,strict,Entire home/apt,2008,995.0,199.0,2,25,2019-06-19,2.42,3,1,17,,,Brooklyn,true
20346748,Midtown Studio,12127798047,verified,Laura,Manhattan,Midtown,40.74752,-73.98679,United States,US,false,strict,Entire home/apt,2022,625.0,125.0,3,28,2019-07-01,2.71,2,1,333,No smoking No Loud Music No Bad Word,,Manhattan,true
20347300,Apartment for transient guest!,70782070307,verified,Linda,Manhattan,Harlem,40.81942,-73.94068,United States,US,true,flexible,Private room,2009,731.0,146.0,1,14,2019-06-22,1.34,3,2,128,,,Manhattan,true
20347853,★☆Sunnyside☆-Locals' favorite neighbor for living-,150519910,verified,Haruhisa,Queens,Sunnyside,40.73998,-73.92619,United States,US,false,flexible,Private room,2006,995.0,199.0,29,1,2018-10-11,0.11,3,5,0,"NO PETS.  NO SMOKING.  NO PARTIES.  No recreational drugs.  No open flames.  No excess noise after 10:00 pm.  Avoid disturbing neighbors.   NO PETS.  If a pet is found on the premise, a pet surcharge of $300 will be applied. You will be asked to leave immediately and will forfeit your security deposit if an animal is on the property without permission of owner. NO SMOKING PLEASE.  A $500 cleaning fee will be deducted from your deposit if smoking occurs in the unit. This is a NO PARTY house. Parties, loud get-togethers, or gatherings are not allowed because of neighbor issues, and possible damage to property. If a party, loud gathering, or loud disturbance does occur, or if neighbors or other guests call for a loud disturbance, you will forfeit your security deposit and will be evicted immediately. Please Note:  Guests must provide their own toiletries/cleaning supplies/paper products.  We will have a starter kit of toiletries and cleaning supplies at the house, but you will need to rep",,Queens,true
20348405,Unique Apartment in Park Slope,37212511536,verified,Boer,Brooklyn,Park Slope,40.6779,-73.97991,United States,US,true,strict,Private room,2009,803.0,161.0,1,1,2018-09-09,0.1,5,1,276,Please be respectful of the neighbors after 9 pm. Treat the home as you would your own.,,Brooklyn,true
20348957,"Private Room Midtown Park Avenue, Steal!",64363941672,unconfirmed,Isabel,Manhattan,Midtown,40.74631,-73.98502,United States,US,false,flexible,Private room,2016,443.0,89.0,1,53,2019-06-24,7.61,4,2,5,"Check-in is 2:00 pm, and checkout 11:00 am. You may bring bags in before check in time or leave it to pick up later. Let me know to arrange it. After reservation please send me your arrival and departure time for logistics Help yourself coffee or tea anytime NO shoes to the second floor  Keep the volume low before 8am and after 10pm Close the doors gently No shower after  11:30pm No laundry after  before 9am and after 8pm Keep the kitchen in a decent condition after your use Close the shower curtain well, no hair in the tub, no water around the sink on the sink there is a sponge you can use it to dry Turn off the light when you leave the room Trash out from the room  BLUE BOX recycling  Please respect this rules. Full refunded of security despoit in this case",,Manhattan,true
20349510,"Private house in Queens, 10 minutes from JFK.",24293396260,unconfirmed,Angie,Queens,Jamaica,40.68479,-73.77606,United States,US,true,strict,Entire home/apt,2004,512.0,102.0,1,2,2018-10-28,0.22,2,1,0,There are no towels included,,Queens,true
20350062,"Queens Apt (bedroom w balcony), close to subway",5638228560,verified,Rafa' S,Queens,Elmhurst,40.73603,-73.87845,United States,US,false,strict,Private room,2007,907.0,181.0,2,25,2019-07-07,2.31,3,2,177,"Check-in is 2:00 pm, and checkout 11:00 am. You may bring bags in before check in time or leave it to pick up later. Let me know to arrange it. After reservation please send me your arrival and departure time for logistics Help yourself coffee or tea anytime NO shoes to the second floor  Keep the volume low before 8am and after 10pm Close the doors gently No shower after  11:30pm No laundry after  before 9am and after 8pm Keep the kitchen in a decent condition after your use Close the shower curtain well, no hair in the tub, no water around the sink on the sink there is a sponge you can use it to dry Turn off the light when you leave the room Trash out from the room  BLUE BOX recycling  Please respect this rules. Full refunded of security deposit in this case",,Queens,true
20350614,Sonder | 116 John | Sun-Filled 2BR + Gym,52111041287,unconfirmed,Sonder,Manhattan,Financial District,40.70628,-74.00654,United States,US,false,moderate,Entire home/apt,2008,1114.0,223.0,29,0,,,3,96,304,"I'm pretty easy going, but I expect my guests to be considerate of, me, my space, and my neighbors.  This is a non smoking/ drug free space.  No excessive noise. please keep place clean. clean any dishes you might use.  I prefer that my guests not bring any extra guests that are not on the reservation into the house unless otherwise discussed with me before hand.  Thank you. My dog Wonder is very friendly and gets along well with people and other animals.  Unfortunately though, I can not accommodate other pets at the moment.",,Manhattan,true
20351167,Best of both world  city and safety easy to get,36597165587,verified,Nathan,Bronx,Parkchester,40.83581,-73.85864,United States,US,false,flexible,Private room,2004,1014.0,203.0,2,3,2018-12-02,0.29,2,2,0,"NO PETS!  NO SMOKING ON PREMISES! NO PARTY! A printed house rule will be provided. Please be respectful to others when all rooms are booked. 10 AM Check-out and Check-in is between 12 PM (noon) - 3 PM.   Late check in after 8 pm is $50, lock out is $50. Respect yourself, Respect others, clean up after yourself.  No Smoking/drinking in apt.  Thank You! Location Rules: The ""Exact Address Location Is Not Disclosed For Security Reasons"" And Is Given Out 24 Hours Prior to Check-in.  If This Is a Problem for You, Please STOP Here And Contact Other Hosts for Your Stay.   This Is a Part Of My House Rules.",,Bronx,true
20351719,"SPACIOUS & CHARMING w/garden 4BR 
walk 2 train",42892230272,unconfirmed,Elaine,Brooklyn,Bedford-Stuyvesant,40.69138,-73.93217,United States,US,false,strict,Entire home/apt,2003,147.0,29.0,1,5,2019-01-01,0.49,5,2,5,,,Brooklyn,true
20352271,Private room in trendy Williamsburg,51386896065,verified,Kandi,Brooklyn,Williamsburg,40.7098,-73.9418,United States,US,false,moderate,Private room,2004,1151.0,230.0,2,6,2019-01-02,0.66,5,3,173,,,Brooklyn,true
20352823,Williamsburg nest with private bathroom,74307187066,unconfirmed,Kandi,Brooklyn,Williamsburg,40.70755,-73.94377,United States,US,false,strict,Private room,2012,495.0,99.0,2,22,2019-06-29,2.25,5,3,173,"- - NO PETS!  NO SMOKING ON PREMISES! NO PARTY! A printed house rule will be provided. Please be respectful to others when all rooms are booked. 10 AM Check-out and Check-in is between 12 PM (noon) - 3 PM.   Late check in after 8 pm is $50, lock out is $50. Respect yourself, Respect others, clean up after yourself.  No Smoking/drinking in apt.  Thank You!  Location Rules: The ""Exact Address Location Is Not Disclosed For Security Reasons"" And Is Given Out 24 Hours Prior to Check-in.  If This Is a Problem for You, Please STOP Here And Contact Other Hosts for Your Stay.   This Is a Part Of My House Rules.",,Brooklyn,true
20353376,Lovely place for traveler,12759207323,unconfirmed,Anchor,Brooklyn,Bedford-Stuyvesant,40.69089,-73.93912,United States,US,false,flexible,Shared room,2011,703.0,141.0,1,33,2019-06-23,3.08,5,17,85,,,Brooklyn,true
20353928,Sonder | Madison Ave | Airy 1BR + Gym,33133139138,verified,Sonder,Manhattan,Midtown,40.7469,-73.98438,United States,US,false,moderate,Entire home/apt,2022,85.0,17.0,29,0,,,5,96,305,,,Manhattan,true
20354480,Room 4 -Sunny Cozy Room in Historic Victorian Home,34670412313,unconfirmed,Elizabeth,Brooklyn,Flatbush,40.64408,-73.96979,United States,US,false,moderate,Private room,2017,1196.0,239.0,2,28,2019-06-23,2.64,4,6,68,"Nothing out of the ordinary...the basic considerations...being reasonably neat and tidy.   Please leave shoes in the entranceway.   NO SMOKING in apartment or deck. Kitchen is available for breakfast only;   I stock the breakfast essentials...coffee, tea, milk, cream, juice, cereal, bread, jelly, and often other items as well.  You may use the fridge for beverages and light snacks all day, but no cooking, frying baking of any meal, and no dinner in the house.   You may store items in the fridge. I'm insensitive to noise, so there is no need to tip-toe.  Plus we are 2 floors apart, you likely won't be hearing me either. I do request that guest be tidy and clean, i.e. dishes not left overnight, etc.  I do have a housekeeper a couple of times a month to handle the big stuff.",,Brooklyn,true
20355033,Large Williamsburg room with private deck,31679309514,unconfirmed,Kandi,Brooklyn,Williamsburg,40.70936,-73.9437,United States,US,false,flexible,Private room,2004,1170.0,234.0,2,16,2019-02-24,1.55,3,3,215,"•Parties or Gatherings are not permitted. •Please be courteous to the neighbors and keep noise levels low, especially between the hours of 10pm-10am. •Absolutely no smoking in the apartment. Smoking only on the back porch •Overnight guests are not permitted unless included on the initial reservation. •Please help us conserve energy by turning off lights, small appliances, lamps, etc. when not being used.  •Please store recyclables separately. •Pets are not permitted at any time. •If you need flexibility around the specified check in or check out times, let us know in advance.",,Brooklyn,true
20355585,Artistic Loft w Fireplace & Manhattan Skyline,49767751906,verified,Sruthi,Brooklyn,Columbia St,40.68388,-74.00484,United States,US,false,flexible,Entire home/apt,2003,1107.0,221.0,2,11,2019-07-02,1.24,4,2,120,,,Brooklyn,true
20356137,"Beautiful, New Williamsburg apartment.",59354246910,unconfirmed,Matthew,Brooklyn,Williamsburg,40.71652,-73.94809,United States,US,true,flexible,Private room,2018,545.0,109.0,1,16,2019-06-09,1.55,5,1,85,NO SMOKING ON PREMISES! NO PARTY! A printed house rule will be provided. Please be respectful to others when both rooms are booked. Non-registered guest may not stay overnight  11AM check-out (FIRM) and check-in time is between 3-9PM. No check-in later than 9PM.,,Brooklyn,true
20356690,Sonder | Madison Ave | Relaxed 1BR + Gym,25235811711,unconfirmed,Sonder,Manhattan,Midtown,40.74681,-73.98488,United States,US,false,moderate,Entire home/apt,2019,669.0,134.0,29,0,,,2,96,327,,,Manhattan,true
20357242,Sonder | Madison Ave | Restful 1BR + Gym,33273643946,unconfirmed,Sonder,Manhattan,Midtown,40.74576,-73.98339,United States,US,true,strict,Entire home/apt,2022,339.0,68.0,29,0,,,2,96,326,"•Smoking is allowed outside the house.  •Sorry, not pets - my Boston Terrier prefers 2 legged visitors.  •Please take shoes off in the living room. •Do not flush anything down toilet except toilet paper •Please maintain a reasonable volume •Please respect the property •Do not purchase anything on cable Check out is at 11am on the last day of your reservation unless discussed during the booking process.  Thank you!",,Manhattan,true
20357794,Bushwick Art collective bedroom A,34624290123,verified,Adam,Brooklyn,Bushwick,40.70563,-73.91853,United States,US,false,moderate,Private room,2018,341.0,68.0,2,6,2019-05-31,0.58,2,3,89,"Check-in is 2:00 pm, and checkout 11:00 am. You may bring bags in before check in time or leave it to pick up later. Let me know to arrange it. After reservation please send me your arrival and departure time for logistics Help yourself coffee or tea anytime NO shoes to the second floor  Keep the volume low before 8am and after 10pm Close the doors gently No shower after  11:30pm No laundry after  before 9am and after 8pm Keep the kitchen in a decent condition after your use Close the shower curtain well, no hair in the tub, no water around the sink on the sink there is a sponge you can use it to dry Turn off the light when you leave the room Trash out from the room  BLUE BOX recycling  Please respect this rules. Full refunded of security deposit in this case",,Brooklyn,true
20358346,Bushwick Art collective bedroom B,50855420993,verified,Adam,Brooklyn,Bushwick,40.7052,-73.91888,United States,US,false,flexible,Private room,2015,1095.0,219.0,2,14,2019-07-01,1.32,2,3,87,No smoking in the house. No pets.,,Brooklyn,true
20358899,Bright Studio near park,68916307505,verified,Azia,Brooklyn,Flatbush,40.65258,-73.96343,United States,US,true,moderate,Entire home/apt,2011,408.0,82.0,3,11,2019-06-05,1.23,2,1,165,"Check-in is 2:00 pm, and checkout 11:00 am. You may bring bags in before check in time or leave it to pick up later. Let me know to arrange it. After reservation please send me your arrival and departure time for logistics Help yourself coffee or tea anytime NO shoes to the second floor  Keep the volume low before 8am and after 10pm Close the doors gently No shower after  11:30pm No laundry after  before 9am and after 8pm Keep the kitchen in a decent condition after your use Close the shower curtain well, no hair in the tub, no water around the sink on the sink there is a sponge you can use it to dry Turn off the light when you leave the room Trash out from the room  BLUE BOX recycling  Please respect this rules. Full refunded of security deposit in this case   .",,Brooklyn,true
20359451,Good vibes a block from the J,93047175291,unconfirmed,Layla,Brooklyn,Bedford-Stuyvesant,40.69331,-73.93031,United States,US,false,flexible,Private room,2004,306.0,61.0,1,1,2018-12-03,0.14,3,2,0,Please respect our home .,,Brooklyn,true
20360003,Spacious Harlem Home,56321235999,verified,Gordon,Manhattan,Harlem,40.80597,-73.95348,United States,US,true,strict,Entire home/apt,2013,694.0,139.0,3,2,2018-12-31,0.24,4,1,16,"- - NO PETS!  NO SMOKING ON PREMISES!  NO PARTY! No ""DRUGS""! - Keep the Place Clean at All Times! - Do Not Ask the ""Neighbors"" for anything.  Ask Me!-  - No Neighbors Interaction! - No ""Drugs"" Please!!! - No Noise! A printed house rule will be provided. Please be respectful to others when all rooms are booked.  10 AM Check-out and Check-in is between 12 PM (noon) - 3 PM.   Late check in after 8 pm is $50, lock out is $50. Respect yourself, Respect others, clean up after yourself.  No Smoking/drinking in apt.  Thank You! Location Rules: The ""Exact Address Location Is Not Stockton St.  It Is 2 Streets Away.  It Is Not Disclosed For Security Reasons"" And Is Given Out 24 Hours Prior to Check-in.  If This Is a Problem for You, Please STOP Here And Contact Other Hosts for Your Stay.   This Is a Part Of My House Rules.",,Manhattan,true
20360556,Adorable Boho Room in Great Location,30905517111,unconfirmed,Eleanor,Brooklyn,Williamsburg,40.71315,-73.94993,United States,US,false,flexible,Private room,2011,257.0,51.0,3,12,2019-07-01,1.34,2,1,0,,,Brooklyn,true
20361108,Beautiful cozy apt by Central Park,38736079204,unconfirmed,Abraham,Manhattan,East Harlem,40.79832,-73.94214,United States,US,false,moderate,Shared room,2016,485.0,97.0,2,35,2019-05-28,3.23,4,9,9,"- - NO PETS!  NO SMOKING ON PREMISES!  NO PARTY! No ""DRUGS""! - Keep the Place Clean at All Times! - Do Not Ask the ""Neighbors"" for anything.  Ask Me!-  - No Neighbors Interaction! - No ""Drugs"" Please!!! - No Noise! A printed house rule will be provided. Please be respectful to others when all rooms are booked.  10 AM Check-out and Check-in is between 12PM (noon) - 3 PM.   Late check in after 8 pm is $50, lock out is $50. Respect yourself, Respect others, clean up after yourself.  No Smoking/drinking in apt.  Thank You! Location Rules: The ""Exact Address Location Is Not Stockton St.  It Is 2 Streets Away.  It Is Not Disclosed For Security Reasons"" And Is Given Out 24 Hours Prior to Check-in.  If This Is a Problem for You, Please STOP Here And Contact Other Hosts for Your Stay.   This Is a Part Of My House Rules.",,Manhattan,true
20361660,Clean cozy overnight bed in Manhattan,75311493516,unconfirmed,Abraham,Manhattan,East Harlem,40.79873,-73.94052,United States,US,true,flexible,Shared room,2003,192.0,38.0,2,51,2019-06-09,4.71,2,9,5,"We have a no shoes policy in the house, please leave your shoes in the entryway when you enter. We will be sharing the bathroom with you and typically use the bathroom from 7 to 7.30 AM. Please come talk to us so that we can assure no-one is waiting.",,Manhattan,true
20362213,Overnight place in East Side Manhattan,58298666408,verified,Abraham,Manhattan,East Harlem,40.799,-73.94107,United States,US,true,flexible,Shared room,2005,1006.0,201.0,2,23,2019-06-30,2.12,2,9,10,NO SMOKING ON PREMISES! NO PARTY! A printed house rule will be provided. Please be respectful to others when both rooms are booked.  Non-registered guest may not stay overnight.  11AM check-out (firm) and check-in time is between 3-9PM. No check-in later than 9PM.,,Manhattan,true
20362765,Beautiful overnight bed by Central park,5349497594,verified,Abraham,Manhattan,East Harlem,40.79861,-73.94116,United States,US,true,flexible,Shared room,2011,1160.0,232.0,2,62,2019-06-30,5.81,4,9,3,,,Manhattan,true
20363317,Home Away from Home: Crystalline dreams,45011936001,unconfirmed,J-,Brooklyn,Bushwick,40.70397,-73.91801,United States,US,true,moderate,Private room,2006,1179.0,236.0,3,8,2019-02-16,0.76,4,4,104,,,Brooklyn,true
20363869,Upper East Side 2 Room Studio Retreat,76001069822,unconfirmed,Nicholas,Manhattan,Upper East Side,40.76856,-73.95367,United States,US,true,strict,Entire home/apt,2018,82.0,16.0,10,3,2018-09-16,0.29,4,1,17,"NO PETS!  NO SMOKING ON PREMISES!  NO PARTY! A printed house rule will be provided. Please be respectful to others when all rooms are booked. 10 AM Check-out and Check-in is between 12 PM (noon) - 3 PM.   Late check in after 8 pm is $50, lock out is $50. Respect yourself, Respect others, clean up after yourself.  No Smoking/drinking in apt.  Thank You Location Rules: The ""Exact Address Location Is Not Disclosed For Security Reasons"" And Is Given Out 24 Hours Prior to Check-in.  If This Is a Problem for You, Please STOP Here And Contact Other Hosts for Your Stay.   This Is a Part Of My House Rules.",,Manhattan,true
20364422,Center of West Village: Unique 1 Bedroom,14682259389,unconfirmed,Lo,Manhattan,West Village,40.73271,-74.00207,United States,US,true,flexible,Entire home/apt,2012,79.0,16.0,2,10,2019-07-01,0.92,2,1,48,"Check-in is 2:00 pm, and checkout 11:00 am (the bedrooms please, you leave your bags to pick up later or bring them early). After reservation please send me your arrival and departure time for logistics Help yourself morning coffee or tea with a toast  (website hidden) shoes to the second floor  2.Keep the volume low before 8am and after 10pm 3.Close the doors gently (website hidden) shower after  11pm (website hidden) Laundry after  before 9am and after 8pm 6.Keep the kitchen and  bathroom in decent condition after you 7.Close the shower curtain well (important) (website hidden) water around the sink (under the sink there is a sponge you can use it to dry) 9.Turn off the light when you leave the room 10.Trash out from the room  BLUE BOX recycling  11.Leave the key in the room THANK YOU PS: sorry, I need to be more strict about leaving the bathroom, kitchen neat, and lights. If you leave the lights on and the bathroom is water on the floor or around the sink, the security deposit will ",,Manhattan,true
20364974,Near LGA and JFK Airport Cozy Basement Room,27696810738,verified,Jimmy,Queens,East Elmhurst,40.76019,-73.88405,United States,US,true,flexible,Private room,2022,1072.0,214.0,1,92,2019-07-01,8.87,2,4,344,"NO PETS!  NO SMOKING ON PREMISES!  NO PARTY! No ""DRUGS""! A printed house rule will be provided. Please be respectful to others when all rooms are booked. 10 AM Check-out and Check-in is between 12 PM (noon) - 3 PM.   Late check in after 8 pm is $50, lock out is $50. Respect yourself, Respect others, clean up after yourself.  No Smoking/drinking in apt.  Thank You! Location Rules: The ""Exact Address Location Is Not Stockton St.  It Is 2 Streets Away.  It Is Not Disclosed For Security Reasons"" And Is Given Out 24 Hours Prior to Check-in.  If This Is a Problem for You, Please STOP Here And Contact Other Hosts for Your Stay.   This Is a Part Of My House Rules.",,Queens,true
20365526,"Bright, Beautiful + Adorable in S. Williamsburg",81628870828,unconfirmed,Heidi,Brooklyn,Williamsburg,40.70878,-73.96061,United States,US,true,strict,Entire home/apt,2011,589.0,118.0,1,13,2018-10-01,1.22,4,2,0,The Golden Rule,,Brooklyn,true
20366079,Living Room sofa Bed in Chelsea,63234218406,verified,Luis,Manhattan,Chelsea,40.74186,-73.99769,United States,US,true,moderate,Shared room,2004,1144.0,229.0,2,22,2019-06-23,2.19,3,4,365,Please no smokers or pets. ,,Manhattan,true
20366631,Beautiful Duplex steps from Subway,38877087869,unconfirmed,Joao,Brooklyn,Bushwick,40.68164,-73.9039,United States,US,true,flexible,Entire home/apt,2017,389.0,78.0,6,0,,,2,3,156,,,Brooklyn,true
20367183,Sonder | Madison Ave | Modern 1BR + Gym,94899572175,verified,Sonder,Manhattan,Midtown,40.74705,-73.98268,United States,US,false,flexible,Entire home/apt,2007,1000.0,200.0,29,0,,,2,96,328,I'll guide you with everything upon check-in,,Manhattan,true
20367736,Relaxing Stay in Brooklyn,79390720219,unconfirmed,Ry,Brooklyn,Crown Heights,40.67268,-73.96108,United States,US,false,flexible,Entire home/apt,2019,838.0,168.0,1,9,2019-06-30,0.99,3,1,364,"Please treat our house as you would treat your own (assuming that it is good).  Please clean up after yourself.  Kindly remove your shoes by the door, slippers are welcome (if they have not been treading the outdoors).  If you use the kitchen, please wipe down the stove and counter-tops and clean the dishes in the sink to prevent critters from visiting you at night.  Laundry is available free of charge just next to the kitchen, we have a washer and dryer.  Clean bedding will be provided for you when you check in, and cleaned after you check out.   We will not be responsible for personal accidents or sickness, we would ask you to clean up after yourself.  If you plan a lengthy stay, we can wash your sheets once a week.  If you'd like additional washing, please wash your sheets along with your other laundry.  A key will be provided to you for your bedroom should you want to lock anything up.",,Brooklyn,true
20368288,"Large 1 bed, 1.5 bath on the Upper East Side",88745236558,verified,Danielle,Manhattan,Upper East Side,40.76537,-73.9638,United States,US,true,moderate,Entire home/apt,2003,568.0,114.0,3,2,2019-06-16,0.21,5,1,343,"We have ample off-street parking but if you have a car let us know and we will be in touch with you about parking. Please be careful not to drive or walk in the driveway for 233 Savin Hill Avenue. Check in time is 2 PM, check out time is 10 AM.  Guests who arrive early can drop off their luggage after 10 AM. We are unable to accommodate arrivals earlier than 10 AM.  Guests who need to stay after the check out time are welcome to use the common area on the first floor for luggage storage. NO SMOKING in the house or anywhere on the property. No Pets.",,Manhattan,true
20368840,Sonder | Madison Ave | Lively 1BR + Gym,23161290505,verified,Sonder,Manhattan,Midtown,40.74658,-73.98298,United States,US,false,strict,Entire home/apt,2015,775.0,155.0,29,0,,,4,96,325,"We have ample off-street parking but if you have a car let us know and we will be in touch with you about parking. Please be careful not to drive or walk in the driveway for 233 Savin Hill Avenue. Check in time is 2 PM, check out time is 10 AM.  Guests who arrive early can drop off their luggage after 10 AM. We are unable to accommodate arrivals earlier than 10 AM.  Guests who need to stay after the check out time are welcome to use the common area on the first floor for luggage storage. NO SMOKING in the house or anywhere on the property. No Pets.",,Manhattan,true
20369392,Large sunny pvt room 10 mins from Times sq. 63F3,30141909228,unconfirmed,John,Manhattan,Hell's Kitchen,40.75393,-73.99633,United States,US,false,flexible,Private room,2010,357.0,71.0,1,2,2018-11-02,0.23,3,47,361,Our home is a smoke-free environment.  We expect everyone to act as responsible adults and respect our home.,,Manhattan,true
20369945,Brooklyn Flavor,3444787526,verified,Bev,Brooklyn,Bedford-Stuyvesant,40.68529,-73.92936,United States,US,true,flexible,Private room,2007,741.0,148.0,3,22,2019-07-03,3.13,4,3,94,"No smoking, please No pets",,Brooklyn,true
20370497,Lovely 1BR in Sutton Place by Sonder,71983028797,verified,Sonder,Manhattan,Midtown,40.75452,-73.96256,United States,US,true,flexible,Entire home/apt,2016,679.0,136.0,29,0,,,2,96,206,This is a shared space so guests should be respectful of the space and other persons.,,Manhattan,true
20371049,Fort Greene Parlor,60594010888,verified,Maeve,Brooklyn,Fort Greene,40.68634,-73.97091,United States,US,false,flexible,Entire home/apt,2004,407.0,81.0,2,4,2019-04-18,0.39,3,2,12,Clean up after your mess please.,,Brooklyn,true
20371602,Salt Shack - A Houseboat in the Rockaways!,26322577918,verified,Justin,Queens,Arverne,40.59391,-73.78824,United States,US,true,strict,Entire home/apt,2003,1141.0,228.0,2,22,2019-07-01,2.04,2,1,118,No Smoking and No Pets,,Queens,true
20372154,Private room in East Harlem,39881982493,verified,Richie,Manhattan,East Harlem,40.79409,-73.94007,United States,US,false,flexible,Private room,2009,990.0,198.0,2,2,2019-06-10,0.24,2,2,67,"NO SMOKING, please stop smoking a block away so as not to bring smoke-filled lungs into the house, I'm highly sensitive, and it makes me feel sick. Please clean after yourself on an on-going basis, especially in the common areas. We recycle paper, glass, metal in a separate bin, and throw food, plastic bags, and wrappers into the normal trash, can you participate? This 100 year old building has character in the details, but might appear less clean. The wood work was painted white before I moved in. I consistently use bleach between guests, but the grooves have ""greyed"" overtime, and I haven't repainted yet. I hope you won't be that picky ;-) My end-of-stay cleaning fee is to cover my time and expenses washing, drying, changing the sheets and sanitizing the room in between guests. I don't do any daily cleaning (of your room, the bathroom or the kitchen).  I only clean in-between guests or when needed - I noticed I am not a clean freak, I go after the obvious (bread crumbs and slime) - s",,Manhattan,true
20372706,Beautiful 1 Bedroom apartment,81514472355,unconfirmed,Cheryl,Brooklyn,Crown Heights,40.67082,-73.92175,United States,US,false,flexible,Entire home/apt,2017,1105.0,221.0,2,64,2019-06-26,6.0,3,1,209,I like my guests to enjoy my home as much as I do. So please feel to treat it like your home as long as you are respectful and clean up after yourself. No smoking or pets please.,,Brooklyn,true
20373259,"New York, Jackson heights",46551322242,verified,Freddy,Queens,Jackson Heights,40.75395,-73.87396,United States,US,true,strict,Private room,2008,201.0,40.0,1,5,2019-01-02,0.47,2,1,180,,,Queens,true
20373811,A beautiful home for vacation,6388892110,verified,Catherine,Bronx,Throgs Neck,40.83148,-73.82931,United States,US,true,strict,Private room,2004,229.0,46.0,1,23,2019-06-21,2.18,4,5,365,"- No Pets! - No Party! - No Smoking! - Keep the Place Clean at All Times! - Do Not Ask the ""Neighbors"" for anything.  Ask Me!-  - No Neighbors Interaction! - No ""Drugs"" Please!!!No Noise!",,Bronx,true
20374363,Luxurious 2 Bedroom Midtown East,94671183360,verified,Corporate Housing,Manhattan,Midtown,40.75734,-73.96727,United States,US,true,strict,Entire home/apt,2004,846.0,169.0,30,1,2019-05-04,0.45,2,91,311,#NAME?,,Manhattan,true
20374915,Sunny Third-Floor Fort Greene Apartment,29104127676,verified,Moira,Brooklyn,Fort Greene,40.68912,-73.97514,United States,US,true,flexible,Entire home/apt,2003,932.0,186.0,2,2,2018-12-18,0.19,5,1,0,"No smoking, no pets, no parties",,Brooklyn,true
20375468,New York Home,8619760998,unconfirmed,Elena,Manhattan,Washington Heights,40.83341,-73.94154,United States,US,true,flexible,Entire home/apt,2005,453.0,91.0,3,6,2019-06-19,0.95,4,6,46,,,Manhattan,true
20376020,Cozy Room East Williamsburg (15 Min to Manhattan),94227336289,verified,Holden,Brooklyn,Bushwick,40.70767,-73.92307,United States,US,false,moderate,Private room,2012,111.0,22.0,7,28,2019-06-25,2.78,2,3,28,• Check-in time is 3PM. Clean up after yourself. No smoking indoors. No parties.,,Brooklyn,true
20376572,"Visit New York,The Local Brooklyn Way  SuperHost",70255726896,unconfirmed,Paul,Queens,Ridgewood,40.70186,-73.90467,United States,US,true,strict,Private room,2005,60.0,12.0,1,48,2019-06-22,4.5,3,1,171,"Please, no smoking inside the building or on the porches.  Due to sensitivities, we ask that you not use perfume, cologne, or aerosol products in the house. No parties. No illegal drug use.  We are an eco-friendly family and appreciate your help in recycling (bin in the kitchen) and turning off lights, fans, heating/AC, etc. when not in use.  Please lock all doors of the building behind you.  Common areas will be cleaned daily and your help in keeping them tidy is appreciated. (But please feel free to let us do your dishes!)",,Queens,true
20377125,Underhill Penthouse,15293596806,verified,Zak,Brooklyn,Prospect Heights,40.67313,-73.96536,United States,US,false,strict,Private room,2021,1057.0,211.0,1,8,2019-07-07,0.75,2,1,129,"Pet Friendly! Smoking outdoors only. In general, we just want you to relax, enjoy yourselves and take advantage of our close proximity to all things Boston. If you follow the simple rule of ""leave things how you found them"" all will be well - common sense stuff.",,Brooklyn,true
20377677,Williamsburg duplex apartment with backyard,41415392592,verified,Onyuka,Brooklyn,Williamsburg,40.71475,-73.94913,United States,US,true,moderate,Private room,2012,904.0,181.0,1,5,2019-05-06,0.59,5,1,55,"Respect our neighbors. Do not park in their driveway spots.    Take good care of our space.  No parties, please.  The neighborhood is safe but as a general precaution since we do live in a city, keep all windows and doors locked when you are outside of the house.",,Brooklyn,true
20378229,Morningside Heights Cozy & Clean Modern Apt.,20091049290,verified,Krystalee,Manhattan,Harlem,40.80624,-73.95622,United States,US,true,moderate,Private room,2017,500.0,100.0,1,1,2018-08-31,0.1,3,1,0,"Respect yourself, respect others, clean up after yourself, no smoking in house, no partying.  late check in after 9p.m. and before 9 a.m is $50, lock out is $50 thank you ",,Manhattan,true
20378782,Queens Apartment,84392886434,unconfirmed,Mofizur,Queens,Woodside,40.74822,-73.90591,United States,US,false,flexible,Entire home/apt,2013,259.0,52.0,1,33,2019-07-07,3.2,3,1,95,"Please be respectful, this really is our home and sanctuary. Our goal is that for a time, it can be yours as well.",,Queens,true
20379334,A Nice Room For Unique people,49234547556,unconfirmed,Catherine,Bronx,Throgs Neck,40.82952,-73.82818,United States,US,true,strict,Private room,2013,921.0,184.0,1,31,2019-06-09,3.01,4,5,365,"Pet Friendly! Smoking outdoors only. In general, we just want you to relax, enjoy yourselves and take advantage of our close proximity to all things Boston.  If you follow the simple rule of ""leave things how you found them"" all will be well - common sense stuff.",,Bronx,true
20379886,2 Bedroom with backyard and best location,11750337247,verified,Liat,Brooklyn,Cobble Hill,40.68574,-73.99958,United States,US,true,strict,Entire home/apt,2020,106.0,21.0,3,31,2019-06-22,2.98,2,1,101,"NO PETS!  NO SMOKING ON PREMISES! NO PARTY! A printed house rule will be provided. Please be respectful to others when all rooms are booked. 10 AM Check-out and Check-in is between 12 PM (noon) - 3 PM.   Late check in after 8 pm is $50, lock out is $50. Respect yourself, Respect others, clean up after yourself.  No Smoking/drinking in apt.  Thank You! Location Rules: The ""Exact Address Location Is Not Disclosed For Security Reasons"" And Is Given Out 24 Hours Prior to Check-in.  If This Is a Problem for You, Please STOP Here And Contact Other Hosts for Your Stay.   This Is a Part Of My House Rules.",,Brooklyn,true
20380438,Huge outdoor w/ amazing view right from your room,16012487036,verified,Yeon,Manhattan,West Village,40.73213,-74.00865,United States,US,false,strict,Private room,2003,639.0,128.0,3,35,2019-06-07,3.3,2,1,112,,,Manhattan,true
20380991,"Dream private loft in Williamsburg, Brooklyn",7890725904,unconfirmed,Lucy,Brooklyn,Williamsburg,40.71493,-73.96089,United States,US,true,flexible,Private room,2018,876.0,175.0,2,2,2018-09-25,0.19,4,1,0,"不抽烟,不带宠物,不能带其他人入屋",,Brooklyn,true
20381543,private room in a shared apartment,27113703924,unconfirmed,Öykü,Manhattan,Harlem,40.80913,-73.94614,United States,US,false,moderate,Private room,2013,268.0,54.0,14,5,2019-01-25,0.47,5,1,0,"Our family will be present in the same house, though we expect you to have fun please be respectful of our family and house. We prefer non-smokers, but if you should smoke please refrain from smoking on the property. No pets allowed.",,Manhattan,true
20382095,Coziest room off the j,34067158534,unconfirmed,Tyrany,Brooklyn,Bedford-Stuyvesant,40.6898,-73.92588,United States,US,true,moderate,Private room,2011,471.0,94.0,1,27,2019-01-26,2.52,4,2,0,"This is a non-smoking residence.  There is light housekeeping (biweekly washing of linens, removal of kitchen trash) but guests are expected to clean up after themselves and keep the area tidy, including removing hair from bathtub and sink and washing dishes right away.  Remove shoes in the apartment. Slippers are OK. Turn off lights when exiting a room or hallway. Guests are not permitted without prior authorization. Overnight guests are not allowed.  Be courteous to others in the household.  Additional rules will be in the house manual, available upon arrival.",,Brooklyn,true
20382648,Private Room in Renovated Bushwick Apt w/ Wash/Dry,1454440112,unconfirmed,Luigi,Brooklyn,Bushwick,40.70117,-73.91481,United States,US,true,moderate,Private room,2018,1139.0,228.0,3,9,2019-06-19,0.87,4,1,10,,,Brooklyn,true
20383200,Bright 1BR in Sutton Place by Sonder,72235878844,verified,Sonder,Manhattan,Midtown,40.75498,-73.96426,United States,US,true,strict,Entire home/apt,2010,1154.0,231.0,29,0,,,4,96,203,,,Manhattan,true
20383752,Bright Williamsburg room with huge private terrace,29626370251,unconfirmed,Ben,Brooklyn,Williamsburg,40.71247,-73.94548,United States,US,false,flexible,Private room,2003,986.0,197.0,1,2,2018-09-05,0.18,5,1,0,#NAME?,,Brooklyn,true
20384305,Modern 1BR in Sutton Place by Sonder,73506066726,unconfirmed,Sonder,Manhattan,Midtown,40.75497,-73.96289,United States,US,true,flexible,Entire home/apt,2014,384.0,77.0,29,0,,,3,96,243,"This is a non-smoking residence.  There is light housekeeping (biweekly washing of linens, removal of kitchen trash) but guests are expected to clean up after themselves and keep the area tidy, including removing hair from bathtub and sink and washing dishes right away.  Remove shoes in the apartment. Slippers are OK. Turn off lights when exiting a room or hallway. Guests are not permitted without prior authorization. Overnight guests are not allowed.  Be courteous to others in the household.  Additional rules will be in the house manual, available upon arrival.",,Manhattan,true
20384857,Charming 3bed/2ba Downtown/LES,55829170118,unconfirmed,Anastasia,Manhattan,Lower East Side,40.71815,-73.98213,United States,US,true,moderate,Private room,2006,832.0,166.0,3,6,2019-03-31,0.87,5,1,67,"- We have a lovable and very social black lab puppy (8 months old). She is still learning her manners, so she may be overly friendly (jumping up, following you around, etc.). She is generally well behaved and crated during the weekdays, as well as sleeping hours.  - There are two porches for your enjoyment. The back porch has a space for relaxing and a propane fueled grill.",,Manhattan,true
20385409,Sonder | 180 Water | Pristine Studio + Rooftop,92986618130,unconfirmed,Sonder,Manhattan,Financial District,40.70788,-74.00459,United States,US,false,strict,Entire home/apt,2009,448.0,90.0,29,0,,,3,96,267,I trust that you will be respectful to my home.  Please do not rearrange furniture.  ABSOLUTELY NO SMOKING INSIDE.   NO HOUSE PARTIES! You will be escorted off the property and asked to leave WITHOUT REFUND!  Take your shoes off and ENJOY BOSTON!   (suggestion: Recommend you go grocery shopping before you check in because the small nearby grocery store has a limited selection. The big grocery store is a 10 minute drive.),,Manhattan,true
20385961,Private 1BR with Private Bathroom feet from subway,80710465900,verified,Tunde,Manhattan,Harlem,40.83005,-73.93992,United States,US,false,moderate,Entire home/apt,2016,668.0,134.0,1,29,2019-06-30,3.02,4,1,103,"House Rules for Guests: Since the house is old (1898) the guest rooms have no locks on the doors. The bathrooms have locks on the doors.  Guests are expected to knock on closed doors and to leave the bath doors open when exiting. All rooms have air conditioners, fans and heaters - but we do ask guests to keep them off when not in the room. No food is allowed in the guest rooms.  Food is to be consumed in the kitchen, dining room - or outside porch as weather permits. A guest refrigerator and microwave are available for use in the basement. Please hang towels up in your room - please do not leave wet towels on the furniture. No pets allowed. Outdoor smoking only.",,Manhattan,true
20386514,Huge Room for Nightly Stays Downtown or Monthly,44994616102,verified,Abbey,Manhattan,Tribeca,40.7181,-74.00999,United States,US,true,flexible,Private room,2003,1021.0,204.0,5,3,2019-05-21,0.3,3,1,95,No pets No alcohol,,Manhattan,true
20387066,Creative Bushwick - Cozy Private Room,70513199275,verified,Dr. Jihene,Brooklyn,Bushwick,40.6888,-73.92015,United States,US,false,flexible,Private room,2013,1125.0,225.0,1,18,2019-06-23,3.6,3,1,93,"We have ample off-street parking but if you have a car let us know and we will be in touch with you about parking. Please be careful not to drive or walk in the driveway for 233 Savin Hill Avenue. Check in time is 2 PM, check out time is 10 AM.  Guests who arrive early can drop off their luggage after 10 AM. We are unable to accommodate arrivals earlier than 10 AM.  Guests who need to stay after the check out time are welcome to use the common area on the first floor for luggage storage. NO SMOKING in the house or anywhere on the property. No Pets.",,Brooklyn,true
20387618,Sonder | 116 John | Cozy 2BR+ Gym,1165490779,unconfirmed,Sonder,Manhattan,Financial District,40.70797,-74.0055,United States,US,false,moderate,Entire home/apt,2008,203.0,41.0,29,1,2019-03-16,0.26,2,96,311,,,Manhattan,true
20388171,Pet-friendly 1bd in the Heart of East Village,80095623911,unconfirmed,Joe,Manhattan,East Village,40.72772,-73.98046,United States,US,false,flexible,Entire home/apt,2007,120.0,24.0,3,25,2019-06-09,2.4,4,1,1,"Respect yourself, Respect others. Clean up after yourself , no smoking in the house, no partying.  Late check in after 9 pm and before 9 am is $50, lock out is $50 thank you ",,Manhattan,true
20388723,art-filled spacious room in artist's cozy home.,43234503261,verified,Dio,Brooklyn,Bushwick,40.69355,-73.92684,United States,US,true,flexible,Private room,2005,929.0,186.0,2,39,2019-06-25,3.75,4,2,158,The house is kept very clean host does all cleaning making of beds and daily cleaning of home. Absolutely no additional company with out first checking in,,Brooklyn,true
20389275,Private Bedroom in MANHATTAN (Free Wifi),52617110324,verified,Sarah,Manhattan,Harlem,40.8228,-73.94442,United States,US,false,moderate,Private room,2013,390.0,78.0,5,2,2019-05-23,0.32,4,1,66,"Respect yourself, respect other, clean up after yourself. Late check in after 9 p.m. and before 9 A.m. is $50, lock out is $50. No smoking, drinking in the house . Thank you ",,Manhattan,true
20389828,"Cute, Cozy Private One-Bed in Crown Heights",2495344768,unconfirmed,Aaron,Brooklyn,Crown Heights,40.67182,-73.94446,United States,US,false,strict,Entire home/apt,2011,504.0,101.0,3,5,2019-05-20,0.52,4,1,0,,,Brooklyn,true
20390380,Sunny Room in modern building in Bushwick,71889739752,verified,Raisa,Brooklyn,Bushwick,40.69961,-73.93138,United States,US,true,moderate,Private room,2009,895.0,179.0,3,4,2018-09-21,0.39,5,2,0,"- no loud music or electronics after 10 pm - must wash all used dishes, clear perishable food, and tie up garbage bags (in preparation for disposal) before checking out",,Brooklyn,true
20390932,Private Room in great location Bushwick!,78081481037,unconfirmed,Raisa,Brooklyn,Bushwick,40.69994,-73.93299,United States,US,true,moderate,Private room,2016,705.0,141.0,2,0,,,4,2,0,No company  Be respectful Animals must be locked up Smoke friendly,,Brooklyn,true
20391484,The Buchanan’s,36986761998,unconfirmed,Violet,Queens,St. Albans,40.70046,-73.74834,United States,US,false,flexible,Entire home/apt,2008,329.0,66.0,2,17,2019-07-01,1.69,4,1,352,"We don't wear shoes in the home. Guests should be respectful with noise levels when coming, going, watching TV or listening to music. We have neighbors in the building and don't want to disturb anyone. Guests should pick up after themselves, especially in kitchen & bathroom. Guests staying a week or longer may be expected to help with basic chores (taking out trash, etc). Please keep your bath towel & clothing in your bedroom after use & clean hair from the shower drain. If you forget toiletries, please ask before you use ours, and we will do our best to help. You are welcome to use our washer & dryer. Please let use show you how to use them before you do your first load of laundry. Please do not use air conditioners or space heaters in the room without permission. We provide a fan & extra blankets when needed. Please do not light candles or incense, or spray artificial air fresheners in our home. We have natural sprays and diffusers that you may use. Please close & lock windows when n",,Queens,true
20392037,2 bedroom apartment in Astoria,15830647877,verified,Maiko,Queens,Astoria,40.76942,-73.92772,United States,US,true,strict,Entire home/apt,2009,665.0,133.0,2,3,2019-01-04,0.47,4,2,0,"Enjoy yourself as if this were your home.  All we ask is that you are mindful of other guests and tenants when entering and exiting the home.   No smoking on the property, both inside and outside. No candles. No pets.",,Queens,true
20392589,"One bedroom apartment Woodhaven, Queens NY.",33984147701,verified,Jason C,Queens,Woodhaven,40.6959,-73.84868,United States,US,true,moderate,Entire home/apt,2010,1037.0,207.0,7,3,2019-06-18,1.0,4,1,2,,,Queens,true
20393141,Large bedroom ensuite,48039848434,verified,Samantha,Brooklyn,East New York,40.67154,-73.87913,United States,US,false,flexible,Private room,2017,1007.0,201.0,3,2,2018-10-07,0.19,5,1,179,"If you are new to Airbnb, the idea is that I’m not renting a room, but rather sharing my home. I live and work here, and enjoy meeting new people. It's like having old friends visit, not like a hotel. You are welcome to make yourself at home in the common living areas and to use the kitchen, but please leave everything as clean and put away as you have found it. As we will be sharing a bathroom, I appreciate your tidying up and keeping personal items in your room. The cat is not allowed outdoors – he can be sneaky so please don’t leave doors open and keep an eye out for him. You are welcome to the kitchen (and common areas), thank you for cleaning your dishes after using them.   I am environmentally friendly and appreciate you being mindful as well.  Thank you for being considerate and for treating the home as you would yours.  Please turn off lights, fans (and AC or heaters when available) when not in the bedroom.  Always lock doors and first floor windows when outside of the home.  P",,Brooklyn,true
20393694,Bright Brooklyn Studio,75703679025,unconfirmed,Caroline,Brooklyn,Bedford-Stuyvesant,40.68056,-73.95372,United States,US,false,strict,Entire home/apt,2004,907.0,181.0,3,5,2019-06-10,0.66,2,1,4,,,Brooklyn,true
20394246,Art Gallery apartment in a Queens’ Victorian house,11689016852,verified,Andrzej,Queens,Woodhaven,40.69508,-73.86032,United States,US,false,strict,Entire home/apt,2019,1177.0,235.0,3,24,2019-07-07,2.55,3,1,308,Take shoes off when you come in,,Queens,true
20394798,Williamsburg Duplex with outdoor deck,44170979210,verified,Jason,Brooklyn,Williamsburg,40.71399,-73.9454,United States,US,false,flexible,Entire home/apt,2019,165.0,33.0,6,1,2019-01-01,0.16,5,1,71,This is a quiet home. No parties. No pets. No smoking.,,Brooklyn,true
20395351,"Charming, Sunny West Village 1BR - Prime Location!",66371830385,unconfirmed,Jenna,Manhattan,West Village,40.73641,-73.99929,United States,US,false,strict,Entire home/apt,2010,177.0,35.0,2,3,2019-04-23,0.34,3,1,0,"NO PETS!  NO SMOKING ON PREMISES! NO PARTY! A printed house rule will be provided. Please be respectful to others when all rooms are booked. 10 AM Check-out and Check-in is between 12 PM (noon) - 3 PM.   Late check in after 8 pm is $50, lock out is $50. Respect yourself, Respect others, clean up after yourself.  No Smoking/drinking in apt.  Thank You! Location Rules: The ""Exact Address Location Is Not Given.  It Is Not Disclosed For Security Reasons"" And Is Given Out 24 Hours Prior to Check-in.  If This Is a Problem for You, Please STOP Here And Contact Other Hosts for Your Stay.   This Is a Part Of My House Rules.",,Manhattan,true
20395903,~Flatiron 2 Bedroom~Amazing Location~Sleeps 6~,55606318815,verified,Ryan,Manhattan,Midtown,40.74478,-73.98442,United States,US,false,strict,Entire home/apt,2009,184.0,37.0,4,32,2019-06-21,3.04,5,1,255,"No smoking, drinking. Respect yourself , respect other, clean up after yourself. Late check in after 9 pm and before 9 a.m. is $50, lock out is $50.  Thank you ",,Manhattan,true
20396455,Superior Studio with Balcony,27487234852,verified,Bassam,Brooklyn,Bay Ridge,40.63334,-74.01784,United States,US,false,moderate,Private room,2005,1048.0,210.0,1,40,2019-07-04,3.79,2,2,169,"NO PETS!  NO SMOKING ON PREMISES!  NO PARTY! NO ""DRUGS"" - Keep the Place Clean at All Times! - Do Not Ask the ""Neighbors"" for anything.  Ask Me!  - No Neighbors Interaction! - No ""Drugs""!  - No Noise! A printed house rule will be provided. Please be respectful to others when all rooms are booked. 10 AM Check-out and Check-in is between 12 PM (noon) - 3 PM.   Late check in after 8 pm is $50, lock out is $50. Respect yourself, Respect others, clean up after yourself.  No Smoking/drinking in apt.  Thank You! Location Rules: The ""Exact Address Location Is Not Stockton St.  It Is 2 Streets Away.  It Is Not Disclosed For Security Reasons"" And Is Given Out 24 Hours Prior to Check-in.  If This Is a Problem for You, Please STOP Here And Contact Other Hosts for Your Stay.   This Is a Part Of My House Rules.",,Brooklyn,true
20397007,Room in heart of Williamsburg on Bedford Ave.,92138238409,verified,Colin,Brooklyn,Williamsburg,40.71289,-73.9637,United States,US,false,moderate,Private room,2019,1187.0,237.0,1,0,,,3,1,0,,,Brooklyn,true
20397560,luz lunar bibis,93151875101,unconfirmed,Gabriel,Bronx,Norwood,40.87633,-73.88328,United States,US,true,strict,Private room,2008,1066.0,213.0,1,18,2019-07-01,1.93,5,1,153,"No smoking or drinking in the apt. Lock out will be $50. late check in after 9 pm and before 9 a.m. is $50. Respect yourself, respect other, clean up after yourself. Thank you",,Bronx,true
20398112,Your Private Safe-Clean Haven w/Private Bath,19284990846,unconfirmed,Haidy,Bronx,Pelham Bay,40.84633,-73.83029,United States,US,false,flexible,Private room,2003,659.0,132.0,2,28,2019-06-25,2.69,2,1,78,,,Bronx,true
20398664,Big Bed Paradise,34778008448,verified,Amarjit S,Staten Island,Arrochar,40.59623,-74.0839,United States,US,true,flexible,Private room,2005,894.0,179.0,4,8,2019-06-08,0.85,2,8,290,,,Staten Island,true
20399217,Lush mid-century haven in Greenpoint,7390337335,verified,Laine,Brooklyn,Greenpoint,40.73347,-73.95164,United States,US,false,strict,Private room,2017,975.0,195.0,3,2,2018-11-24,0.2,4,1,0,"NO SMOKING, please stop smoking a block away so as not to bring smoke-filled lungs into the house, I'm highly sensitive, and it makes me feel sick. Please clean after yourself on an on-going basis, especially in the common areas. We recycle paper, glass, metal in a separate bin, and throw food, plastic bags, and wrappers into the normal trash, can you participate? This 100 year old building has character in the details, but might appear less clean. The wood work was painted white before I moved in. I consistently use bleach between guests, but the grooves have ""greyed"" overtime, and I haven't repainted yet. I hope you won't be that picky ;-) My end-of-stay cleaning fee is to cover my time and expenses washing, drying, changing the sheets and sanitizing the room in between guests. I don't do any daily cleaning (of your room, the bathroom or the kitchen).  I only clean in-between guests or when needed - I noticed I am not a clean freak, I go after the obvious (bread crumbs and slime) - s",,Brooklyn,true
20399769,A Cozy Place to Stay in Woodside Queens!,23369680305,unconfirmed,Kazuya,Queens,Maspeth,40.73786,-73.90616,United States,US,false,flexible,Private room,2005,198.0,40.0,30,1,2019-05-31,0.77,5,103,235,Please make sure the front house doors are locked when leaving. Please return keys to lock box upon check-out. Please limit use of the 2nd floor resident's bathroom to nighttime breaks only. The back areas of house are being renovated and are off-limits.,,Queens,true
20400321,NYC Chelsea Luxury Modern Studio,77904843908,unconfirmed,Alice,Manhattan,Chelsea,40.73918,-73.99753,United States,US,false,moderate,Entire home/apt,2005,232.0,46.0,6,5,2018-12-31,0.56,5,1,0,Friendly pets allowed. Please don't let the cat out. Smoking allowed on balcony.,,Manhattan,true
20400874,Sonder | 116 John | Pleasant 1BR + Gym,36812305335,verified,Sonder,Manhattan,Financial District,40.70776,-74.00477,United States,US,true,flexible,Entire home/apt,2020,75.0,15.0,29,0,,,2,96,313,No Smoking & No Pets,,Manhattan,true
20401426,Spacious Bright Private Bedroom In Williamsburg!!!,72628765617,unconfirmed,Ali,Brooklyn,Williamsburg,40.71407,-73.93856,United States,US,false,moderate,Private room,2012,478.0,96.0,5,3,2018-10-07,0.31,4,1,0,"This is a fragrance free property.  I have fragrance free shampoo, conditioner, body wash and soap available.  If you could refrain from wearing perfume or cologne and using strong smelling shampoo and soap I would really appreciate it.  Natural products made with essential oils and herbs are fine.  For example, Aubrey Organics, Desert Essence and Avalon Organics are made with ingredients such as lavender, rose and coconut which are all fine. The room is on the third floor. There is no curfew.  I will give you a key and you can come and go as you please. I have an active life so sometimes I am not home but I do my best to be available by phone or text to assist you with your needs.  If you need something you can always call me, whether it is early in the morning or late at night.   You can keep things in the fridge and use the kitchen. You can use the washing machine and the dryer. This is a non-smoking household.  This includes the porch and the outdoor areas around the house.  Sorry,",,Brooklyn,true
20401978,Private Room in the heart of Williamsburg,52505518905,unconfirmed,Karim,Brooklyn,Williamsburg,40.71893,-73.95866,United States,US,true,flexible,Private room,2016,723.0,145.0,1,47,2019-07-06,4.35,2,1,28,No Smoking in the building and common courtesy and respect. Roomate who rents with me needs use of the batroom around 7:15 am to  get ready for work. Enjoy your time here in Boston!,,Brooklyn,true
20402530,"Beautiful, sunny, private apartment",83720815583,verified,Martha,Brooklyn,Sunset Park,40.64704,-74.00819,United States,US,false,flexible,Entire home/apt,2019,503.0,101.0,4,23,2019-06-11,2.61,4,1,31,#NAME?,,Brooklyn,true
20403083,"large, stylish, airy East Village loft apartment!",75967811118,verified,Yemisi,Manhattan,East Village,40.72307,-73.98369,United States,US,true,moderate,Entire home/apt,2020,430.0,86.0,3,7,2019-05-05,0.69,2,1,0,#NAME?,,Manhattan,true
20403635,"Studio near times grand central, Times Square, UN",1074774907,unconfirmed,Viswanadha,Manhattan,Midtown,40.75216,-73.97172,United States,US,true,strict,Entire home/apt,2019,1155.0,231.0,1,2,2018-09-23,0.2,3,1,0,"Contact us for reservations. Check in is 3pm, check out at 11am, though other arrangements can be made.",,Manhattan,true
20404187,Spacious Lower East Side Room,82946675224,verified,Christian,Manhattan,Lower East Side,40.72093,-73.98596,United States,US,true,flexible,Private room,2018,765.0,153.0,3,17,2019-01-28,1.65,5,1,188,"•Smoking is allowed outside the house.  •Sorry, no pets  •Please take shoes off in the living room. •Do not flush anything down toilet except toilet paper •Please maintain a reasonable volume •Please respect the property •Do not purchase anything on cable",,Manhattan,true
20404740,New York Apartment,98342871281,unconfirmed,Karen,Manhattan,Civic Center,40.7131,-74.00527,United States,US,false,moderate,Entire home/apt,2005,1109.0,222.0,15,0,,,3,1,0,"NO SMOKING, please stop smoking a block away so as not to bring smoke-filled lungs into the house, I'm highly sensitive, and it makes me feel sick. Please clean after yourself on an on-going basis, especially in the common areas. We recycle paper, glass, metal in a separate bin, and throw food, plastic bags, and wrappers into the normal trash, can you participate? This 100 year old building has character in the details, but might appear less clean. The wood work was painted white before I moved in. I consistently use bleach between guests, but the grooves have ""greyed"" overtime, and I haven't repainted yet. I hope you won't be that picky ;-) My end-of-stay cleaning fee is to cover my time and expenses washing, drying, changing the sheets and sanitizing the room in between guests. I don't do any daily cleaning (of your room, the bathroom or the kitchen).  I only clean in-between guests or when needed - I noticed I am not a clean freak, I go after the obvious (bread crumbs and slime) - s",,Manhattan,true
20405292,Affordable bedroom in Brooklyn townhouse.,78907850230,verified,Julie,Brooklyn,East Flatbush,40.6504,-73.95011,United States,US,true,moderate,Private room,2005,984.0,197.0,3,2,2019-02-18,0.19,3,2,0,,,Brooklyn,true
20405844,"""In the Clouds"" Brooklyn Heights Studio",7007990163,verified,Jenna,Brooklyn,Brooklyn Heights,40.69503,-73.99475,United States,US,false,moderate,Entire home/apt,2012,306.0,61.0,8,1,2018-09-27,0.1,3,1,207,No Smoking and No Pets,,Brooklyn,true
20406397,beautiful modern 1 bed room apt,7095669452,unconfirmed,Alex,Manhattan,Chelsea,40.74813,-74.00478,United States,US,true,flexible,Private room,2005,970.0,194.0,2,4,2019-05-28,0.45,2,1,0,,,Manhattan,true
20406949,Spacious Room in Midtown East Apartment,38882689051,unconfirmed,Buke,Manhattan,Midtown,40.76043,-73.97075,United States,US,false,moderate,Private room,2019,901.0,180.0,3,3,2018-10-14,0.31,2,2,127,"I have neighbors and work in the morning, so I ask that you be courteous with noise levels at night and in the morning. Please clean up after yourself if you make a mess or cook. Please be dog friendly. I have an adorable and quiet Boston Terrier, he is kennel and house trained and walked throughout the day, but he is home during the day.",,Manhattan,true
20407501,Bright and Cozy Room in Williamsburg,65367725490,verified,Pauline,Brooklyn,Williamsburg,40.7073,-73.96607,United States,US,false,strict,Private room,2010,566.0,113.0,4,17,2019-04-07,1.59,4,2,131,"No smoking  and  Please respect each others space . When leaving out your space please dress respectful to other guess  though out the house . ( example , if you are in the house please wear a Robe of some sort .",,Brooklyn,true
20408053,"Clean, Cozy Home in Perfect Park Slope Location",52339470834,unconfirmed,Young Jean,Brooklyn,Park Slope,40.68178,-73.97957,United States,US,true,strict,Entire home/apt,2013,678.0,136.0,120,0,,,5,1,0,"All guests are expected to be respectful and mindful of shared spaces, including bathroom, kitchen, and TV room. This includes cleaning up after you and your group in all shared areas. Absolutely no smoking. Guests arriving or returning after 10:00pm must maintain a courteous volume in consideration of other guests. Pets are welcome! If you have a pet and use the backyard, please clean up after your pet.",,Brooklyn,true
20408606,South Williamsburg Condo - Rooftop & Balcony,653456847,unconfirmed,Julie,Brooklyn,Williamsburg,40.71113,-73.96181,United States,US,false,moderate,Entire home/apt,2007,62.0,12.0,3,1,2018-09-30,0.11,3,1,9,"All I ask is that you are respectful of my home and things, as well as my neighbors, who are excellent! Oh, and no indoor smoking, please :)",,Brooklyn,true
20409158,Spacious Private Room near Train and Prospect Park,6628038945,unconfirmed,Aaron,Brooklyn,Prospect-Lefferts Gardens,40.65815,-73.95546,United States,US,false,flexible,Private room,2015,452.0,90.0,31,3,2019-06-01,0.45,4,2,84,"No pets, no smoking or partying.  No rental to guests under 25.",,Brooklyn,true
20409710,Sunny Apt in Brooklyn Close to Prospect Park,50600643853,unconfirmed,Sophia,Brooklyn,Kensington,40.63472,-73.97268,United States,US,true,moderate,Private room,2021,804.0,161.0,3,2,2019-01-01,0.19,3,1,281,"All guests are expected to be respectful and mindful of shared spaces, including bathroom, kitchen, and TV room. This includes cleaning up after you and your group in all shared areas. Absolutely no smoking. Guests arriving or returning after 9:00pm must maintain a courteous volume in consideration of other guests. Pets are welcome! If you have a pet and use the backyard, please clean up after your pet.",,Brooklyn,true
20410263,Park Slope Perfect 2 BR,63607701014,verified,Dani,Brooklyn,South Slope,40.66875,-73.98779,United States,US,true,strict,Entire home/apt,2006,1066.0,213.0,31,1,2019-05-24,0.64,4,2,281,• Check-in time is 4PM. Occassional Get-togethers are ok but no wild parties please. No drinking or drugs.,,Brooklyn,true
20410815,room in a soho loft,39036460965,unconfirmed,Swetha,Manhattan,SoHo,40.72099,-73.99921,United States,US,false,strict,Private room,2010,914.0,183.0,3,8,2019-04-29,0.81,2,2,361,"Check-in is 2:00 pm, and checkout 11:00 am. You may bring bags in before check in time or leave it to pick up later. Let me know to arrange it. After reservation please send me your arrival and departure time for logistics Help yourself coffee or tea anytime NO shoes to the second floor  Keep the volume low before 8am and after 10pm Close the doors gently No shower after  11:30pm No laundry after  before 9am and after 8pm Keep the kitchen in a decent condition after your use Close the shower curtain well, no hair in the tub, no water around the sink on the sink there is a sponge you can use it to dry Turn off the light when you leave the room Trash out from the room  BLUE BOX recycling  Please respect this rules. Full refunded of security despoit in this case",,Manhattan,true
6026161,Upper East Side 2 bedroom- close to Hospitals-,65193709566,verified,Juliana,Manhattan,Upper East Side,40.76222,-73.9603,United States,US,false,moderate,Entire home/apt,2008,105.0,21.0,30,2,2019-06-08,0.21,3,34,157,,,Manhattan,true
6026714,Close to East Side Hospitals- Modern 2 Bedroom Apt,31072202372,verified,Juliana,Manhattan,Upper East Side,40.76249,-73.96217,United States,US,false,moderate,Entire home/apt,2008,285.0,57.0,30,6,2019-01-31,0.14,3,34,67,"The quieter the better, but otherwise make yourself at home!! Be as messy as you want - I have the place professionally cleaned when you leave, so towels, sheets, etc can all be left as-is, its no bother to me!",,Manhattan,true
6027266,ACADIA Spacious 2 Bedroom Apt - Close to Hospitals,95854111798,verified,Juliana,Manhattan,Upper East Side,40.76021,-73.96157,United States,US,false,moderate,Entire home/apt,2014,586.0,117.0,30,10,2018-11-18,0.22,5,34,211,No Smoking No Pets,,Manhattan,true
6027818,*ENCHANTMENT* Upper East Side 2 bedroom- Sunny!,73401481508,unconfirmed,Juliana,Manhattan,Upper East Side,40.76244,-73.96031,United States,US,true,moderate,Entire home/apt,2006,539.0,108.0,30,9,2018-09-30,0.2,5,34,411,Please treat it as it were your own home and be respectful of the neighbors!,,Manhattan,true
6028371,*JAMES* Amazing Spacious 2 Bedroom- Bright!,37678424985,verified,Juliana,Manhattan,Upper East Side,40.76035,-73.96133,United States,US,false,flexible,Entire home/apt,2021,806.0,161.0,30,8,2019-06-11,0.27,4,34,411,"Be courteous and respectful to people in the house. We like to keep it clean and tidy, so your help in keeping your areas clean is much appreciated.",,Manhattan,true
6028923,Large Private Upper West Side Room,48515749618,verified,Maxwell,Manhattan,Upper West Side,40.78567,-73.97665,United States,US,false,flexible,Private room,2020,479.0,96.0,1,7,2015-09-26,0.14,3,1,215,,,Manhattan,true
6029475,*ODYSSEY* Sunny 1 Bedroom Apt- Bright & Cheery!,50618412686,unconfirmed,Juliana,Manhattan,Upper West Side,40.78181,-73.98466,United States,US,true,strict,Entire home/apt,2017,424.0,85.0,30,10,2019-04-01,0.26,3,34,129," The property may be used only as a residence, not for any other purposes, commercial or otherwise (including filming).  You may not have packages sent to you during your stay.  Beacon Hill is a very quiet neighborhood, please keep the noise to a minimum and avoid playing loud music or making loud noises. If any noise complaints are received, I will assess a $100 fee from the deposit for each complaint.  If inviting anybody over, please keep daytime occupancy to five people maximum. NO unregistered overnight guests are allowed.  If you rearrange the furniture, please return everything to its original state before leaving.  If bringing pets, please ensure that they are potty trained.  Any pet stains left in the space will result in an additional $200 cleaning fee will be assessed from the deposit.  No smoking. If any smoking occurs in the space, I will assess a $300 fee from the deposit.  No illegal downloading. Do not use the internet to access, stream, or otherwise download any illega",,Manhattan,true
6030028,*WINDSONG* Serene 1 BR in Townhouse near Park,60449613505,unconfirmed,Juliana,Manhattan,Upper West Side,40.78289,-73.98477,United States,US,true,strict,Entire home/apt,2020,967.0,193.0,30,17,2019-06-17,0.38,4,34,164,No Smoking No Pets,,Manhattan,true
6030580,"2BR Cozy, Large & Central Apartment",45918690207,unconfirmed,Philippe,Manhattan,Midtown,40.74462,-73.98272,United States,US,true,strict,Entire home/apt,2022,419.0,84.0,2,0,,,3,1,351,,,Manhattan,true
6031132,Nice room in a super nice apartment,14162979052,unconfirmed,Terry,Brooklyn,Williamsburg,40.71591,-73.9417,United States,US,false,strict,Private room,2008,878.0,176.0,7,2,2015-08-16,0.04,3,1,367,"Please remove your shoes as you enter the apartment. Please respect my neighbors and honor my home – no parties, no ""guests"", no drugs, no orgies, no pets, no beer pong, no dinosaurs.",,Brooklyn,true
6031684,Nice 1 BR Apartment at Central Park,17703723142,verified,Drew,Manhattan,East Harlem,40.7984,-73.94777,United States,US,true,flexible,Entire home/apt,2007,577.0,115.0,4,4,2015-09-08,0.08,5,1,198,"This is a ""no smoking"" building. Xfinity (Comcast wirelss service) is available direct from service provider: (URL HIDDEN) $2.95 hourly pass* $7.95 daily pass $19.95 weekly pass $54.95 monthly pass",,Manhattan,true
6032237,Spacious one bedroom with en-suite,47582779362,verified,Rawan,Brooklyn,Clinton Hill,40.69489,-73.96496,United States,US,true,flexible,Private room,2003,927.0,185.0,7,12,2017-06-25,0.25,3,1,37,No Smoking.  No pets except by special arrangement.   Please keep reasonably quiet when in the apartment/building--this is a quiet and densely populated neighborhood. Please DO NOT leave trash on the street.  Separate recycling. Contact me if trash needs to be removed during your stay.,,Brooklyn,true
6032789,Beautiful Large Private 1 Bd w/ Mediation Space,4126615799,unconfirmed,Neelam,Brooklyn,Flatbush,40.63488,-73.96546,United States,US,true,flexible,Entire home/apt,2003,1007.0,201.0,3,0,,,2,1,306,"NO PETS, NO SMOKING permitted! ",,Brooklyn,true
6033341,Bed-stuy belle,9271077128,unconfirmed,Gaby,Brooklyn,Bedford-Stuyvesant,40.6936,-73.94653,United States,US,false,strict,Private room,2003,561.0,112.0,1,1,2015-07-11,0.02,3,1,130,I would rather than you not have lots of people over (and honestly the space isn't set up for/big enough for that anyway) and ask that you respect that space :),,Brooklyn,true
6033894,Private bedroom w/ roofdeck NO CLEANING FEE,49077627127,unconfirmed,Ryan,Manhattan,East Village,40.72297,-73.97973,United States,US,false,flexible,Private room,2019,1033.0,207.0,3,12,2019-04-29,0.26,5,4,103,Check In time :    3 pm Check out time : 12 pm quiet enjoyment No pets Nonsmoking No more than 4 people staying at the apartment unless disclosed and approved Extra person charge $75 per night Please be neat treat it like you would your home,,Manhattan,true
6034446,Book Now & Save: Spend July in New York City!,3016524636,unconfirmed,Lou,Queens,Astoria,40.76583,-73.91086,United States,US,false,flexible,Private room,2011,1116.0,223.0,1,108,2019-06-06,2.23,1,4,225,,,Queens,true
6034998,"Penthouse Apt w/private roofdeck, NO cleaning fee",71002819580,unconfirmed,Ryan,Manhattan,East Village,40.72403,-73.97783,United States,US,false,strict,Entire home/apt,2012,160.0,32.0,2,1,2017-11-26,0.05,2,4,43,,,Manhattan,true
6035551,Large bedroom in Astoria/LIC area,68337898917,verified,Felicia,Queens,Long Island City,40.75328,-73.92244,United States,US,true,moderate,Private room,2003,1135.0,227.0,1,5,2015-07-28,0.1,3,1,369,,,Queens,true
6036103,Prime Williamsburg Location,2262501486,verified,Robert,Brooklyn,Williamsburg,40.7196,-73.95599,United States,US,true,moderate,Entire home/apt,2008,1056.0,211.0,1,6,2016-08-28,0.13,5,1,269,- Respect your neighbors and the living space - Check out by 11am - Check in between 3pm & 7pm,,Brooklyn,true
6036655,"Private Room, Bath & Terrace on UWS",2500204289,verified,Zack,Manhattan,Upper West Side,40.80016,-73.96448,United States,US,false,flexible,Private room,2017,417.0,83.0,2,24,2018-06-22,0.5,1,1,375,"I have no doubt you will be respectful of the space but there are a few things we ask of you: 1. No smoking 2. The speakers aren't working so please don't try to reassemble them 3. Please no makeup on the towels (unfortunately, stained towels have to be replaced with a charge) 4. No parties (in an old building, the walls are thin so we need to be respectful of the neighbors) 5. Please try to clean up after yourself (old food in the fridge, etc.)",,Manhattan,true
6037207,"1BR with Roof, Balcony, best 'hood!",7565053705,unconfirmed,Peter,Brooklyn,Greenpoint,40.73006,-73.95694,United States,US,false,moderate,Entire home/apt,2012,495.0,99.0,1,1,2015-07-03,0.02,2,1,70,,,Brooklyn,true
6037760,"Large room, cozy, 15min Manhattan",48153865319,verified,Hana,Brooklyn,Clinton Hill,40.68409,-73.96531,United States,US,true,strict,Private room,2005,819.0,164.0,1,1,2015-07-03,0.02,1,1,211,Please no parties. I ask that people be conscious of the white carpet and white leather couches.,,Brooklyn,true
6038312,Cozy apt in lively Carroll Gardens,74801691296,unconfirmed,Carlotta,Brooklyn,Carroll Gardens,40.68151,-73.99285,United States,US,false,moderate,Entire home/apt,2013,782.0,156.0,5,3,2016-12-27,0.06,3,1,250,"WHEN BOOKING, PLEASE PROVIDE THE FOLLOWING IN YOUR MESSAGE to me:  - 1. Total number of guests (adults, children, babies)? Are there any elderly or children under 18? If so, what are their ages?  - 2. Arrival Date AND Time of Check In? (Check In between 2 pm and 9 pm with some leniency)  - 3. Departure Date (Check out before 12 pm/noon ideally)  - 4. Please tell me a little about yourselves and the purpose of your trip.  - 5. What Other Needs or Special Requests or Extra Options (please read below for additional options and possible related additional fees).  ------  PLEASE NOTE THE FOLLOWING BEFORE REQUESTING A BOOKING:  * I will reply as soon as possible to let you know if my apartment will be available for ALL your needs.  - 1. We are happy to host Friendly, Neat, Low-Maintainence Adults & Well-Behaved Children.  ---- All cookware and utensils in the kitchen are at your disposal. There will be water (brita) and basic condiments provided for you. We ask that you rinse whatever dishes",,Brooklyn,true
6038864,Private Room in Very Convenient Location,51428772796,unconfirmed,Sarah,Manhattan,Harlem,40.81398,-73.95213,United States,US,true,strict,Private room,2011,456.0,91.0,1,142,2019-06-21,4.22,2,1,1,No parties. No loud music or noise late at night. No guests in the apartment. No smoking.,,Manhattan,true
6039417,Room for rent shared bathroom,6634910359,verified,Eudelia,Brooklyn,Bedford-Stuyvesant,40.68682,-73.92019,United States,US,false,flexible,Private room,2009,557.0,111.0,1,0,,,5,1,111,No Smoking.  No pets except by special arrangement.   Please keep reasonably quiet when in the apartment/building--this is a quiet and densely populated neighborhood. Please DO NOT leave trash on the street.  Separate recycling. Contact me if trash needs to be removed during your stay. The maple & cherry furniture is made in Boston.  Please be nice to it (wipe & dry with sponge any food..don't drip hot wax..).  Also say what you like about it in your review (-:  if you like it follow @treeturn on instagram!,,Brooklyn,true
6039969,*SKYTRAIN* Studio Loft Apartment - Great Space!,15776313211,unconfirmed,Juliana,Manhattan,Upper West Side,40.78201,-73.98379,United States,US,false,strict,Entire home/apt,2009,110.0,22.0,30,9,2019-04-30,0.24,1,34,253,"No pet, No smoking - Quite hours : 9pm - 8am ",,Manhattan,true
6040521,*TERRA GARDEN* 1 Bedroom Garden Apartment,67984530373,verified,Juliana,Manhattan,Upper West Side,40.7818,-73.98483,United States,US,true,flexible,Entire home/apt,2009,196.0,39.0,30,7,2018-10-31,0.19,3,34,22,"No smoking please, no pets to protect our hardwood floors. Children under 18 to be supervised at all times. Each bedroom accommodates 2 people",,Manhattan,true
6041074,Cozy Brooklyn Room W/ Skylight,91539236462,unconfirmed,Laramie,Brooklyn,Bushwick,40.69054,-73.91446,United States,US,false,strict,Private room,2018,686.0,137.0,13,20,2019-06-26,0.41,5,8,101,,,Brooklyn,true
6041626,Great for a family of 4!,37756282469,unconfirmed,Kobi,Manhattan,Washington Heights,40.85183,-73.94022,United States,US,false,moderate,Entire home/apt,2022,1113.0,223.0,1,0,,,1,1,112,"- 1.Guest(s) agree to NO PARTIES anywhere on the property. Legal action will be taken for parties that cause damages to the unit, property, reputation, or relationship with building staff or other residents.  2.Smoking of any kind is not permitted in the unit or on the premises. Fee for smoking will be 10 times your total reservation cost. For example, your total reservation cost is $350. Fee for smoking on premises will be $3,500. 3.Guests agree to abide by maximum occupancy of unit, and observe quiet hours between 9pm and 9am  4.Guests are responsible for action of ALL GUESTS occupying their unit at all times.  5.Guests agree to return all keys, remotes. Replacement fees may apply for unreturned items  6.Guests understand that onsite building staff (maintenance and concierge) are not affiliated with AIRBNB. Please contact me directly for any needed items.  7.Guests understand that no pets are to be in the unit.  8.Guests agree to pay replacement cost for any unreturned items, and $14",,Manhattan,true
6042178,"Perfect for Cat, Book, Park Lovers!",17949645201,verified,Laura,Brooklyn,Flatbush,40.65371,-73.95623,United States,US,true,flexible,Entire home/apt,2012,400.0,80.0,2,12,2015-12-19,0.25,1,1,0,No smoking in the unit or in the building (strict).  There will be a $450 fine for smoking in the unit or in the building. No open flame. No pets. Please respect your neighbors and keep the noise down after 10pm.   There is a $50 fee for lost keys.,,Brooklyn,true
6042730,Private Room in large 2 bedroom apt,69315612330,verified,David,Queens,Forest Hills,40.724,-73.84962,United States,US,true,flexible,Private room,2005,1006.0,201.0,3,1,2015-08-31,0.02,1,1,215,#NAME?,,Queens,true
6043283,A Perfect Midtown Studio (24/hr Doorman),71688182742,unconfirmed,Matt,Manhattan,Midtown,40.7544,-73.97345,United States,US,true,moderate,Entire home/apt,2009,388.0,78.0,2,25,2018-11-19,0.51,3,1,342,#NAME?,,Manhattan,true
6043835,Cozy Gem in Harlem Close to ALL!,88482498445,unconfirmed,Maritza,Manhattan,East Harlem,40.79243,-73.93952,United States,US,false,moderate,Entire home/apt,2021,260.0,52.0,2,1,2015-08-13,0.02,1,1,279,"Sorry, but no pets or smoking.",,Manhattan,true
6044387,Spanish Harlem with terrace.,17669809925,unconfirmed,Ingrid,Manhattan,East Harlem,40.79229,-73.94962,United States,US,true,moderate,Private room,2004,291.0,58.0,2,142,2018-12-16,3.05,3,1,414,,,Manhattan,true
6044940,3BR Gramercy Apt in heart of NYC,59749079462,verified,Alissa,Manhattan,Kips Bay,40.73912,-73.9825,United States,US,false,strict,Entire home/apt,2007,427.0,85.0,1,0,,,5,1,368,"We only ask that you have a ton of fun, and that you leave our place exactly how you found it when you got there :)",,Manhattan,true
6045492,NO LONGER AVAILABLE,38729751923,verified,Dominque,Manhattan,Harlem,40.81161,-73.94306,United States,US,false,flexible,Shared room,2016,406.0,81.0,1,0,,,4,1,281,,,Manhattan,true
6046044,"Discount! Mins to SOHO -Cozy, Good Sized Bedroom",93968287670,verified,Kandee,Manhattan,Lower East Side,40.71947,-73.99327,United States,US,true,flexible,Private room,2005,562.0,112.0,1,2,2016-09-23,0.04,4,3,368,Please respect our neighbors and keep noise to a minimum.,,Manhattan,true
6046597,Tranquility On Riverside,22278210133,verified,Byron,Manhattan,Harlem,40.82416,-73.95306,United States,US,true,strict,Private room,2011,1185.0,237.0,1,11,2019-05-29,0.25,4,3,286,"• Check-in time is 4PM. • No parties or events • Not suitable for pets • No smoking No parties, no outside visitors and no overnight quests without prior approval Do not engage in illegal activities anywhere on the property Please do not leave out any food that will attract uninvited pests Please no smoking   We trust you will be a courteous guest.  Please feel free to write us with any questions or requests.",,Manhattan,true
6047149,A Serene NYC Skyline Room w Breakfast!,37978937670,verified,Ota,Brooklyn,Bushwick,40.69347,-73.90703,United States,US,false,moderate,Private room,2007,780.0,156.0,30,2,2018-07-06,0.04,5,6,421,NO Smoking. No Pets.,,Brooklyn,true
6047701,Big 1 Bedroom Brooklyn Ditmas Park,44533854808,unconfirmed,Mel,Brooklyn,Flatbush,40.63504,-73.96603,United States,US,false,flexible,Private room,2005,577.0,115.0,3,173,2019-06-25,3.52,3,1,392,No Smoking No Pets,,Brooklyn,true
6048253,"Beautiful Cute Studio, Fort Greene",87127860355,unconfirmed,Jessica,Brooklyn,Fort Greene,40.6873,-73.97225,United States,US,true,moderate,Entire home/apt,2008,386.0,77.0,2,1,2015-08-24,0.02,1,1,388,Don't disturb neighbors. Don't break things or leave a mess. Enjoy.,,Brooklyn,true
6048806,1 Bedroom in Prime Williamsburg,85335405136,unconfirmed,,Brooklyn,Williamsburg,40.71838,-73.9563,United States,US,false,strict,Entire home/apt,2013,971.0,194.0,1,0,,,3,1,373,"Please enjoy your stay in my home and note the following house rules: - NO smoking anywhere in the apartment or building -Trash can be left in front of the building anytime after 5pm on Sunday or Thursday nights.  All trash must be in a white trash bag (bags line the kitchen trash can and extras are under the counter to the left of the stove) -NO pets - Please do not eat any food from the refridgerator or cabinets (you may help yourself to cooking basics like salt, pepper, oil, etc) -Please clean any dishes that you use (or load them into the dish washer) -Please be respectful of our neighbors in the building -Please remove your shoes when you enter the apartment",,Brooklyn,true
6049358,Huge Loft - Heart of Williamsburg,83359846384,unconfirmed,Gabriel,Brooklyn,Williamsburg,40.7166,-73.96379,United States,US,false,moderate,Entire home/apt,2021,518.0,104.0,2,0,,,3,1,412,#NAME?,,Brooklyn,true
6049910,The Most Efficient Efficiency Ever,45601026524,unconfirmed,Greg,Brooklyn,Williamsburg,40.70458,-73.94095,United States,US,false,strict,Entire home/apt,2012,719.0,144.0,2,15,2019-07-01,0.31,2,1,210,NO Smoking.  NO Pets.,,Brooklyn,true
6050463,Beautiful apartment in awesome Clinton Hill!,18401849962,unconfirmed,Xristina&Keith,Brooklyn,Bedford-Stuyvesant,40.69213,-73.95869,United States,US,true,moderate,Entire home/apt,2011,61.0,12.0,15,5,2019-05-20,0.26,4,1,421,"No smoking. No pets. Children under 18 to be supervised at all times. More than 6 people can be accommodated if communicated in advance.  Please be respectful on the roof - quiet time after 10pm would be greatly appreciated.  This is a historic Victorian on three levels.  There is no elevator in the building or inside so please note if you have mobility issues.  Please strip all beds, except for mattress cover and place in 3rd floor bathroom along with all dirty/wet towels.  Please wash and put away all dishes.  If necessary, make sure the dishwasher is loaded and started before you leave.  Laundry is in the basement, if locked, please use the front door key.  Please ALWAYS leave your keys before you leave.  Lock the door on your way out by turning the button on the inside lock. Please ensure all trash is put in the designated recycle and landfill trash barrels.  There are extra bags in the kitchen closet.",,Brooklyn,true
6051015,Manhattan at its best! Trendy area,94766740970,verified,Enrica,Manhattan,Harlem,40.80418,-73.95513,United States,US,false,flexible,Private room,2018,845.0,169.0,1,3,2015-08-21,0.06,3,1,387,No smoking. No party. Clean.,,Manhattan,true
6051567,Perfect UES; steps from Park Ave,5115705370,unconfirmed,Robert,Manhattan,Upper East Side,40.76425,-73.96811,United States,US,true,moderate,Entire home/apt,2020,276.0,55.0,7,26,2019-06-30,0.54,2,1,55,No Smoking No Pets,,Manhattan,true
6052120,Must Love Dogs / Bushwick Brooklyn,22301937174,unconfirmed,Ange,Brooklyn,Bushwick,40.68802,-73.91474,United States,US,false,flexible,Private room,2013,833.0,167.0,2,4,2019-06-01,0.19,5,1,407,"Don't make noise in apt after 10pm. keep doors locked after you leave apt, wash dishes within 24 hrs. No smoking, please. I only ask that you treat my home as you would treat your own! When leaving the apartment, please always lock the top lock on the door. Please shut off all the lights, AC unit, TV, etc. before you leave. If you open windows, please close and lock them before you leave the apartment. Please take your shoes off inside apartment  Please stack the dishes in the dish rack to the left of the sink.",,Brooklyn,true
6052672,Sunny studio in the Upper East Side,16962195392,verified,Allie,Manhattan,Upper East Side,40.77138,-73.94809,United States,US,true,moderate,Entire home/apt,2019,492.0,98.0,14,2,2017-09-16,0.06,5,1,350,"Please Note: This unit was just renovated last year and it comfortably accommodates 6 guests, but up to 8 guests are permitted (two guests in each bedroom, 1 guest on each twin bed, and 1 guest on the available queen size air mattress). Please request an air mattress (if needed) when making a reservation. No smoking, no pets, no parties, and must be 25 years old to book.   For check-out, please ensure: -  All plates and cups are left in the sink or dishwasher -  All trash is left in the kitchen trash can or bagged and left next to the trash can (additional bags are under the sink) -  All windows are closed and locked -  If used, the air mattresses are deflated and put away (please leave used linens for the air mattresses on the floor) -  If furniture was moved during your stay, please return to its original location Please be mindful to our neighbors in the building; quiet hours after 10pm. Please be considerate of our next guests who will be staying after you, if something is broken o",,Manhattan,true
6053224,15 min walk to Prospect Park!,7531683987,verified,Keith,Brooklyn,Prospect-Lefferts Gardens,40.65887,-73.94882,United States,US,true,flexible,Private room,2013,1123.0,225.0,6,1,2015-09-17,0.02,5,1,15,,,Brooklyn,true
6053776,Near Columbia University,16956698846,unconfirmed,Tao,Manhattan,Morningside Heights,40.81514,-73.95954,United States,US,false,strict,Private room,2018,316.0,63.0,1,0,,,2,1,374,Please respect the quiet in the building. Very small dogs with kennels allowed. Condo does not have a crib and is not baby-proof.,,Manhattan,true
6054329,Studio with East River View,8859277259,verified,Markus,Manhattan,East Harlem,40.78551,-73.94167,United States,US,true,moderate,Entire home/apt,2021,82.0,16.0,3,4,2016-06-15,0.1,3,1,206,#NAME?,,Manhattan,true
6054881,Charming UWS 1-bedroom w/loft,1922380296,verified,Louise,Manhattan,Upper West Side,40.77828,-73.9764,United States,US,false,moderate,Entire home/apt,2006,955.0,191.0,3,1,2017-03-20,0.04,5,1,217,#NAME?,,Manhattan,true
6055433,Whole Apartment - Beautiful Sunny Studio,2128045740,verified,Doug,Brooklyn,Crown Heights,40.67627,-73.94775,United States,US,true,strict,Entire home/apt,2021,1014.0,203.0,4,5,2018-07-23,0.1,3,1,116,,,Brooklyn,true
6055986,Furnished room in Astoria apartment,19867591692,verified,Kathrine,Queens,Astoria,40.7681,-73.91651,United States,US,false,strict,Private room,2006,212.0,42.0,100,2,2016-02-13,0.04,3,1,233,"The studio is located in a smoke-free, no pets building. Kindly refrain from smoking any substances on the premises, and please leave your fur-babies with a sitter.",,Queens,true
6056538,Luxury Apt 10mins Manhattan,89164246109,verified,Joo,Queens,Long Island City,40.74406,-73.94504,United States,US,true,flexible,Entire home/apt,2019,541.0,108.0,4,4,2015-10-17,0.09,4,1,380,"No smoking permitted, no pets.",,Queens,true
6057090,Cozy & Zen Manhattan Soho Studio,37765401458,verified,Yann,Manhattan,SoHo,40.72745,-74.0027,United States,US,true,flexible,Entire home/apt,2020,1093.0,219.0,6,61,2019-06-07,1.27,5,1,105,"This is a non-smoking building. Absolutely no smoking of any kind is permitted. Please respect that this is a quiet, peaceful building; please keep the volume of voice and television at a reasonable level. No pets, please.",,Manhattan,true
6057643,Warm Cozy Manhattan Studio,94897916568,unconfirmed,Patricia,Manhattan,Midtown,40.74379,-73.98795,United States,US,false,moderate,Entire home/apt,2006,1175.0,235.0,3,22,2019-06-21,0.45,4,1,150,,,Manhattan,true
6058195,Chelsea Square Apartment,64827430601,verified,Curtis,Manhattan,Chelsea,40.74613,-74.00468,United States,US,true,flexible,Entire home/apt,2009,1022.0,204.0,1,0,,,3,1,118,,,Manhattan,true
6058747,Four stops to Manhattan!,38360876748,verified,Donna,Brooklyn,Crown Heights,40.67259,-73.95831,United States,US,false,moderate,Private room,2011,1177.0,235.0,2,155,2019-06-22,3.17,5,1,130,"Building is quite, so that's the expectation.",,Brooklyn,true
6059299,Upper East Side - 1 Bedroom Queen,28301379386,verified,Dani,Manhattan,Upper East Side,40.77734,-73.95779,United States,US,false,moderate,Shared room,2011,151.0,30.0,7,0,,,4,1,188,"Please Note: This unit was just renovated in May 2015 and it comfortably accommodates 4 guests, but up to 5 guests are permitted if you so desire (two guests in each bedroom and 1 guest on the available air mattress). Please request an air mattress (if needed) when making a reservation. No smoking, no pets, no parties, and must be 25 years old to book.   For check-out, please ensure: -  All plates and cups are left in the sink or dishwasher -  All trash is left in the kitchen trash can or bagged and left next to the trash can (additional bags are under the sink) -  All windows are closed and locked -  If used, the air mattresses are deflated and put away (please leave used linens for the air mattresses on the floor) -  If furniture was moved during your stay, please return to its original location Please be mindful to our neighbors in the building; quiet hours after 10pm. Please be considerate of our next guests who will be staying after you, if something is broken or needs fixing, ple",,Manhattan,true
6059852,Gorgeous Garden Apt Steps To Park,70340369734,unconfirmed,Steve,Brooklyn,Prospect-Lefferts Gardens,40.65703,-73.95964,United States,US,false,flexible,Entire home/apt,2018,1176.0,235.0,1,2,2015-08-10,0.04,4,1,113,"Absolutely no smoking, indoors or outdoors. No pets.",,Brooklyn,true
6060404,Relaxing bedroom in 6br apartment,61210811059,unconfirmed,John,Brooklyn,Bushwick,40.69034,-73.91666,United States,US,true,strict,Private room,2021,70.0,14.0,1,1,2015-07-28,0.02,1,1,73,"Overall please treat the apartment as you would you own home, Keeping it as clean and tidy as you found it.  Please clean up before checking out. Any major clean-up service required may be deducted from the deposit.  No Loud / Large Parties. Quiet hours are 11pm till 9am Please include the number of people who will be staying before you reserve this apartment. No extra guests other than the maximum 2 allowed who booked  All smoking should be done outside, as this is a smoke free environment.",,Brooklyn,true
6060956,W.B. Spacious Contemporary Living 3,79954723919,unconfirmed,Glender,Brooklyn,Bushwick,40.6969,-73.93435,United States,US,false,moderate,Private room,2005,995.0,199.0,2,46,2019-05-07,0.94,2,3,373,,,Brooklyn,true
6061509,Cozy Bedroom in Renovated Harlem Apartment,75674201040,unconfirmed,Delesia,Manhattan,Harlem,40.81435,-73.94588,United States,US,false,strict,Private room,2015,323.0,65.0,2,1,2016-07-20,0.03,3,1,106,,,Manhattan,true
6062061,Giant Sunny East Williamsburg LOFT!,51245234505,verified,Kim,Brooklyn,Williamsburg,40.71351,-73.92999,United States,US,true,strict,Entire home/apt,2018,821.0,164.0,4,40,2019-06-20,0.83,3,1,93,,,Brooklyn,true
6062613,Beautiful convenient Brooklyn loft,50136759897,verified,Linda,Brooklyn,Williamsburg,40.70711,-73.95136,United States,US,true,strict,Entire home/apt,2011,446.0,89.0,3,5,2016-12-14,0.11,5,1,201,"No smoking, please.",,Brooklyn,true
6063166,Private room in sunny apt.,25472067516,unconfirmed,Simona,Brooklyn,Williamsburg,40.71688,-73.94162,United States,US,false,strict,Private room,2014,573.0,115.0,2,18,2019-05-20,0.37,4,1,192,,,Brooklyn,true
6063718,Mid Century Beauty In East Village,30197349609,verified,Wendy,Manhattan,East Village,40.72795,-73.98503,United States,US,false,flexible,Entire home/apt,2011,590.0,118.0,5,0,,,5,1,103,,,Manhattan,true
6064270,Nice and Cozy Room,6402191466,verified,Melissa,Manhattan,East Village,40.72294,-73.9857,United States,US,true,flexible,Private room,2006,271.0,54.0,1,0,,,4,1,237,,,Manhattan,true
6064822,♡Private Rm/Women's Safe Art Home♡,27646270360,unconfirmed,Sarah,Brooklyn,Bedford-Stuyvesant,40.68411,-73.93208,United States,US,false,flexible,Private room,2021,618.0,124.0,1,4,2015-10-07,0.08,3,3,38,No Smoking No Pets,,Brooklyn,true
6065375,Loft rental off of Graham!,24747380997,unconfirmed,Frances,Brooklyn,Williamsburg,40.71303,-73.94063,United States,US,false,strict,Entire home/apt,2014,942.0,188.0,7,2,2016-08-23,0.04,2,1,374,,,Brooklyn,true
6065927,LG Bright Apartment,10408461200,verified,Katie,Manhattan,Morningside Heights,40.80481,-73.96375,United States,US,false,strict,Private room,2008,129.0,26.0,21,4,2018-01-06,0.09,4,1,313,#NAME?,,Manhattan,true
6066479,"Safe,quiet,cozy,Washington Hts Apt",92398842230,verified,Lynn,Manhattan,Washington Heights,40.84454,-73.94188,United States,US,true,flexible,Private room,2020,412.0,82.0,1,0,,,4,1,44,,,Manhattan,true
6067032,Charming One Bedroom in UES!,68483693139,unconfirmed,Mira,Manhattan,Upper East Side,40.7688,-73.9535,United States,US,false,flexible,Private room,2020,743.0,149.0,1,0,,,3,1,92,No pets. No smoking. Please :),,Manhattan,true
6067584,Near Central Park & Grand Central,78730248999,unconfirmed,Steve,Manhattan,Midtown,40.7587,-73.96705,United States,US,true,flexible,Private room,2017,853.0,171.0,2,17,2019-04-28,0.55,4,1,348,Please know you will be living with others and must be courteous and respectful.,,Manhattan,true
6068136,Best Location near Columbia U,3895711649,verified,Mifan,Manhattan,Morningside Heights,40.80395,-73.96531,United States,US,true,moderate,Private room,2014,234.0,47.0,3,3,2015-08-17,0.06,1,2,65,,,Manhattan,true
6068689,Sunny - Large Two Bedroom,82828865010,verified,Be,Manhattan,Upper East Side,40.78402,-73.94974,United States,US,true,flexible,Entire home/apt,2008,673.0,135.0,2,94,2019-06-23,2.16,1,1,384,No pets. No smoking. Please :),,Manhattan,true
6069241,LIGHTFILLED ONE BEDROOM LOFT,2203652135,unconfirmed,Sarah,Brooklyn,Bedford-Stuyvesant,40.69039,-73.95947,United States,US,false,strict,Entire home/apt,2008,1086.0,217.0,2,4,2017-10-29,0.08,1,1,142,,,Brooklyn,true
6069793,"Custom Designed Cozy Garden Apt,",7756381071,unconfirmed,Jean&  Toney,Brooklyn,Canarsie,40.64574,-73.90781,United States,US,false,flexible,Entire home/apt,2004,203.0,41.0,7,0,,,4,3,95,"- Absolutely no smoking in, on or near the property, not suitable for children under 16 years of age.",,Brooklyn,true
6070345,Beautiful Private Room,47602000155,verified,Christina,Brooklyn,East New York,40.6724,-73.88118,United States,US,false,moderate,Private room,2009,533.0,107.0,20,29,2019-03-30,0.59,4,3,309,No pets. No smoking. Please :),,Brooklyn,true
6070898,Sublet entire apt in Brooklyn,83573592009,unconfirmed,Laszlo Jakab,Brooklyn,Brooklyn Heights,40.69382,-73.99334,United States,US,true,moderate,Entire home/apt,2004,557.0,111.0,7,1,2015-06-29,0.02,4,1,299,No smoking in the unit or in the building (strict).  There will be a $450 fine for smoking in the unit or in the building. No open flame. No pets. Please respect your neighbors and keep the noise down after 10pm.   There is a $50 fee for lost keys.  NO CHECK IN AFTER 11PM -the doorman leaves at 11pm so I can not get you keys after this time.,,Brooklyn,true
6071450,Our beautiful apt in Fort Greene,24905918838,unconfirmed,Rebecca,Brooklyn,Fort Greene,40.69276,-73.97061,United States,US,true,strict,Entire home/apt,2013,679.0,136.0,3,3,2019-06-30,0.06,2,1,92,,,Brooklyn,true
6072002,Charming & Modern One Bedroom in BK,84262071868,unconfirmed,Israel,Brooklyn,Clinton Hill,40.68524,-73.9607,United States,US,false,moderate,Entire home/apt,2020,893.0,179.0,3,125,2019-06-25,2.6,2,1,133,No Smoking.  No pets except by special arrangement.   Please keep reasonably quiet when in the apartment/building--this is a quiet and densely populated neighborhood. Please DO NOT leave trash on the street.  Separate recycling. Contact me if trash needs to be removed during your stay.,,Brooklyn,true
6072555,Prime West Village w/Outdoor Patio,90853100801,unconfirmed,Drew,Manhattan,West Village,40.73669,-74.00375,United States,US,false,moderate,Entire home/apt,2006,1098.0,220.0,3,5,2016-05-15,0.1,5,1,364,,,Manhattan,true
6073107,Beautiful Brooklyn Brownstone,68582965292,verified,Megan,Brooklyn,Bedford-Stuyvesant,40.6811,-73.95275,United States,US,true,moderate,Private room,2004,441.0,88.0,1,0,,,2,1,-6,"Use of all of kitchen except gas stove/oven. There is a microwave, sink, plates and all other basic kitchen utensils. No fire or lit candles.",,Brooklyn,true
6073659,Airy Living Room | 15 min. to GC,9598659400,verified,Sarah,Queens,Sunnyside,40.74439,-73.92163,United States,US,false,moderate,Shared room,2021,690.0,138.0,1,1,2015-06-28,0.02,5,2,326,"Please remember that this is a residential building. The building rules, apartment occupancy restrictions, and the year-round tenants must be respected. There is no smoking allowed in the apartments and significant fees will take place if occurs.",,Queens,true
6074212,NO FEE RENTAL *Lease Takeover Modern Apt Downtown,60627453207,verified,Monica,Manhattan,Financial District,40.70809,-74.0017,United States,US,true,strict,Entire home/apt,2008,856.0,171.0,1,0,,,3,1,286,"Please don't fiddle around with my stuff or annoy the neighbors.  I don't charge a cleaning fee, please strip the bed of the sheets and leave all used towels in the bath tub. Thanks.",,Manhattan,true
6074764,1 bdr in the heart of Harlem,31012769204,verified,Jonathan,Manhattan,Harlem,40.81054,-73.94447,United States,US,true,flexible,Private room,2016,816.0,163.0,1,0,,,3,1,161,Absolutely no smoking in or around apartment. This includes entry way and entire Anderson Place lane. Unfortunately we are not allowed to accept children under 16.,,Manhattan,true
6075316,Large 1Br Apt + Balcony in LES!,59240106692,unconfirmed,Elena,Manhattan,Lower East Side,40.72115,-73.98308,United States,US,false,strict,Entire home/apt,2008,162.0,32.0,5,1,2015-09-16,0.02,2,1,133,,,Manhattan,true
6075868,Clean & Cozy- Private Room by Park and Subway!,33983881137,verified,Jayanthi,Brooklyn,Flatbush,40.65452,-73.9596,United States,US,false,flexible,Private room,2020,605.0,121.0,2,55,2018-06-14,1.12,5,1,192,,,Brooklyn,true
6076421,BROWNSTONE DUPLEX HUGE 1 BEDROOM,22326090286,unconfirmed,Irving,Brooklyn,Bedford-Stuyvesant,40.68302,-73.94232,United States,US,false,moderate,Entire home/apt,2017,866.0,173.0,5,25,2019-06-03,0.53,3,2,301,NO Smoking.,,Brooklyn,true
6076973,Amazing room in uptown Manhattan,95831271296,unconfirmed,Boris,Manhattan,Washington Heights,40.85008,-73.94277,United States,US,true,strict,Private room,2014,705.0,141.0,2,95,2019-07-06,1.96,3,1,234,No Smoking Allowed.  Cats Welcome With Fee.,,Manhattan,true
6077525,Comfy room close to Columbia,83121548580,unconfirmed,Francisco,Manhattan,Morningside Heights,40.81142,-73.95978,United States,US,true,strict,Private room,2016,440.0,88.0,4,5,2018-01-02,0.1,1,1,290,"House Rules 1. Check-in is 4 pm local time. If the unit is ready earlier, we’ll let you know. Check-out is normally 11 am local time, but we’d be happy to extend it as long as we don’t have a cleaning scheduled. Just let us know.  2. All bookings require a security deposit of at least $300, which will be refunded within 7 days of your check-out. 3. For security measures we require all guests to provide proof of identification through ID verification on our own website. In order to check in we'll need a photo of your ID.  4. Our cancellation policy is as shown on our ad and defined by the site you are booking through.  5. Don’t let $300 go up in smoke. There's no smoking allowed in any Flatbook and a $300 fine for breaking this rule.  6. Unfortunately we don’t allow pets in any of our apartments. 7. Unless you’re staying in one of our specialty apartments, we don’t allow parties or excessive noise. 8. If we find the place very messy, we have to charge an extra $40 for every extra hour o",,Manhattan,true
6078078,Furnished Bedroom in 2 Bedroom apt.,43698780331,verified,Etkin,Queens,Long Island City,40.756,-73.9205,United States,US,true,flexible,Private room,2021,1049.0,210.0,7,0,,,4,1,34,,,Queens,true
6078630,"Elegant 1BR, Private Bath in Brownstone",37385825013,verified,Emily And Joel,Brooklyn,Park Slope,40.6688,-73.97865,United States,US,false,flexible,Private room,2013,985.0,197.0,1,184,2019-02-10,3.86,4,4,407,NO Smoking,,Brooklyn,true
6079182,park slope duplex with yard,18572370488,verified,Liz,Brooklyn,Park Slope,40.67792,-73.98035,United States,US,true,moderate,Private room,2015,696.0,139.0,1,0,,,3,1,129,,,Brooklyn,true
6079735,Sunny 1BR on UES.,12171515616,verified,Vitaly,Manhattan,Upper East Side,40.77098,-73.95034,United States,US,true,flexible,Entire home/apt,2011,816.0,163.0,1,76,2019-06-23,1.61,2,1,79,,,Manhattan,true
6080287,Bright spacious 1BR w high ceilings,39863828636,verified,James,Manhattan,Upper West Side,40.7855,-73.97642,United States,US,true,strict,Entire home/apt,2015,636.0,127.0,1,0,,,3,1,380,,,Manhattan,true
6080839,2BR apt. in converted church with large terrace,38845651458,verified,Annika,Brooklyn,Cobble Hill,40.68836,-73.99763,United States,US,true,flexible,Entire home/apt,2016,797.0,159.0,6,6,2018-10-27,0.13,5,1,89,,,Brooklyn,true
6081391,Couch or space in shared apartment,95400690951,unconfirmed,Lisa,Manhattan,East Village,40.72815,-73.97598,United States,US,true,flexible,Shared room,2014,220.0,44.0,1,0,,,2,1,175,No Smoking No Pets No Parties No Loud Music,,Manhattan,true
6081944,NYC Chauncey 2 .20 min to manhattan,26326930315,verified,Michael,Brooklyn,Bedford-Stuyvesant,40.68237,-73.91977,United States,US,false,flexible,Private room,2021,602.0,120.0,1,123,2019-03-17,2.95,2,4,200,NO Smoking Pets Allowed with a $375 non refundable pet fee.,,Brooklyn,true
6082496,Quiet Bushwick Bedroom,70937504498,verified,Stonie,Brooklyn,Bushwick,40.69289,-73.92312,United States,US,true,moderate,Private room,2016,524.0,105.0,1,3,2017-01-11,0.06,2,1,225,,,Brooklyn,true
6083048,Gigantic Private Brooklyn Apartment,55330806381,verified,Nikki,Brooklyn,Greenpoint,40.72442,-73.93957,United States,US,false,moderate,Entire home/apt,2015,694.0,139.0,10,2,2016-07-06,0.04,1,1,33,,,Brooklyn,true
6083601,Sunny & Spacious near Central Park,41624631525,verified,Guida,Manhattan,East Harlem,40.79674,-73.94449,United States,US,true,moderate,Private room,2016,177.0,35.0,5,4,2016-01-06,0.08,1,1,323,,,Manhattan,true
6084153,Alexander's 2BR Luxury Quarters,32736284559,verified,Juan,Brooklyn,Bedford-Stuyvesant,40.6874,-73.9383,United States,US,true,strict,Entire home/apt,2009,294.0,59.0,3,123,2019-06-26,2.53,4,1,203,,,Brooklyn,true
6084705,"Near LGA, Citifield, US Open Tennis",97606085736,verified,Carmen,Queens,East Elmhurst,40.76578,-73.86424,United States,US,false,strict,Private room,2013,609.0,122.0,1,209,2019-06-11,4.38,3,1,270,"House Rules 1. Check-in is 4 pm local time. If the unit is ready earlier, we’ll let you know. Check-out is normally 11 am local time, but we’d be happy to extend it as long as we don’t have a cleaning scheduled. Just let us know.  2. All bookings require a security deposit of at least $300, which will be refunded within 7 days of your check-out. 3. For security measures we require all guests to provide proof of identification through ID verification on our own website. In order to check in we'll need a photo of your ID.  4. Our cancellation policy is as shown on our ad and defined by the site you are booking through.  5. Don’t let $300 go up in smoke. There's no smoking allowed in any Flatbook and a $300 fine for breaking this rule.  6. Unfortunately we don’t allow pets in any of our apartments. 7. Unless you’re staying in one of our specialty apartments, we don’t allow parties or excessive noise. 8. If we find the place very messy, we have to charge an extra $40 for every extra hour o",,Queens,true
6085258,Bright Bedroom in Bustling Bed Stuy Brooklyn,17339949163,unconfirmed,Amber,Brooklyn,Bedford-Stuyvesant,40.68742,-73.92825,United States,US,false,flexible,Private room,2022,77.0,15.0,2,34,2019-07-01,0.7,5,3,299,"It is a residential building so all of the residential building rules apply and must be fallow. I have zero tolerance for parties, noise and smoking.",,Brooklyn,true
6085810,Private room in the best part of BK,4746552394,verified,Brad,Brooklyn,Crown Heights,40.66743,-73.94712,United States,US,false,flexible,Private room,2011,516.0,103.0,7,49,2019-06-01,1.01,2,1,425,No Smoking. Pets Allowed with fee.,,Brooklyn,true
6086362,1 BR apartment sublet.,15723384490,verified,Tassili,Manhattan,Harlem,40.80594,-73.95363,United States,US,true,flexible,Entire home/apt,2011,247.0,49.0,5,0,,,2,1,327,* No smoking indoors.  * No pets  * No loud/large parties.  * Please clean up before checking out. Any major clean-up service required may be deducted from the deposit.  * Guests staying longer than one week are responsible for keeping the space tidy. We provide cleaning supplies.  * Additional guests permitted for an extra charge per person per night (see price table).,,Manhattan,true
6086914,2 block walk from the beach in NYC,70051719594,verified,Vladimir,Queens,Arverne,40.5927,-73.7899,United States,US,false,strict,Entire home/apt,2010,566.0,113.0,2,89,2019-05-26,1.82,2,1,394,,,Queens,true
6087467,Williamsburg family home -3 bedroom,23540078751,verified,Lou,Brooklyn,Williamsburg,40.71558,-73.93926,United States,US,false,strict,Entire home/apt,2011,643.0,129.0,5,4,2016-03-27,0.08,5,1,157,* No smoking indoors.  * No pets  * No loud/large parties.  * Please clean up before checking out. Any major clean-up service required may be deducted from the deposit.  * Guests staying longer than one week are responsible for keeping the space tidy. We provide cleaning supplies.  * Additional guests permitted for an extra charge per person per night (see price table).,,Brooklyn,true
6088019,Patio Oasis in Upper East Side,41141109074,verified,Margaret,Manhattan,Upper East Side,40.77703,-73.94773,United States,US,true,strict,Entire home/apt,2003,208.0,42.0,4,8,2016-08-08,0.17,5,1,159,"- NO SMOKING (You'll have to do that outside if you smoke) - Please keep the house like you found it - Please don't leave a mess - Please don't leave things dirty. - If you use the bathroom, clean or wipe things down  - If you use the kitchen, please clean dishes and wipe things down as well - No guest allowed - you can meet friends at other venues - Shoes off in the apartment - please leave by the door. If you would like please bring some slippers. - Please keep things quiet after 10pm - If you smoke, you must go outside! NO smoking inside! (the full security deposit will be withheld if a guest smokes in the house) - If you cook, please turn the fan on. - Please use your common sense, and if you are not sure, ask... - Remember, this is my house - so please treat it with respect.",,Manhattan,true
6088571,Adorable One-Bed in Williamsburg!,20914678851,verified,Taylor,Brooklyn,Williamsburg,40.71687,-73.94656,United States,US,false,strict,Entire home/apt,2005,388.0,78.0,1,66,2019-06-16,1.35,2,1,352,"• Check-in time is 2PM. Check-out time is 11am (Unless discussed)  • Not suitable for pets • No smoking Keep it clean. No smoking Voices kept low in the hallways If neighbors come by due to noise complaints/partying please turn it down. Beer Pong must be played with water in the play cups. (This is a cardinal rule, if violated will result in a negative review) Please be courteous to all the neighbors and practice common sense. If there are additional guests after midnight they will count towards the extra guest fee. Cost of Damages: Lost Key ($250) Additional Cleaning Needed includes, sticky floors, excess trash, stained walls, etc($50/hr)",,Brooklyn,true
6089124,"Loft Space for Events, Meetings & Shoots",85557432222,unconfirmed,Kalin,Manhattan,Flatiron District,40.74068,-73.98999,United States,US,true,flexible,Entire home/apt,2016,618.0,124.0,1,177,2019-06-29,3.78,4,1,410,Keep the apartment clean and damage free please.,,Manhattan,true
6089676,Lrg room 1 block from Prospect Park,74549151787,unconfirmed,Dave,Brooklyn,Flatbush,40.65231,-73.96189,United States,US,false,flexible,Private room,2006,306.0,61.0,3,0,,,1,1,200,"House Rules 1. Check-in is 4 pm local time. If the unit is ready earlier, we’ll let you know. Check-out is normally 11 am local time, but we’d be happy to extend it as long as we don’t have a cleaning scheduled. Just let us know.  2. All bookings require a security deposit of at least $300, which will be refunded within 7 days of your check-out. 3. For security measures we require all guests to provide proof of identification through ID verification on our own website. In order to check in we'll need a photo of your ID.  4. Our cancellation policy is as shown on our ad and defined by the site you are booking through.  5. Don’t let $300 go up in smoke. There's no smoking allowed in any Flatbook and a $300 fine for breaking this rule.  6. Unfortunately we don’t allow pets in any of our apartments. 7. Unless you’re staying in one of our specialty apartments, we don’t allow parties or excessive noise. 8. If we find the place very messy, we have to charge an extra $40 for every extra hour o",,Brooklyn,true
6090228,Wonderful artists' loft in Brooklyn,9184535139,unconfirmed,Daniel,Brooklyn,Crown Heights,40.66673,-73.96127,United States,US,true,moderate,Entire home/apt,2003,250.0,50.0,1,0,,,1,1,276,#NAME?,,Brooklyn,true
6090781,Columbus Ave Apt 1 block from Park,50908010324,verified,Lawrence,Manhattan,Upper West Side,40.77408,-73.98181,United States,US,false,strict,Entire home/apt,2005,1139.0,228.0,5,17,2019-01-04,0.35,5,1,134,#NAME?,,Manhattan,true
6091333,3BR/1 Ba in TriBeCa w/ outdoor deck,53266862889,unconfirmed,Nick,Manhattan,Tribeca,40.71845,-74.01183,United States,US,false,moderate,Entire home/apt,2016,787.0,157.0,1,0,,,2,1,177,"Guests should treat my home as if it were their own. While my valuables are locked and kept away, I do ask that guests respect my private closet space and the items located within. Please, no smoking.",,Manhattan,true
6091885,"Welcoming, Clean, Cheap on St Marks",33188605074,verified,Felipe,Manhattan,East Village,40.72826,-73.98422,United States,US,true,strict,Private room,2017,1099.0,220.0,1,8,2015-09-06,0.16,4,2,152,* No smoking indoors.  * No pets  * No loud/large parties.  * Please clean up before checking out. Any major clean-up service required may be deducted from the deposit.  * Guests staying longer than one week are responsible for keeping the space tidy. We provide cleaning supplies.  * Additional guests permitted for an extra charge per person per night (see price table).,,Manhattan,true
6092437,Spare room in Williamsburg,12312296767,verified,Krik,Brooklyn,Williamsburg,40.70862,-73.94651,United States,US,false,flexible,Private room,2003,844.0,169.0,1,0,,,3,1,227,No Smoking No Parties or Events of any kind Please take out your shoes when you arrive. Remember you are not a tenant you are a Guest of the Host.,,Brooklyn,true
6092990,Best Location near Columbia U,77864383453,unconfirmed,Mifan,Manhattan,Morningside Heights,40.8046,-73.96545,United States,US,true,moderate,Private room,2016,837.0,167.0,1,1,2015-07-06,0.02,2,2,395,"House rules: Guests agree to the following terms and conditions 1.Guest(s) agree to NO PARTIES anywhere on the property. Legal action will be taken for parties that cause damages to the unit, property, reputation, or relationship with building staff or other residents.  2.Smoking of any kind is not permitted in the unit or on the premises.  3.Guests agree to abide by maximum occupancy of unit, and observe quiet hours between 9pm and 9am 4.Guests are responsible for action of ALL GUESTS occupying their unit at all times.  5.Guests agree to return all keys, remotes, and parking passes. Replacement fees may apply for unreturned items 6.Guests understand that onsite building staff (maintenance and concierge) are not affiliated with Jordan or AIRBNB. Please contact me directly for any needed items. 7.Guests understand that no pets are to be in the unit.  8.Guests agree to pay replacement cost for any unreturned items, and $125 per hour fee for unauthorized early checkin or late checkout.  11",,Manhattan,true
6093542,"Comfy, bright room in Brooklyn",69050334417,unconfirmed,Megan,Brooklyn,Park Slope,40.67505,-73.98045,United States,US,true,moderate,Private room,2009,988.0,198.0,3,0,,,5,1,342,,,Brooklyn,true
6094094,Big Studio-One Stop from Midtown,11160591270,unconfirmed,Christopher,Queens,Long Island City,40.74989,-73.93777,United States,US,true,strict,Entire home/apt,2015,546.0,109.0,2,5,2015-10-11,0.1,3,1,386,,,Queens,true
6094647,585 sf Luxury Studio,68170633372,unconfirmed,Rebecca,Manhattan,Upper West Side,40.76807,-73.98342,United States,US,false,flexible,Entire home/apt,2010,1032.0,206.0,1,0,,,3,1,69,,,Manhattan,true
